Date,TeaGrade,DemandKg,StockLevelKg,LowStockFlag,PricePerKgLKR,DeliveryDay,Month,DayOfWeek,DayOfYear,Quarter,IsWeekend,Warehouse
2021-01-01,BOP,370.3,9591.3,0,1845.52,1,1,4,1,1,0,Nuwara Eliya Main Warehouse
2021-01-01,BOPF,311.7,8450.5,0,1584.96,1,1,4,1,1,0,Nuwara Eliya Main Warehouse
2021-01-01,DUST,269.4,7224.4,0,1560.04,1,1,4,1,1,0,Nuwara Eliya Main Warehouse
2021-01-01,FNGS,198.5,5398.4,0,1465.32,1,1,4,1,1,0,Nuwara Eliya Main Warehouse
2021-01-01,OP,139.6,3589.5,0,2610.79,1,1,4,1,1,0,Nuwara Eliya Main Warehouse
2021-01-02,BOP,278.9,9606.0,0,1958.75,0,1,5,2,1,1,Nuwara Eliya Main Warehouse
2021-01-02,BOPF,252.1,8460.2,0,1682.72,0,1,5,2,1,1,Nuwara Eliya Main Warehouse
2021-01-02,DUST,212.8,7244.4,0,1533.29,0,1,5,2,1,1,Nuwara Eliya Main Warehouse
2021-01-02,FNGS,164.8,5400.5,0,1394.77,0,1,5,2,1,1,Nuwara Eliya Main Warehouse
2021-01-02,OP,102.9,3579.0,0,2849.01,0,1,5,2,1,1,Nuwara Eliya Main Warehouse
2021-01-03,BOP,246.7,9573.1,0,1836.87,0,1,6,3,1,1,Nuwara Eliya Main Warehouse
2021-01-03,BOPF,208.8,8447.9,0,1620.94,0,1,6,3,1,1,Nuwara Eliya Main Warehouse
2021-01-03,DUST,171.1,7257.1,0,1558.53,0,1,6,3,1,1,Nuwara Eliya Main Warehouse
2021-01-03,FNGS,152.8,5402.6,0,1337.85,0,1,6,3,1,1,Nuwara Eliya Main Warehouse
2021-01-03,OP,95.6,3597.9,0,2968.46,0,1,6,3,1,1,Nuwara Eliya Main Warehouse
2021-01-04,BOP,424.2,9534.7,0,1903.24,1,1,0,4,1,0,Nuwara Eliya Main Warehouse
2021-01-04,BOPF,368.0,8417.2,0,1560.28,1,1,0,4,1,0,Nuwara Eliya Main Warehouse
2021-01-04,DUST,315.0,7325.1,0,1393.38,1,1,0,4,1,0,Nuwara Eliya Main Warehouse
2021-01-04,FNGS,218.5,5417.4,0,1352.3,1,1,0,4,1,0,Nuwara Eliya Main Warehouse
2021-01-04,OP,162.3,3634.6,0,2789.22,1,1,0,4,1,0,Nuwara Eliya Main Warehouse
2021-01-05,BOP,407.2,9634.3,0,1911.66,0,1,1,5,1,0,Nuwara Eliya Main Warehouse
2021-01-05,BOPF,357.8,8411.1,0,1681.43,0,1,1,5,1,0,Nuwara Eliya Main Warehouse
2021-01-05,DUST,301.0,7361.1,0,1529.54,0,1,1,5,1,0,Nuwara Eliya Main Warehouse
2021-01-05,FNGS,249.3,5434.2,0,1363.0,0,1,1,5,1,0,Nuwara Eliya Main Warehouse
2021-01-05,OP,160.0,3615.6,0,2885.93,0,1,1,5,1,0,Nuwara Eliya Main Warehouse
2021-01-06,BOP,401.5,9729.1,0,1827.92,1,1,2,6,1,0,Nuwara Eliya Main Warehouse
2021-01-06,BOPF,376.3,8496.2,0,1656.12,1,1,2,6,1,0,Nuwara Eliya Main Warehouse
2021-01-06,DUST,309.5,7364.7,0,1586.09,1,1,2,6,1,0,Nuwara Eliya Main Warehouse
2021-01-06,FNGS,249.8,5446.4,0,1428.25,1,1,2,6,1,0,Nuwara Eliya Main Warehouse
2021-01-06,OP,161.8,3613.9,0,2875.9,1,1,2,6,1,0,Nuwara Eliya Main Warehouse
2021-01-07,BOP,430.5,9665.3,0,1809.35,0,1,3,7,1,0,Nuwara Eliya Main Warehouse
2021-01-07,BOPF,364.1,8491.5,0,1646.88,0,1,3,7,1,0,Nuwara Eliya Main Warehouse
2021-01-07,DUST,311.1,7425.4,0,1532.53,0,1,3,7,1,0,Nuwara Eliya Main Warehouse
2021-01-07,FNGS,221.9,5425.1,0,1394.43,0,1,3,7,1,0,Nuwara Eliya Main Warehouse
2021-01-07,OP,160.0,3651.3,0,2838.53,0,1,3,7,1,0,Nuwara Eliya Main Warehouse
2021-01-08,BOP,348.4,9745.7,0,1914.52,1,1,4,8,1,0,Nuwara Eliya Main Warehouse
2021-01-08,BOPF,290.0,8562.6,0,1655.61,1,1,4,8,1,0,Nuwara Eliya Main Warehouse
2021-01-08,DUST,255.4,7405.5,0,1529.11,1,1,4,8,1,0,Nuwara Eliya Main Warehouse
2021-01-08,FNGS,177.8,5433.7,0,1402.04,1,1,4,8,1,0,Nuwara Eliya Main Warehouse
2021-01-08,OP,124.8,3636.7,0,2841.8,1,1,4,8,1,0,Nuwara Eliya Main Warehouse
2021-01-09,BOP,245.2,9771.6,0,1821.58,0,1,5,9,1,1,Nuwara Eliya Main Warehouse
2021-01-09,BOPF,235.2,8573.0,0,1737.31,0,1,5,9,1,1,Nuwara Eliya Main Warehouse
2021-01-09,DUST,205.3,7419.4,0,1502.48,0,1,5,9,1,1,Nuwara Eliya Main Warehouse
2021-01-09,FNGS,152.4,5421.2,0,1393.49,0,1,5,9,1,1,Nuwara Eliya Main Warehouse
2021-01-09,OP,118.8,3649.5,0,2840.31,0,1,5,9,1,1,Nuwara Eliya Main Warehouse
2021-01-10,BOP,217.2,9814.5,0,1801.58,0,1,6,10,1,1,Nuwara Eliya Main Warehouse
2021-01-10,BOPF,174.8,8559.3,0,1727.26,0,1,6,10,1,1,Nuwara Eliya Main Warehouse
2021-01-10,DUST,152.5,7454.5,0,1597.68,0,1,6,10,1,1,Nuwara Eliya Main Warehouse
2021-01-10,FNGS,116.7,5409.5,0,1446.31,0,1,6,10,1,1,Nuwara Eliya Main Warehouse
2021-01-10,OP,83.2,3669.3,0,2742.35,0,1,6,10,1,1,Nuwara Eliya Main Warehouse
2021-01-11,BOP,358.5,9825.9,0,1813.39,1,1,0,11,1,0,Nuwara Eliya Main Warehouse
2021-01-11,BOPF,362.8,8634.2,0,1587.81,1,1,0,11,1,0,Nuwara Eliya Main Warehouse
2021-01-11,DUST,288.2,7483.4,0,1576.64,1,1,0,11,1,0,Nuwara Eliya Main Warehouse
2021-01-11,FNGS,233.4,5461.6,0,1401.19,1,1,0,11,1,0,Nuwara Eliya Main Warehouse
2021-01-11,OP,151.8,3706.0,0,2835.72,1,1,0,11,1,0,Nuwara Eliya Main Warehouse
2021-01-12,BOP,375.0,9847.0,0,1821.76,0,1,1,12,1,0,Nuwara Eliya Main Warehouse
2021-01-12,BOPF,293.1,8644.2,0,1700.22,0,1,1,12,1,0,Nuwara Eliya Main Warehouse
2021-01-12,DUST,301.2,7536.7,0,1589.63,0,1,1,12,1,0,Nuwara Eliya Main Warehouse
2021-01-12,FNGS,223.1,5482.1,0,1411.58,0,1,1,12,1,0,Nuwara Eliya Main Warehouse
2021-01-12,OP,159.2,3712.1,0,2865.11,0,1,1,12,1,0,Nuwara Eliya Main Warehouse
2021-01-13,BOP,382.7,9864.4,0,1899.17,1,1,2,13,1,0,Nuwara Eliya Main Warehouse
2021-01-13,BOPF,344.1,8690.3,0,1640.04,1,1,2,13,1,0,Nuwara Eliya Main Warehouse
2021-01-13,DUST,301.4,7570.2,0,1471.09,1,1,2,13,1,0,Nuwara Eliya Main Warehouse
2021-01-13,FNGS,210.9,5506.1,0,1377.28,1,1,2,13,1,0,Nuwara Eliya Main Warehouse
2021-01-13,OP,150.7,3699.3,0,2829.5,1,1,2,13,1,0,Nuwara Eliya Main Warehouse
2021-01-14,BOP,335.4,9903.6,0,1880.34,0,1,3,14,1,0,Nuwara Eliya Main Warehouse
2021-01-14,BOPF,298.0,8762.8,0,1645.8,0,1,3,14,1,0,Nuwara Eliya Main Warehouse
2021-01-14,DUST,256.0,7617.8,0,1544.01,0,1,3,14,1,0,Nuwara Eliya Main Warehouse
2021-01-14,FNGS,204.1,5508.3,0,1449.61,0,1,3,14,1,0,Nuwara Eliya Main Warehouse
2021-01-14,OP,154.1,3688.6,0,2647.93,0,1,3,14,1,0,Nuwara Eliya Main Warehouse
2021-01-15,BOP,304.2,9874.9,0,1891.61,1,1,4,15,1,0,Nuwara Eliya Main Warehouse
2021-01-15,BOPF,293.5,8724.7,0,1539.41,1,1,4,15,1,0,Nuwara Eliya Main Warehouse
2021-01-15,DUST,264.5,7678.0,0,1538.56,1,1,4,15,1,0,Nuwara Eliya Main Warehouse
2021-01-15,FNGS,208.9,5552.9,0,1452.86,1,1,4,15,1,0,Nuwara Eliya Main Warehouse
2021-01-15,OP,138.8,3717.2,0,2669.63,1,1,4,15,1,0,Nuwara Eliya Main Warehouse
2021-01-16,BOP,247.0,9840.8,0,1875.42,0,1,5,16,1,1,Nuwara Eliya Main Warehouse
2021-01-16,BOPF,226.3,8699.5,0,1613.5,0,1,5,16,1,1,Nuwara Eliya Main Warehouse
2021-01-16,DUST,210.6,7669.4,0,1538.65,0,1,5,16,1,1,Nuwara Eliya Main Warehouse
2021-01-16,FNGS,146.3,5568.3,0,1399.99,0,1,5,16,1,1,Nuwara Eliya Main Warehouse
2021-01-16,OP,97.2,3738.1,0,2734.34,0,1,5,16,1,1,Nuwara Eliya Main Warehouse
2021-01-17,BOP,190.8,9835.7,0,1819.21,0,1,6,17,1,1,Nuwara Eliya Main Warehouse
2021-01-17,BOPF,211.5,8728.7,0,1582.39,0,1,6,17,1,1,Nuwara Eliya Main Warehouse
2021-01-17,DUST,156.1,7656.6,0,1523.17,0,1,6,17,1,1,Nuwara Eliya Main Warehouse
2021-01-17,FNGS,126.4,5588.3,0,1377.1,0,1,6,17,1,1,Nuwara Eliya Main Warehouse
2021-01-17,OP,87.4,3746.2,0,2793.87,0,1,6,17,1,1,Nuwara Eliya Main Warehouse
2021-01-18,BOP,376.6,9885.4,0,1890.99,1,1,0,18,1,0,Nuwara Eliya Main Warehouse
2021-01-18,BOPF,314.9,8717.0,0,1662.26,1,1,0,18,1,0,Nuwara Eliya Main Warehouse
2021-01-18,DUST,274.5,7668.6,0,1535.83,1,1,0,18,1,0,Nuwara Eliya Main Warehouse
2021-01-18,FNGS,226.6,5587.7,0,1333.87,1,1,0,18,1,0,Nuwara Eliya Main Warehouse
2021-01-18,OP,145.7,3769.0,0,2739.26,1,1,0,18,1,0,Nuwara Eliya Main Warehouse
2021-01-19,BOP,369.5,9859.8,0,1918.06,0,1,1,19,1,0,Nuwara Eliya Main Warehouse
2021-01-19,BOPF,362.8,8689.3,0,1674.19,0,1,1,19,1,0,Nuwara Eliya Main Warehouse
2021-01-19,DUST,284.7,7705.8,0,1591.55,0,1,1,19,1,0,Nuwara Eliya Main Warehouse
2021-01-19,FNGS,220.4,5639.2,0,1365.36,0,1,1,19,1,0,Nuwara Eliya Main Warehouse
2021-01-19,OP,153.1,3791.4,0,2857.94,0,1,1,19,1,0,Nuwara Eliya Main Warehouse
2021-01-20,BOP,353.8,9902.0,0,1885.01,1,1,2,20,1,0,Nuwara Eliya Main Warehouse
2021-01-20,BOPF,315.8,8646.9,0,1521.43,1,1,2,20,1,0,Nuwara Eliya Main Warehouse
2021-01-20,DUST,275.4,7689.5,0,1463.21,1,1,2,20,1,0,Nuwara Eliya Main Warehouse
2021-01-20,FNGS,221.8,5678.8,0,1310.93,1,1,2,20,1,0,Nuwara Eliya Main Warehouse
2021-01-20,OP,145.0,3808.0,0,2904.02,1,1,2,20,1,0,Nuwara Eliya Main Warehouse
2021-01-21,BOP,403.0,9997.9,0,1877.66,0,1,3,21,1,0,Nuwara Eliya Main Warehouse
2021-01-21,BOPF,352.9,8597.1,0,1621.3,0,1,3,21,1,0,Nuwara Eliya Main Warehouse
2021-01-21,DUST,295.4,7645.7,0,1634.91,0,1,3,21,1,0,Nuwara Eliya Main Warehouse
2021-01-21,FNGS,218.9,5720.7,0,1363.8,0,1,3,21,1,0,Nuwara Eliya Main Warehouse
2021-01-21,OP,160.4,3837.0,0,2916.12,0,1,3,21,1,0,Nuwara Eliya Main Warehouse
2021-01-22,BOP,335.6,9960.2,0,1810.27,1,1,4,22,1,0,Nuwara Eliya Main Warehouse
2021-01-22,BOPF,291.8,8643.7,0,1677.01,1,1,4,22,1,0,Nuwara Eliya Main Warehouse
2021-01-22,DUST,292.6,7642.0,0,1574.88,1,1,4,22,1,0,Nuwara Eliya Main Warehouse
2021-01-22,FNGS,206.9,5703.9,0,1417.14,1,1,4,22,1,0,Nuwara Eliya Main Warehouse
2021-01-22,OP,150.9,3855.7,0,2832.59,1,1,4,22,1,0,Nuwara Eliya Main Warehouse
2021-01-23,BOP,261.5,9991.3,0,1864.73,0,1,5,23,1,1,Nuwara Eliya Main Warehouse
2021-01-23,BOPF,231.3,8621.5,0,1613.53,0,1,5,23,1,1,Nuwara Eliya Main Warehouse
2021-01-23,DUST,192.0,7687.6,0,1550.53,0,1,5,23,1,1,Nuwara Eliya Main Warehouse
2021-01-23,FNGS,161.2,5697.2,0,1400.14,0,1,5,23,1,1,Nuwara Eliya Main Warehouse
2021-01-23,OP,116.6,3863.2,0,2895.57,0,1,5,23,1,1,Nuwara Eliya Main Warehouse
2021-01-24,BOP,185.1,9996.4,0,1807.59,0,1,6,24,1,1,Nuwara Eliya Main Warehouse
2021-01-24,BOPF,182.7,8628.2,0,1658.16,0,1,6,24,1,1,Nuwara Eliya Main Warehouse
2021-01-24,DUST,157.5,7707.7,0,1594.77,0,1,6,24,1,1,Nuwara Eliya Main Warehouse
2021-01-24,FNGS,125.6,5692.7,0,1499.93,0,1,6,24,1,1,Nuwara Eliya Main Warehouse
2021-01-24,OP,101.0,3857.6,0,2757.45,0,1,6,24,1,1,Nuwara Eliya Main Warehouse
2021-01-25,BOP,362.3,10067.9,0,1851.91,1,1,0,25,1,0,Nuwara Eliya Main Warehouse
2021-01-25,BOPF,350.1,8660.6,0,1639.91,1,1,0,25,1,0,Nuwara Eliya Main Warehouse
2021-01-25,DUST,284.7,7710.7,0,1485.21,1,1,0,25,1,0,Nuwara Eliya Main Warehouse
2021-01-25,FNGS,218.9,5683.6,0,1386.87,1,1,0,25,1,0,Nuwara Eliya Main Warehouse
2021-01-25,OP,149.6,3879.7,0,2792.18,1,1,0,25,1,0,Nuwara Eliya Main Warehouse
2021-01-26,BOP,391.1,10036.9,0,1762.35,0,1,1,26,1,0,Nuwara Eliya Main Warehouse
2021-01-26,BOPF,361.1,8668.3,0,1639.57,0,1,1,26,1,0,Nuwara Eliya Main Warehouse
2021-01-26,DUST,273.6,7690.8,0,1521.93,0,1,1,26,1,0,Nuwara Eliya Main Warehouse
2021-01-26,FNGS,223.4,5726.5,0,1383.7,0,1,1,26,1,0,Nuwara Eliya Main Warehouse
2021-01-26,OP,153.7,3885.7,0,2707.09,0,1,1,26,1,0,Nuwara Eliya Main Warehouse
2021-01-27,BOP,360.6,10082.7,0,1762.91,1,1,2,27,1,0,Nuwara Eliya Main Warehouse
2021-01-27,BOPF,344.8,8620.3,0,1609.89,1,1,2,27,1,0,Nuwara Eliya Main Warehouse
2021-01-27,DUST,282.0,7688.6,0,1547.32,1,1,2,27,1,0,Nuwara Eliya Main Warehouse
2021-01-27,FNGS,208.1,5698.0,0,1447.3,1,1,2,27,1,0,Nuwara Eliya Main Warehouse
2021-01-27,OP,150.4,3880.9,0,2906.7,1,1,2,27,1,0,Nuwara Eliya Main Warehouse
2021-01-28,BOP,383.7,10153.8,0,1843.05,0,1,3,28,1,0,Nuwara Eliya Main Warehouse
2021-01-28,BOPF,312.6,8671.4,0,1564.07,0,1,3,28,1,0,Nuwara Eliya Main Warehouse
2021-01-28,DUST,286.6,7665.1,0,1616.56,0,1,3,28,1,0,Nuwara Eliya Main Warehouse
2021-01-28,FNGS,223.4,5671.3,0,1321.83,0,1,3,28,1,0,Nuwara Eliya Main Warehouse
2021-01-28,OP,158.4,3907.9,0,2970.67,0,1,3,28,1,0,Nuwara Eliya Main Warehouse
2021-01-29,BOP,329.9,10229.0,0,1823.35,1,1,4,29,1,0,Nuwara Eliya Main Warehouse
2021-01-29,BOPF,289.3,8629.2,0,1568.81,1,1,4,29,1,0,Nuwara Eliya Main Warehouse
2021-01-29,DUST,248.3,7638.4,0,1551.01,1,1,4,29,1,0,Nuwara Eliya Main Warehouse
2021-01-29,FNGS,221.4,5662.3,0,1340.63,1,1,4,29,1,0,Nuwara Eliya Main Warehouse
2021-01-29,OP,142.3,3926.2,0,2776.45,1,1,4,29,1,0,Nuwara Eliya Main Warehouse
2021-01-30,BOP,256.0,10260.6,0,1859.85,0,1,5,30,1,1,Nuwara Eliya Main Warehouse
2021-01-30,BOPF,214.2,8662.3,0,1657.91,0,1,5,30,1,1,Nuwara Eliya Main Warehouse
2021-01-30,DUST,218.6,7684.9,0,1574.21,0,1,5,30,1,1,Nuwara Eliya Main Warehouse
2021-01-30,FNGS,146.5,5652.0,0,1430.85,0,1,5,30,1,1,Nuwara Eliya Main Warehouse
2021-01-30,OP,110.3,3951.1,0,2623.64,0,1,5,30,1,1,Nuwara Eliya Main Warehouse
2021-01-31,BOP,202.2,10270.4,0,1846.58,0,1,6,31,1,1,Nuwara Eliya Main Warehouse
2021-01-31,BOPF,151.8,8693.8,0,1624.5,0,1,6,31,1,1,Nuwara Eliya Main Warehouse
2021-01-31,DUST,146.8,7721.5,0,1525.98,0,1,6,31,1,1,Nuwara Eliya Main Warehouse
2021-01-31,FNGS,120.8,5645.1,0,1394.86,0,1,6,31,1,1,Nuwara Eliya Main Warehouse
2021-01-31,OP,102.3,3942.5,0,2725.89,0,1,6,31,1,1,Nuwara Eliya Main Warehouse
2021-02-01,BOP,393.4,10308.6,0,1855.87,1,2,0,32,1,0,Nuwara Eliya Main Warehouse
2021-02-01,BOPF,336.9,8701.6,0,1616.94,1,2,0,32,1,0,Nuwara Eliya Main Warehouse
2021-02-01,DUST,286.5,7697.3,0,1576.15,1,2,0,32,1,0,Nuwara Eliya Main Warehouse
2021-02-01,FNGS,200.9,5679.1,0,1395.93,1,2,0,32,1,0,Nuwara Eliya Main Warehouse
2021-02-01,OP,149.9,3958.9,0,2751.73,1,2,0,32,1,0,Nuwara Eliya Main Warehouse
2021-02-02,BOP,373.7,10382.5,0,1888.11,0,2,1,33,1,0,Nuwara Eliya Main Warehouse
2021-02-02,BOPF,324.3,8722.4,0,1603.19,0,2,1,33,1,0,Nuwara Eliya Main Warehouse
2021-02-02,DUST,306.8,7658.0,0,1631.62,0,2,1,33,1,0,Nuwara Eliya Main Warehouse
2021-02-02,FNGS,227.2,5696.2,0,1363.92,0,2,1,33,1,0,Nuwara Eliya Main Warehouse
2021-02-02,OP,147.1,3951.2,0,2695.15,0,2,1,33,1,0,Nuwara Eliya Main Warehouse
2021-02-03,BOP,347.4,10409.7,0,1828.75,1,2,2,34,1,0,Nuwara Eliya Main Warehouse
2021-02-03,BOPF,318.6,8735.4,0,1609.08,1,2,2,34,1,0,Nuwara Eliya Main Warehouse
2021-02-03,DUST,286.4,7652.8,0,1600.03,1,2,2,34,1,0,Nuwara Eliya Main Warehouse
2021-02-03,FNGS,220.7,5663.6,0,1413.45,1,2,2,34,1,0,Nuwara Eliya Main Warehouse
2021-02-03,OP,145.9,3982.1,0,2720.21,1,2,2,34,1,0,Nuwara Eliya Main Warehouse
2021-02-04,BOP,377.1,10357.7,0,1842.42,0,2,3,35,1,0,Nuwara Eliya Main Warehouse
2021-02-04,BOPF,343.9,8737.4,0,1674.91,0,2,3,35,1,0,Nuwara Eliya Main Warehouse
2021-02-04,DUST,274.2,7662.3,0,1550.07,0,2,3,35,1,0,Nuwara Eliya Main Warehouse
2021-02-04,FNGS,210.6,5668.2,0,1369.54,0,2,3,35,1,0,Nuwara Eliya Main Warehouse
2021-02-04,OP,153.3,3965.2,0,2824.15,0,2,3,35,1,0,Nuwara Eliya Main Warehouse
2021-02-05,BOP,302.8,10425.0,0,1935.49,1,2,4,36,1,0,Nuwara Eliya Main Warehouse
2021-02-05,BOPF,280.0,8794.8,0,1607.85,1,2,4,36,1,0,Nuwara Eliya Main Warehouse
2021-02-05,DUST,253.4,7645.0,0,1585.38,1,2,4,36,1,0,Nuwara Eliya Main Warehouse
2021-02-05,FNGS,182.6,5670.6,0,1406.64,1,2,4,36,1,0,Nuwara Eliya Main Warehouse
2021-02-05,OP,142.8,3981.2,0,2862.58,1,2,4,36,1,0,Nuwara Eliya Main Warehouse
2021-02-06,BOP,250.3,10456.5,0,1855.04,0,2,5,37,1,1,Nuwara Eliya Main Warehouse
2021-02-06,BOPF,204.0,8837.1,0,1559.09,0,2,5,37,1,1,Nuwara Eliya Main Warehouse
2021-02-06,DUST,183.5,7639.6,0,1580.93,0,2,5,37,1,1,Nuwara Eliya Main Warehouse
2021-02-06,FNGS,148.6,5655.1,0,1355.03,0,2,5,37,1,1,Nuwara Eliya Main Warehouse
2021-02-06,OP,109.3,3999.4,0,2633.96,0,2,5,37,1,1,Nuwara Eliya Main Warehouse
2021-02-07,BOP,160.7,10475.9,0,1845.06,0,2,6,38,1,1,Nuwara Eliya Main Warehouse
2021-02-07,BOPF,172.3,8834.4,0,1660.52,0,2,6,38,1,1,Nuwara Eliya Main Warehouse
2021-02-07,DUST,124.6,7631.0,0,1577.75,0,2,6,38,1,1,Nuwara Eliya Main Warehouse
2021-02-07,FNGS,103.7,5667.6,0,1396.13,0,2,6,38,1,1,Nuwara Eliya Main Warehouse
2021-02-07,OP,101.0,3998.6,0,2762.87,0,2,6,38,1,1,Nuwara Eliya Main Warehouse
2021-02-08,BOP,332.9,10454.7,0,1859.72,1,2,0,39,1,0,Nuwara Eliya Main Warehouse
2021-02-08,BOPF,297.1,8862.9,0,1614.54,1,2,0,39,1,0,Nuwara Eliya Main Warehouse
2021-02-08,DUST,259.8,7672.5,0,1606.01,1,2,0,39,1,0,Nuwara Eliya Main Warehouse
2021-02-08,FNGS,212.2,5695.3,0,1488.93,1,2,0,39,1,0,Nuwara Eliya Main Warehouse
2021-02-08,OP,159.1,4035.5,0,2810.95,1,2,0,39,1,0,Nuwara Eliya Main Warehouse
2021-02-09,BOP,378.2,10497.6,0,1846.32,0,2,1,40,1,0,Nuwara Eliya Main Warehouse
2021-02-09,BOPF,336.0,8937.1,0,1626.15,0,2,1,40,1,0,Nuwara Eliya Main Warehouse
2021-02-09,DUST,285.8,7711.0,0,1605.78,0,2,1,40,1,0,Nuwara Eliya Main Warehouse
2021-02-09,FNGS,229.1,5727.0,0,1386.15,0,2,1,40,1,0,Nuwara Eliya Main Warehouse
2021-02-09,OP,156.5,4065.3,0,2718.38,0,2,1,40,1,0,Nuwara Eliya Main Warehouse
2021-02-10,BOP,382.2,10500.5,0,1816.03,1,2,2,41,1,0,Nuwara Eliya Main Warehouse
2021-02-10,BOPF,318.3,9011.9,0,1702.87,1,2,2,41,1,0,Nuwara Eliya Main Warehouse
2021-02-10,DUST,267.6,7738.9,0,1548.62,1,2,2,41,1,0,Nuwara Eliya Main Warehouse
2021-02-10,FNGS,202.5,5755.7,0,1398.56,1,2,2,41,1,0,Nuwara Eliya Main Warehouse
2021-02-10,OP,144.9,4060.6,0,2828.03,1,2,2,41,1,0,Nuwara Eliya Main Warehouse
2021-02-11,BOP,364.9,10540.8,0,1800.16,0,2,3,42,1,0,Nuwara Eliya Main Warehouse
2021-02-11,BOPF,310.5,9028.5,0,1623.86,0,2,3,42,1,0,Nuwara Eliya Main Warehouse
2021-02-11,DUST,270.4,7740.2,0,1584.49,0,2,3,42,1,0,Nuwara Eliya Main Warehouse
2021-02-11,FNGS,195.9,5726.3,0,1395.69,0,2,3,42,1,0,Nuwara Eliya Main Warehouse
2021-02-11,OP,139.1,4040.2,0,2798.5,0,2,3,42,1,0,Nuwara Eliya Main Warehouse
2021-02-12,BOP,324.2,10506.0,0,1813.31,1,2,4,43,1,0,Nuwara Eliya Main Warehouse
2021-02-12,BOPF,278.2,9037.2,0,1639.03,1,2,4,43,1,0,Nuwara Eliya Main Warehouse
2021-02-12,DUST,256.9,7795.1,0,1536.95,1,2,4,43,1,0,Nuwara Eliya Main Warehouse
2021-02-12,FNGS,209.7,5774.8,0,1411.63,1,2,4,43,1,0,Nuwara Eliya Main Warehouse
2021-02-12,OP,132.5,4036.0,0,2770.92,1,2,4,43,1,0,Nuwara Eliya Main Warehouse
2021-02-13,BOP,240.7,10533.2,0,1904.26,0,2,5,44,1,1,Nuwara Eliya Main Warehouse
2021-02-13,BOPF,216.4,9028.8,0,1567.8,0,2,5,44,1,1,Nuwara Eliya Main Warehouse
2021-02-13,DUST,192.1,7840.8,0,1511.95,0,2,5,44,1,1,Nuwara Eliya Main Warehouse
2021-02-13,FNGS,141.0,5799.6,0,1424.06,0,2,5,44,1,1,Nuwara Eliya Main Warehouse
2021-02-13,OP,110.7,4031.9,0,2736.19,0,2,5,44,1,1,Nuwara Eliya Main Warehouse
2021-02-14,BOP,170.1,10575.7,0,1820.99,0,2,6,45,1,1,Nuwara Eliya Main Warehouse
2021-02-14,BOPF,177.6,9070.3,0,1614.54,0,2,6,45,1,1,Nuwara Eliya Main Warehouse
2021-02-14,DUST,169.2,7827.1,0,1542.46,0,2,6,45,1,1,Nuwara Eliya Main Warehouse
2021-02-14,FNGS,132.9,5827.7,0,1415.31,0,2,6,45,1,1,Nuwara Eliya Main Warehouse
2021-02-14,OP,100.4,4052.5,0,2831.98,0,2,6,45,1,1,Nuwara Eliya Main Warehouse
2021-02-15,BOP,344.6,10530.7,0,1847.49,1,2,0,46,1,0,Nuwara Eliya Main Warehouse
2021-02-15,BOPF,307.5,9041.8,0,1654.95,1,2,0,46,1,0,Nuwara Eliya Main Warehouse
2021-02-15,DUST,278.2,7810.2,0,1551.55,1,2,0,46,1,0,Nuwara Eliya Main Warehouse
2021-02-15,FNGS,208.9,5797.7,0,1416.34,1,2,0,46,1,0,Nuwara Eliya Main Warehouse
2021-02-15,OP,150.2,4088.1,0,2745.08,1,2,0,46,1,0,Nuwara Eliya Main Warehouse
2021-02-16,BOP,365.6,10618.7,0,1895.11,0,2,1,47,1,0,Nuwara Eliya Main Warehouse
2021-02-16,BOPF,324.2,9068.3,0,1549.86,0,2,1,47,1,0,Nuwara Eliya Main Warehouse
2021-02-16,DUST,291.0,7827.8,0,1477.95,0,2,1,47,1,0,Nuwara Eliya Main Warehouse
2021-02-16,FNGS,217.8,5846.4,0,1397.11,0,2,1,47,1,0,Nuwara Eliya Main Warehouse
2021-02-16,OP,161.6,4068.4,0,2663.85,0,2,1,47,1,0,Nuwara Eliya Main Warehouse
2021-02-17,BOP,388.3,10623.7,0,1840.91,1,2,2,48,1,0,Nuwara Eliya Main Warehouse
2021-02-17,BOPF,323.2,9056.4,0,1635.33,1,2,2,48,1,0,Nuwara Eliya Main Warehouse
2021-02-17,DUST,270.9,7797.0,0,1595.33,1,2,2,48,1,0,Nuwara Eliya Main Warehouse
2021-02-17,FNGS,220.7,5884.8,0,1409.02,1,2,2,48,1,0,Nuwara Eliya Main Warehouse
2021-02-17,OP,149.0,4074.2,0,2811.48,1,2,2,48,1,0,Nuwara Eliya Main Warehouse
2021-02-18,BOP,368.2,10696.7,0,1891.65,0,2,3,49,1,0,Nuwara Eliya Main Warehouse
2021-02-18,BOPF,315.9,9044.2,0,1630.58,0,2,3,49,1,0,Nuwara Eliya Main Warehouse
2021-02-18,DUST,257.1,7803.3,0,1426.76,0,2,3,49,1,0,Nuwara Eliya Main Warehouse
2021-02-18,FNGS,202.7,5922.3,0,1395.93,0,2,3,49,1,0,Nuwara Eliya Main Warehouse
2021-02-18,OP,152.8,4084.8,0,2705.75,0,2,3,49,1,0,Nuwara Eliya Main Warehouse
2021-02-19,BOP,292.5,10744.4,0,1771.11,1,2,4,50,1,0,Nuwara Eliya Main Warehouse
2021-02-19,BOPF,288.7,9047.7,0,1627.81,1,2,4,50,1,0,Nuwara Eliya Main Warehouse
2021-02-19,DUST,243.9,7823.5,0,1681.79,1,2,4,50,1,0,Nuwara Eliya Main Warehouse
2021-02-19,FNGS,193.9,5900.4,0,1328.9,1,2,4,50,1,0,Nuwara Eliya Main Warehouse
2021-02-19,OP,141.0,4068.9,0,2671.75,1,2,4,50,1,0,Nuwara Eliya Main Warehouse
2021-02-20,BOP,252.6,10763.8,0,1849.41,0,2,5,51,1,1,Nuwara Eliya Main Warehouse
2021-02-20,BOPF,206.7,9099.3,0,1676.33,0,2,5,51,1,1,Nuwara Eliya Main Warehouse
2021-02-20,DUST,179.4,7834.1,0,1625.5,0,2,5,51,1,1,Nuwara Eliya Main Warehouse
2021-02-20,FNGS,143.3,5921.3,0,1515.6,0,2,5,51,1,1,Nuwara Eliya Main Warehouse
2021-02-20,OP,90.8,4068.9,0,2821.12,0,2,5,51,1,1,Nuwara Eliya Main Warehouse
2021-02-21,BOP,191.0,10791.6,0,1861.28,0,2,6,52,1,1,Nuwara Eliya Main Warehouse
2021-02-21,BOPF,193.0,9074.6,0,1642.3,0,2,6,52,1,1,Nuwara Eliya Main Warehouse
2021-02-21,DUST,151.4,7831.4,0,1543.64,0,2,6,52,1,1,Nuwara Eliya Main Warehouse
2021-02-21,FNGS,106.1,5946.1,0,1435.8,0,2,6,52,1,1,Nuwara Eliya Main Warehouse
2021-02-21,OP,84.0,4067.0,0,2796.76,0,2,6,52,1,1,Nuwara Eliya Main Warehouse
2021-02-22,BOP,345.4,10861.1,0,1858.32,1,2,0,53,1,0,Nuwara Eliya Main Warehouse
2021-02-22,BOPF,317.7,9100.4,0,1697.99,1,2,0,53,1,0,Nuwara Eliya Main Warehouse
2021-02-22,DUST,258.4,7848.7,0,1556.33,1,2,0,53,1,0,Nuwara Eliya Main Warehouse
2021-02-22,FNGS,214.0,5972.1,0,1364.19,1,2,0,53,1,0,Nuwara Eliya Main Warehouse
2021-02-22,OP,153.8,4076.9,0,2737.87,1,2,0,53,1,0,Nuwara Eliya Main Warehouse
2021-02-23,BOP,386.1,10865.6,0,1765.43,0,2,1,54,1,0,Nuwara Eliya Main Warehouse
2021-02-23,BOPF,321.6,9062.8,0,1577.99,0,2,1,54,1,0,Nuwara Eliya Main Warehouse
2021-02-23,DUST,297.9,7918.3,0,1570.1,0,2,1,54,1,0,Nuwara Eliya Main Warehouse
2021-02-23,FNGS,216.5,5989.0,0,1415.09,0,2,1,54,1,0,Nuwara Eliya Main Warehouse
2021-02-23,OP,154.9,4094.6,0,2830.08,0,2,1,54,1,0,Nuwara Eliya Main Warehouse
2021-02-24,BOP,387.7,10858.2,0,1924.08,1,2,2,55,1,0,Nuwara Eliya Main Warehouse
2021-02-24,BOPF,330.2,9033.7,0,1633.0,1,2,2,55,1,0,Nuwara Eliya Main Warehouse
2021-02-24,DUST,270.4,7900.0,0,1528.72,1,2,2,55,1,0,Nuwara Eliya Main Warehouse
2021-02-24,FNGS,214.0,6037.8,0,1348.99,1,2,2,55,1,0,Nuwara Eliya Main Warehouse
2021-02-24,OP,141.8,4113.3,0,2846.67,1,2,2,55,1,0,Nuwara Eliya Main Warehouse
2021-02-25,BOP,379.4,10902.6,0,1810.01,0,2,3,56,1,0,Nuwara Eliya Main Warehouse
2021-02-25,BOPF,317.6,9041.9,0,1630.62,0,2,3,56,1,0,Nuwara Eliya Main Warehouse
2021-02-25,DUST,270.9,7930.3,0,1565.19,0,2,3,56,1,0,Nuwara Eliya Main Warehouse
2021-02-25,FNGS,199.0,6043.3,0,1384.87,0,2,3,56,1,0,Nuwara Eliya Main Warehouse
2021-02-25,OP,130.5,4100.8,0,2831.41,0,2,3,56,1,0,Nuwara Eliya Main Warehouse
2021-02-26,BOP,310.2,10956.3,0,1876.17,1,2,4,57,1,0,Nuwara Eliya Main Warehouse
2021-02-26,BOPF,258.9,9055.9,0,1574.67,1,2,4,57,1,0,Nuwara Eliya Main Warehouse
2021-02-26,DUST,249.4,7897.2,0,1549.65,1,2,4,57,1,0,Nuwara Eliya Main Warehouse
2021-02-26,FNGS,209.4,6062.0,0,1343.49,1,2,4,57,1,0,Nuwara Eliya Main Warehouse
2021-02-26,OP,132.2,4124.0,0,2828.56,1,2,4,57,1,0,Nuwara Eliya Main Warehouse
2021-02-27,BOP,240.4,10993.5,0,1858.15,0,2,5,58,1,1,Nuwara Eliya Main Warehouse
2021-02-27,BOPF,223.7,9045.5,0,1673.23,0,2,5,58,1,1,Nuwara Eliya Main Warehouse
2021-02-27,DUST,205.9,7871.8,0,1552.08,0,2,5,58,1,1,Nuwara Eliya Main Warehouse
2021-02-27,FNGS,156.7,6068.4,0,1403.69,0,2,5,58,1,1,Nuwara Eliya Main Warehouse
2021-02-27,OP,104.2,4136.6,0,2676.82,0,2,5,58,1,1,Nuwara Eliya Main Warehouse
2021-02-28,BOP,204.7,11028.2,0,1913.55,0,2,6,59,1,1,Nuwara Eliya Main Warehouse
2021-02-28,BOPF,158.9,9041.8,0,1739.85,0,2,6,59,1,1,Nuwara Eliya Main Warehouse
2021-02-28,DUST,179.0,7884.5,0,1565.01,0,2,6,59,1,1,Nuwara Eliya Main Warehouse
2021-02-28,FNGS,130.6,6097.5,0,1339.52,0,2,6,59,1,1,Nuwara Eliya Main Warehouse
2021-02-28,OP,80.4,4153.2,0,2920.51,0,2,6,59,1,1,Nuwara Eliya Main Warehouse
2021-03-01,BOP,377.1,11037.3,0,1979.39,1,3,0,60,1,0,Nuwara Eliya Main Warehouse
2021-03-01,BOPF,331.7,9003.6,0,1626.16,1,3,0,60,1,0,Nuwara Eliya Main Warehouse
2021-03-01,DUST,300.0,7852.1,0,1495.61,1,3,0,60,1,0,Nuwara Eliya Main Warehouse
2021-03-01,FNGS,206.9,6072.8,0,1422.35,1,3,0,60,1,0,Nuwara Eliya Main Warehouse
2021-03-01,OP,147.7,4157.6,0,2858.91,1,3,0,60,1,0,Nuwara Eliya Main Warehouse
2021-03-02,BOP,365.1,11102.0,0,1786.5,0,3,1,61,1,0,Nuwara Eliya Main Warehouse
2021-03-02,BOPF,325.9,8994.2,0,1651.65,0,3,1,61,1,0,Nuwara Eliya Main Warehouse
2021-03-02,DUST,267.2,7814.4,0,1558.64,0,3,1,61,1,0,Nuwara Eliya Main Warehouse
2021-03-02,FNGS,200.5,6082.9,0,1434.8,0,3,1,61,1,0,Nuwara Eliya Main Warehouse
2021-03-02,OP,156.3,4190.0,0,2732.42,0,3,1,61,1,0,Nuwara Eliya Main Warehouse
2021-03-03,BOP,364.4,11064.8,0,1822.24,1,3,2,62,1,0,Nuwara Eliya Main Warehouse
2021-03-03,BOPF,337.5,9074.1,0,1631.33,1,3,2,62,1,0,Nuwara Eliya Main Warehouse
2021-03-03,DUST,275.5,7791.9,0,1564.51,1,3,2,62,1,0,Nuwara Eliya Main Warehouse
2021-03-03,FNGS,236.7,6112.4,0,1371.51,1,3,2,62,1,0,Nuwara Eliya Main Warehouse
2021-03-03,OP,155.1,4220.5,0,2811.5,1,3,2,62,1,0,Nuwara Eliya Main Warehouse
2021-03-04,BOP,340.3,11087.9,0,1868.88,0,3,3,63,1,0,Nuwara Eliya Main Warehouse
2021-03-04,BOPF,308.2,9144.3,0,1592.66,0,3,3,63,1,0,Nuwara Eliya Main Warehouse
2021-03-04,DUST,268.0,7812.3,0,1563.02,0,3,3,63,1,0,Nuwara Eliya Main Warehouse
2021-03-04,FNGS,211.3,6147.7,0,1413.1,0,3,3,63,1,0,Nuwara Eliya Main Warehouse
2021-03-04,OP,130.9,4223.8,0,2827.67,0,3,3,63,1,0,Nuwara Eliya Main Warehouse
2021-03-05,BOP,303.4,11043.1,0,1797.18,1,3,4,64,1,0,Nuwara Eliya Main Warehouse
2021-03-05,BOPF,289.2,9139.7,0,1538.97,1,3,4,64,1,0,Nuwara Eliya Main Warehouse
2021-03-05,DUST,255.0,7845.8,0,1547.1,1,3,4,64,1,0,Nuwara Eliya Main Warehouse
2021-03-05,FNGS,184.1,6163.0,0,1369.49,1,3,4,64,1,0,Nuwara Eliya Main Warehouse
2021-03-05,OP,125.2,4224.1,0,2809.59,1,3,4,64,1,0,Nuwara Eliya Main Warehouse
2021-03-06,BOP,262.0,11037.8,0,1902.07,0,3,5,65,1,1,Nuwara Eliya Main Warehouse
2021-03-06,BOPF,238.4,9158.4,0,1593.28,0,3,5,65,1,1,Nuwara Eliya Main Warehouse
2021-03-06,DUST,194.2,7832.4,0,1610.16,0,3,5,65,1,1,Nuwara Eliya Main Warehouse
2021-03-06,FNGS,151.7,6195.4,0,1428.04,0,3,5,65,1,1,Nuwara Eliya Main Warehouse
2021-03-06,OP,102.5,4247.0,0,2963.72,0,3,5,65,1,1,Nuwara Eliya Main Warehouse
2021-03-07,BOP,224.5,11037.0,0,1905.6,0,3,6,66,1,1,Nuwara Eliya Main Warehouse
2021-03-07,BOPF,171.6,9195.0,0,1560.05,0,3,6,66,1,1,Nuwara Eliya Main Warehouse
2021-03-07,DUST,145.3,7849.4,0,1540.92,0,3,6,66,1,1,Nuwara Eliya Main Warehouse
2021-03-07,FNGS,132.8,6225.5,0,1377.73,0,3,6,66,1,1,Nuwara Eliya Main Warehouse
2021-03-07,OP,90.8,4259.3,0,2649.91,0,3,6,66,1,1,Nuwara Eliya Main Warehouse
2021-03-08,BOP,357.1,11040.1,0,1889.98,1,3,0,67,1,0,Nuwara Eliya Main Warehouse
2021-03-08,BOPF,306.2,9149.9,0,1710.64,1,3,0,67,1,0,Nuwara Eliya Main Warehouse
2021-03-08,DUST,264.2,7829.1,0,1568.05,1,3,0,67,1,0,Nuwara Eliya Main Warehouse
2021-03-08,FNGS,210.0,6199.4,0,1439.89,1,3,0,67,1,0,Nuwara Eliya Main Warehouse
2021-03-08,OP,150.2,4292.5,0,2689.51,1,3,0,67,1,0,Nuwara Eliya Main Warehouse
2021-03-09,BOP,393.8,11090.5,0,1872.19,0,3,1,68,1,0,Nuwara Eliya Main Warehouse
2021-03-09,BOPF,341.2,9209.3,0,1622.34,0,3,1,68,1,0,Nuwara Eliya Main Warehouse
2021-03-09,DUST,271.4,7855.0,0,1617.92,0,3,1,68,1,0,Nuwara Eliya Main Warehouse
2021-03-09,FNGS,233.0,6202.0,0,1330.77,0,3,1,68,1,0,Nuwara Eliya Main Warehouse
2021-03-09,OP,156.1,4318.9,0,2620.61,0,3,1,68,1,0,Nuwara Eliya Main Warehouse
2021-03-10,BOP,375.1,11092.6,0,1935.22,1,3,2,69,1,0,Nuwara Eliya Main Warehouse
2021-03-10,BOPF,335.3,9286.2,0,1611.24,1,3,2,69,1,0,Nuwara Eliya Main Warehouse
2021-03-10,DUST,242.8,7858.6,0,1554.02,1,3,2,69,1,0,Nuwara Eliya Main Warehouse
2021-03-10,FNGS,227.3,6170.0,0,1364.75,1,3,2,69,1,0,Nuwara Eliya Main Warehouse
2021-03-10,OP,147.5,4332.7,0,2820.63,1,3,2,69,1,0,Nuwara Eliya Main Warehouse
2021-03-11,BOP,349.4,11102.9,0,1795.2,0,3,3,70,1,0,Nuwara Eliya Main Warehouse
2021-03-11,BOPF,309.8,9251.1,0,1671.39,0,3,3,70,1,0,Nuwara Eliya Main Warehouse
2021-03-11,DUST,257.6,7887.3,0,1567.79,0,3,3,70,1,0,Nuwara Eliya Main Warehouse
2021-03-11,FNGS,200.5,6166.4,0,1360.49,0,3,3,70,1,0,Nuwara Eliya Main Warehouse
2021-03-11,OP,145.5,4317.6,0,2859.83,0,3,3,70,1,0,Nuwara Eliya Main Warehouse
2021-03-12,BOP,333.6,11084.5,0,1863.09,1,3,4,71,1,0,Nuwara Eliya Main Warehouse
2021-03-12,BOPF,254.9,9229.3,0,1573.78,1,3,4,71,1,0,Nuwara Eliya Main Warehouse
2021-03-12,DUST,262.4,7952.4,0,1553.45,1,3,4,71,1,0,Nuwara Eliya Main Warehouse
2021-03-12,FNGS,185.0,6178.3,0,1415.71,1,3,4,71,1,0,Nuwara Eliya Main Warehouse
2021-03-12,OP,129.5,4313.3,0,2844.71,1,3,4,71,1,0,Nuwara Eliya Main Warehouse
2021-03-13,BOP,276.2,11084.3,0,1818.6,0,3,5,72,1,1,Nuwara Eliya Main Warehouse
2021-03-13,BOPF,208.1,9278.1,0,1591.14,0,3,5,72,1,1,Nuwara Eliya Main Warehouse
2021-03-13,DUST,211.0,7999.9,0,1615.59,0,3,5,72,1,1,Nuwara Eliya Main Warehouse
2021-03-13,FNGS,157.7,6212.1,0,1430.58,0,3,5,72,1,1,Nuwara Eliya Main Warehouse
2021-03-13,OP,110.3,4339.5,0,2790.25,0,3,5,72,1,1,Nuwara Eliya Main Warehouse
2021-03-14,BOP,198.1,11072.6,0,1909.13,0,3,6,73,1,1,Nuwara Eliya Main Warehouse
2021-03-14,BOPF,187.7,9290.3,0,1631.84,0,3,6,73,1,1,Nuwara Eliya Main Warehouse
2021-03-14,DUST,173.4,7974.2,0,1546.18,0,3,6,73,1,1,Nuwara Eliya Main Warehouse
2021-03-14,FNGS,91.1,6229.3,0,1419.16,0,3,6,73,1,1,Nuwara Eliya Main Warehouse
2021-03-14,OP,80.2,4337.7,0,2848.89,0,3,6,73,1,1,Nuwara Eliya Main Warehouse
2021-03-15,BOP,388.9,11025.7,0,1758.13,1,3,0,74,1,0,Nuwara Eliya Main Warehouse
2021-03-15,BOPF,303.4,9246.5,0,1678.65,1,3,0,74,1,0,Nuwara Eliya Main Warehouse
2021-03-15,DUST,287.1,8032.8,0,1617.95,1,3,0,74,1,0,Nuwara Eliya Main Warehouse
2021-03-15,FNGS,208.8,6208.6,0,1386.1,1,3,0,74,1,0,Nuwara Eliya Main Warehouse
2021-03-15,OP,152.9,4320.5,0,2790.05,1,3,0,74,1,0,Nuwara Eliya Main Warehouse
2021-03-16,BOP,324.6,11055.3,0,1858.45,0,3,1,75,1,0,Nuwara Eliya Main Warehouse
2021-03-16,BOPF,330.3,9231.0,0,1653.15,0,3,1,75,1,0,Nuwara Eliya Main Warehouse
2021-03-16,DUST,271.5,7999.3,0,1553.57,0,3,1,75,1,0,Nuwara Eliya Main Warehouse
2021-03-16,FNGS,204.0,6185.6,0,1290.18,0,3,1,75,1,0,Nuwara Eliya Main Warehouse
2021-03-16,OP,154.4,4341.0,0,2877.37,0,3,1,75,1,0,Nuwara Eliya Main Warehouse
2021-03-17,BOP,384.3,11100.4,0,1878.75,1,3,2,76,1,0,Nuwara Eliya Main Warehouse
2021-03-17,BOPF,313.9,9240.4,0,1640.95,1,3,2,76,1,0,Nuwara Eliya Main Warehouse
2021-03-17,DUST,264.3,8060.4,0,1518.54,1,3,2,76,1,0,Nuwara Eliya Main Warehouse
2021-03-17,FNGS,210.8,6203.7,0,1409.3,1,3,2,76,1,0,Nuwara Eliya Main Warehouse
2021-03-17,OP,150.2,4362.6,0,2908.37,1,3,2,76,1,0,Nuwara Eliya Main Warehouse
2021-03-18,BOP,363.9,11136.0,0,1807.7,0,3,3,77,1,0,Nuwara Eliya Main Warehouse
2021-03-18,BOPF,286.9,9276.9,0,1632.8,0,3,3,77,1,0,Nuwara Eliya Main Warehouse
2021-03-18,DUST,250.5,8051.0,0,1590.21,0,3,3,77,1,0,Nuwara Eliya Main Warehouse
2021-03-18,FNGS,209.1,6216.8,0,1440.88,0,3,3,77,1,0,Nuwara Eliya Main Warehouse
2021-03-18,OP,143.4,4357.5,0,2737.34,0,3,3,77,1,0,Nuwara Eliya Main Warehouse
2021-03-19,BOP,321.3,11147.4,0,1825.66,1,3,4,78,1,0,Nuwara Eliya Main Warehouse
2021-03-19,BOPF,277.3,9316.6,0,1648.57,1,3,4,78,1,0,Nuwara Eliya Main Warehouse
2021-03-19,DUST,241.8,8051.7,0,1544.56,1,3,4,78,1,0,Nuwara Eliya Main Warehouse
2021-03-19,FNGS,188.7,6208.6,0,1520.46,1,3,4,78,1,0,Nuwara Eliya Main Warehouse
2021-03-19,OP,125.2,4353.6,0,2791.6,1,3,4,78,1,0,Nuwara Eliya Main Warehouse
2021-03-20,BOP,248.9,11147.9,0,1861.41,0,3,5,79,1,1,Nuwara Eliya Main Warehouse
2021-03-20,BOPF,230.0,9373.7,0,1639.04,0,3,5,79,1,1,Nuwara Eliya Main Warehouse
2021-03-20,DUST,191.6,8030.0,0,1587.69,0,3,5,79,1,1,Nuwara Eliya Main Warehouse
2021-03-20,FNGS,141.7,6238.4,0,1390.16,0,3,5,79,1,1,Nuwara Eliya Main Warehouse
2021-03-20,OP,100.4,4357.4,0,2805.41,0,3,5,79,1,1,Nuwara Eliya Main Warehouse
2021-03-21,BOP,161.1,11179.3,0,1913.7,0,3,6,80,1,1,Nuwara Eliya Main Warehouse
2021-03-21,BOPF,137.0,9368.9,0,1579.3,0,3,6,80,1,1,Nuwara Eliya Main Warehouse
2021-03-21,DUST,139.9,8015.3,0,1432.04,0,3,6,80,1,1,Nuwara Eliya Main Warehouse
2021-03-21,FNGS,108.9,6262.4,0,1380.14,0,3,6,80,1,1,Nuwara Eliya Main Warehouse
2021-03-21,OP,84.7,4345.4,0,2935.91,0,3,6,80,1,1,Nuwara Eliya Main Warehouse
2021-03-22,BOP,355.1,11199.8,0,1803.5,1,3,0,81,1,0,Nuwara Eliya Main Warehouse
2021-03-22,BOPF,321.1,9389.8,0,1631.72,1,3,0,81,1,0,Nuwara Eliya Main Warehouse
2021-03-22,DUST,280.6,8054.8,0,1559.31,1,3,0,81,1,0,Nuwara Eliya Main Warehouse
2021-03-22,FNGS,235.5,6265.0,0,1421.64,1,3,0,81,1,0,Nuwara Eliya Main Warehouse
2021-03-22,OP,130.1,4367.0,0,2748.05,1,3,0,81,1,0,Nuwara Eliya Main Warehouse
2021-03-23,BOP,382.2,11215.7,0,1813.31,0,3,1,82,1,0,Nuwara Eliya Main Warehouse
2021-03-23,BOPF,311.0,9409.5,0,1577.41,0,3,1,82,1,0,Nuwara Eliya Main Warehouse
2021-03-23,DUST,295.9,8122.2,0,1537.81,0,3,1,82,1,0,Nuwara Eliya Main Warehouse
2021-03-23,FNGS,240.0,6314.5,0,1397.53,0,3,1,82,1,0,Nuwara Eliya Main Warehouse
2021-03-23,OP,151.7,4363.4,0,2908.79,0,3,1,82,1,0,Nuwara Eliya Main Warehouse
2021-03-24,BOP,397.4,11160.2,0,1923.56,1,3,2,83,1,0,Nuwara Eliya Main Warehouse
2021-03-24,BOPF,335.6,9413.7,0,1633.65,1,3,2,83,1,0,Nuwara Eliya Main Warehouse
2021-03-24,DUST,274.9,8148.1,0,1509.85,1,3,2,83,1,0,Nuwara Eliya Main Warehouse
2021-03-24,FNGS,203.7,6315.2,0,1461.96,1,3,2,83,1,0,Nuwara Eliya Main Warehouse
2021-03-24,OP,157.5,4393.6,0,2693.64,1,3,2,83,1,0,Nuwara Eliya Main Warehouse
2021-03-25,BOP,352.8,11155.4,0,1846.08,0,3,3,84,1,0,Nuwara Eliya Main Warehouse
2021-03-25,BOPF,331.9,9386.3,0,1606.47,0,3,3,84,1,0,Nuwara Eliya Main Warehouse
2021-03-25,DUST,257.7,8183.2,0,1533.68,0,3,3,84,1,0,Nuwara Eliya Main Warehouse
2021-03-25,FNGS,229.8,6348.5,0,1374.55,0,3,3,84,1,0,Nuwara Eliya Main Warehouse
2021-03-25,OP,152.5,4419.7,0,2921.45,0,3,3,84,1,0,Nuwara Eliya Main Warehouse
2021-03-26,BOP,312.1,11156.1,0,1818.21,1,3,4,85,1,0,Nuwara Eliya Main Warehouse
2021-03-26,BOPF,286.2,9455.3,0,1753.36,1,3,4,85,1,0,Nuwara Eliya Main Warehouse
2021-03-26,DUST,270.6,8225.1,0,1532.84,1,3,4,85,1,0,Nuwara Eliya Main Warehouse
2021-03-26,FNGS,188.7,6356.1,0,1398.15,1,3,4,85,1,0,Nuwara Eliya Main Warehouse
2021-03-26,OP,131.7,4434.8,0,2888.76,1,3,4,85,1,0,Nuwara Eliya Main Warehouse
2021-03-27,BOP,238.0,11158.3,0,1901.94,0,3,5,86,1,1,Nuwara Eliya Main Warehouse
2021-03-27,BOPF,216.3,9496.7,0,1628.13,0,3,5,86,1,1,Nuwara Eliya Main Warehouse
2021-03-27,DUST,191.2,8216.5,0,1557.4,0,3,5,86,1,1,Nuwara Eliya Main Warehouse
2021-03-27,FNGS,149.4,6341.0,0,1445.5,0,3,5,86,1,1,Nuwara Eliya Main Warehouse
2021-03-27,OP,105.7,4432.7,0,2804.33,0,3,5,86,1,1,Nuwara Eliya Main Warehouse
2021-03-28,BOP,217.3,11176.2,0,1834.54,0,3,6,87,1,1,Nuwara Eliya Main Warehouse
2021-03-28,BOPF,163.7,9504.8,0,1561.94,0,3,6,87,1,1,Nuwara Eliya Main Warehouse
2021-03-28,DUST,182.7,8192.4,0,1496.17,0,3,6,87,1,1,Nuwara Eliya Main Warehouse
2021-03-28,FNGS,120.4,6367.7,0,1421.76,0,3,6,87,1,1,Nuwara Eliya Main Warehouse
2021-03-28,OP,83.4,4437.4,0,2894.61,0,3,6,87,1,1,Nuwara Eliya Main Warehouse
2021-03-29,BOP,366.1,11199.4,0,1918.79,1,3,0,88,1,0,Nuwara Eliya Main Warehouse
2021-03-29,BOPF,294.7,9531.7,0,1623.79,1,3,0,88,1,0,Nuwara Eliya Main Warehouse
2021-03-29,DUST,276.2,8151.2,0,1574.57,1,3,0,88,1,0,Nuwara Eliya Main Warehouse
2021-03-29,FNGS,204.0,6374.1,0,1457.68,1,3,0,88,1,0,Nuwara Eliya Main Warehouse
2021-03-29,OP,148.5,4441.5,0,2775.73,1,3,0,88,1,0,Nuwara Eliya Main Warehouse
2021-03-30,BOP,365.7,11233.5,0,1825.07,0,3,1,89,1,0,Nuwara Eliya Main Warehouse
2021-03-30,BOPF,359.9,9510.4,0,1655.67,0,3,1,89,1,0,Nuwara Eliya Main Warehouse
2021-03-30,DUST,289.2,8148.4,0,1623.5,0,3,1,89,1,0,Nuwara Eliya Main Warehouse
2021-03-30,FNGS,230.8,6407.3,0,1390.67,0,3,1,89,1,0,Nuwara Eliya Main Warehouse
2021-03-30,OP,164.5,4439.1,0,2740.5,0,3,1,89,1,0,Nuwara Eliya Main Warehouse
2021-03-31,BOP,379.4,11292.6,0,1853.18,1,3,2,90,1,0,Nuwara Eliya Main Warehouse
2021-03-31,BOPF,311.3,9531.4,0,1711.87,1,3,2,90,1,0,Nuwara Eliya Main Warehouse
2021-03-31,DUST,268.2,8134.1,0,1573.15,1,3,2,90,1,0,Nuwara Eliya Main Warehouse
2021-03-31,FNGS,218.0,6406.6,0,1462.17,1,3,2,90,1,0,Nuwara Eliya Main Warehouse
2021-03-31,OP,158.0,4469.0,0,2961.57,1,3,2,90,1,0,Nuwara Eliya Main Warehouse
2021-04-01,BOP,365.0,11356.6,0,1914.62,0,4,3,91,2,0,Nuwara Eliya Main Warehouse
2021-04-01,BOPF,346.6,9575.8,0,1602.01,0,4,3,91,2,0,Nuwara Eliya Main Warehouse
2021-04-01,DUST,271.3,8100.1,0,1597.82,0,4,3,91,2,0,Nuwara Eliya Main Warehouse
2021-04-01,FNGS,207.9,6377.0,0,1339.33,0,4,3,91,2,0,Nuwara Eliya Main Warehouse
2021-04-01,OP,152.4,4475.7,0,2772.97,0,4,3,91,2,0,Nuwara Eliya Main Warehouse
2021-04-02,BOP,346.6,11404.1,0,1849.75,1,4,4,92,2,0,Nuwara Eliya Main Warehouse
2021-04-02,BOPF,275.1,9591.2,0,1553.87,1,4,4,92,2,0,Nuwara Eliya Main Warehouse
2021-04-02,DUST,228.5,8082.3,0,1611.21,1,4,4,92,2,0,Nuwara Eliya Main Warehouse
2021-04-02,FNGS,179.2,6357.3,0,1341.12,1,4,4,92,2,0,Nuwara Eliya Main Warehouse
2021-04-02,OP,131.9,4499.8,0,2875.5,1,4,4,92,2,0,Nuwara Eliya Main Warehouse
2021-04-03,BOP,234.5,11458.6,0,1904.41,0,4,5,93,2,1,Nuwara Eliya Main Warehouse
2021-04-03,BOPF,228.3,9647.4,0,1670.6,0,4,5,93,2,1,Nuwara Eliya Main Warehouse
2021-04-03,DUST,171.7,8065.1,0,1617.92,0,4,5,93,2,1,Nuwara Eliya Main Warehouse
2021-04-03,FNGS,138.6,6364.0,0,1463.14,0,4,5,93,2,1,Nuwara Eliya Main Warehouse
2021-04-03,OP,110.9,4487.8,0,2911.98,0,4,5,93,2,1,Nuwara Eliya Main Warehouse
2021-04-04,BOP,193.8,11430.9,0,1858.94,0,4,6,94,2,1,Nuwara Eliya Main Warehouse
2021-04-04,BOPF,158.4,9662.4,0,1563.92,0,4,6,94,2,1,Nuwara Eliya Main Warehouse
2021-04-04,DUST,165.7,8100.8,0,1647.5,0,4,6,94,2,1,Nuwara Eliya Main Warehouse
2021-04-04,FNGS,103.5,6377.1,0,1409.83,0,4,6,94,2,1,Nuwara Eliya Main Warehouse
2021-04-04,OP,75.4,4480.8,0,2886.77,0,4,6,94,2,1,Nuwara Eliya Main Warehouse
2021-04-05,BOP,352.5,11405.7,0,1972.7,1,4,0,95,2,0,Nuwara Eliya Main Warehouse
2021-04-05,BOPF,326.4,9661.8,0,1609.94,1,4,0,95,2,0,Nuwara Eliya Main Warehouse
2021-04-05,DUST,271.0,8075.4,0,1537.44,1,4,0,95,2,0,Nuwara Eliya Main Warehouse
2021-04-05,FNGS,211.4,6373.7,0,1448.3,1,4,0,95,2,0,Nuwara Eliya Main Warehouse
2021-04-05,OP,145.7,4515.9,0,2869.59,1,4,0,95,2,0,Nuwara Eliya Main Warehouse
2021-04-06,BOP,348.0,11354.5,0,1949.92,0,4,1,96,2,0,Nuwara Eliya Main Warehouse
2021-04-06,BOPF,326.1,9713.6,0,1618.73,0,4,1,96,2,0,Nuwara Eliya Main Warehouse
2021-04-06,DUST,281.0,8093.7,0,1527.36,0,4,1,96,2,0,Nuwara Eliya Main Warehouse
2021-04-06,FNGS,207.3,6400.3,0,1413.9,0,4,1,96,2,0,Nuwara Eliya Main Warehouse
2021-04-06,OP,157.7,4529.3,0,2876.59,0,4,1,96,2,0,Nuwara Eliya Main Warehouse
2021-04-07,BOP,375.4,11395.4,0,1789.28,1,4,2,97,2,0,Nuwara Eliya Main Warehouse
2021-04-07,BOPF,320.7,9687.4,0,1627.99,1,4,2,97,2,0,Nuwara Eliya Main Warehouse
2021-04-07,DUST,271.6,8117.4,0,1597.31,1,4,2,97,2,0,Nuwara Eliya Main Warehouse
2021-04-07,FNGS,213.8,6427.9,0,1409.53,1,4,2,97,2,0,Nuwara Eliya Main Warehouse
2021-04-07,OP,156.4,4537.7,0,2908.48,1,4,2,97,2,0,Nuwara Eliya Main Warehouse
2021-04-08,BOP,368.3,11472.5,0,1892.11,0,4,3,98,2,0,Nuwara Eliya Main Warehouse
2021-04-08,BOPF,330.6,9688.7,0,1664.98,0,4,3,98,2,0,Nuwara Eliya Main Warehouse
2021-04-08,DUST,271.9,8135.7,0,1593.93,0,4,3,98,2,0,Nuwara Eliya Main Warehouse
2021-04-08,FNGS,227.8,6457.9,0,1354.15,0,4,3,98,2,0,Nuwara Eliya Main Warehouse
2021-04-08,OP,153.5,4546.8,0,2846.55,0,4,3,98,2,0,Nuwara Eliya Main Warehouse
2021-04-09,BOP,328.2,11455.2,0,1817.95,1,4,4,99,2,0,Nuwara Eliya Main Warehouse
2021-04-09,BOPF,281.7,9685.5,0,1598.38,1,4,4,99,2,0,Nuwara Eliya Main Warehouse
2021-04-09,DUST,267.3,8106.2,0,1597.18,1,4,4,99,2,0,Nuwara Eliya Main Warehouse
2021-04-09,FNGS,206.1,6467.6,0,1408.91,1,4,4,99,2,0,Nuwara Eliya Main Warehouse
2021-04-09,OP,137.5,4538.1,0,2816.74,1,4,4,99,2,0,Nuwara Eliya Main Warehouse
2021-04-10,BOP,243.5,11509.0,0,1874.02,0,4,5,100,2,1,Nuwara Eliya Main Warehouse
2021-04-10,BOPF,195.5,9689.9,0,1618.42,0,4,5,100,2,1,Nuwara Eliya Main Warehouse
2021-04-10,DUST,193.0,8101.9,0,1649.07,0,4,5,100,2,1,Nuwara Eliya Main Warehouse
2021-04-10,FNGS,147.8,6499.5,0,1467.32,0,4,5,100,2,1,Nuwara Eliya Main Warehouse
2021-04-10,OP,103.9,4552.3,0,2705.28,0,4,5,100,2,1,Nuwara Eliya Main Warehouse
2021-04-11,BOP,108.8,11495.3,0,1867.32,0,4,6,101,2,1,Nuwara Eliya Main Warehouse
2021-04-11,BOPF,134.3,9711.8,0,1631.15,0,4,6,101,2,1,Nuwara Eliya Main Warehouse
2021-04-11,DUST,89.9,8090.2,0,1561.86,0,4,6,101,2,1,Nuwara Eliya Main Warehouse
2021-04-11,FNGS,84.2,6503.4,0,1412.62,0,4,6,101,2,1,Nuwara Eliya Main Warehouse
2021-04-11,OP,67.1,4544.6,0,2847.2,0,4,6,101,2,1,Nuwara Eliya Main Warehouse
2021-04-12,BOP,287.9,11559.7,0,1805.09,1,4,0,102,2,0,Nuwara Eliya Main Warehouse
2021-04-12,BOPF,242.2,9722.4,0,1639.24,1,4,0,102,2,0,Nuwara Eliya Main Warehouse
2021-04-12,DUST,241.7,8092.2,0,1581.26,1,4,0,102,2,0,Nuwara Eliya Main Warehouse
2021-04-12,FNGS,195.3,6509.2,0,1438.99,1,4,0,102,2,0,Nuwara Eliya Main Warehouse
2021-04-12,OP,116.3,4553.8,0,2907.06,1,4,0,102,2,0,Nuwara Eliya Main Warehouse
2021-04-13,BOP,241.3,11557.5,0,1922.54,0,4,1,103,2,0,Nuwara Eliya Main Warehouse
2021-04-13,BOPF,228.0,9760.6,0,1636.84,0,4,1,103,2,0,Nuwara Eliya Main Warehouse
2021-04-13,DUST,215.6,8076.1,0,1515.97,0,4,1,103,2,0,Nuwara Eliya Main Warehouse
2021-04-13,FNGS,153.6,6498.4,0,1437.93,0,4,1,103,2,0,Nuwara Eliya Main Warehouse
2021-04-13,OP,99.0,4561.5,0,2728.42,0,4,1,103,2,0,Nuwara Eliya Main Warehouse
2021-04-14,BOP,226.0,11532.7,0,1875.22,1,4,2,104,2,0,Nuwara Eliya Main Warehouse
2021-04-14,BOPF,230.0,9779.1,0,1653.39,1,4,2,104,2,0,Nuwara Eliya Main Warehouse
2021-04-14,DUST,193.0,8090.6,0,1660.97,1,4,2,104,2,0,Nuwara Eliya Main Warehouse
2021-04-14,FNGS,140.7,6494.7,0,1368.01,1,4,2,104,2,0,Nuwara Eliya Main Warehouse
2021-04-14,OP,103.1,4583.8,0,2801.85,1,4,2,104,2,0,Nuwara Eliya Main Warehouse
2021-04-15,BOP,295.9,11545.9,0,1848.27,0,4,3,105,2,0,Nuwara Eliya Main Warehouse
2021-04-15,BOPF,257.7,9775.7,0,1673.33,0,4,3,105,2,0,Nuwara Eliya Main Warehouse
2021-04-15,DUST,241.8,8121.3,0,1546.14,0,4,3,105,2,0,Nuwara Eliya Main Warehouse
2021-04-15,FNGS,161.2,6473.2,0,1446.65,0,4,3,105,2,0,Nuwara Eliya Main Warehouse
2021-04-15,OP,125.3,4591.3,0,2857.03,0,4,3,105,2,0,Nuwara Eliya Main Warehouse
2021-04-16,BOP,271.4,11533.0,0,1839.89,1,4,4,106,2,0,Nuwara Eliya Main Warehouse
2021-04-16,BOPF,252.9,9819.7,0,1651.52,1,4,4,106,2,0,Nuwara Eliya Main Warehouse
2021-04-16,DUST,220.1,8135.1,0,1547.57,1,4,4,106,2,0,Nuwara Eliya Main Warehouse
2021-04-16,FNGS,160.9,6489.8,0,1397.57,1,4,4,106,2,0,Nuwara Eliya Main Warehouse
2021-04-16,OP,97.6,4582.1,0,2948.54,1,4,4,106,2,0,Nuwara Eliya Main Warehouse
2021-04-17,BOP,283.8,11522.8,0,1872.1,0,4,5,107,2,1,Nuwara Eliya Main Warehouse
2021-04-17,BOPF,227.1,9807.3,0,1654.6,0,4,5,107,2,1,Nuwara Eliya Main Warehouse
2021-04-17,DUST,166.5,8139.1,0,1545.89,0,4,5,107,2,1,Nuwara Eliya Main Warehouse
2021-04-17,FNGS,156.5,6481.9,0,1399.95,0,4,5,107,2,1,Nuwara Eliya Main Warehouse
2021-04-17,OP,107.9,4590.6,0,2724.38,0,4,5,107,2,1,Nuwara Eliya Main Warehouse
2021-04-18,BOP,202.8,11517.3,0,1887.12,0,4,6,108,2,1,Nuwara Eliya Main Warehouse
2021-04-18,BOPF,165.1,9797.4,0,1555.78,0,4,6,108,2,1,Nuwara Eliya Main Warehouse
2021-04-18,DUST,181.1,8140.0,0,1532.14,0,4,6,108,2,1,Nuwara Eliya Main Warehouse
2021-04-18,FNGS,113.5,6478.7,0,1499.06,0,4,6,108,2,1,Nuwara Eliya Main Warehouse
2021-04-18,OP,92.0,4580.1,0,2888.56,0,4,6,108,2,1,Nuwara Eliya Main Warehouse
2021-04-19,BOP,364.2,11579.7,0,1857.67,1,4,0,109,2,0,Nuwara Eliya Main Warehouse
2021-04-19,BOPF,340.2,9815.0,0,1635.24,1,4,0,109,2,0,Nuwara Eliya Main Warehouse
2021-04-19,DUST,289.9,8194.1,0,1528.32,1,4,0,109,2,0,Nuwara Eliya Main Warehouse
2021-04-19,FNGS,213.3,6512.5,0,1436.14,1,4,0,109,2,0,Nuwara Eliya Main Warehouse
2021-04-19,OP,145.8,4570.2,0,2792.06,1,4,0,109,2,0,Nuwara Eliya Main Warehouse
2021-04-20,BOP,373.7,11604.2,0,1707.54,0,4,1,110,2,0,Nuwara Eliya Main Warehouse
2021-04-20,BOPF,311.3,9800.8,0,1656.22,0,4,1,110,2,0,Nuwara Eliya Main Warehouse
2021-04-20,DUST,293.0,8175.8,0,1538.0,0,4,1,110,2,0,Nuwara Eliya Main Warehouse
2021-04-20,FNGS,215.1,6508.4,0,1384.34,0,4,1,110,2,0,Nuwara Eliya Main Warehouse
2021-04-20,OP,169.2,4546.9,0,2765.73,0,4,1,110,2,0,Nuwara Eliya Main Warehouse
2021-04-21,BOP,331.7,11595.7,0,1865.82,1,4,2,111,2,0,Nuwara Eliya Main Warehouse
2021-04-21,BOPF,318.4,9754.2,0,1668.46,1,4,2,111,2,0,Nuwara Eliya Main Warehouse
2021-04-21,DUST,279.1,8215.9,0,1498.96,1,4,2,111,2,0,Nuwara Eliya Main Warehouse
2021-04-21,FNGS,213.3,6497.0,0,1413.97,1,4,2,111,2,0,Nuwara Eliya Main Warehouse
2021-04-21,OP,144.6,4554.9,0,2745.41,1,4,2,111,2,0,Nuwara Eliya Main Warehouse
2021-04-22,BOP,361.5,11629.8,0,1785.01,0,4,3,112,2,0,Nuwara Eliya Main Warehouse
2021-04-22,BOPF,315.5,9788.7,0,1599.5,0,4,3,112,2,0,Nuwara Eliya Main Warehouse
2021-04-22,DUST,256.7,8255.2,0,1526.06,0,4,3,112,2,0,Nuwara Eliya Main Warehouse
2021-04-22,FNGS,184.6,6481.8,0,1412.9,0,4,3,112,2,0,Nuwara Eliya Main Warehouse
2021-04-22,OP,144.3,4538.1,0,2767.66,0,4,3,112,2,0,Nuwara Eliya Main Warehouse
2021-04-23,BOP,327.7,11674.5,0,1853.53,1,4,4,113,2,0,Nuwara Eliya Main Warehouse
2021-04-23,BOPF,298.1,9804.9,0,1601.24,1,4,4,113,2,0,Nuwara Eliya Main Warehouse
2021-04-23,DUST,244.6,8259.5,0,1653.32,1,4,4,113,2,0,Nuwara Eliya Main Warehouse
2021-04-23,FNGS,189.0,6512.1,0,1482.28,1,4,4,113,2,0,Nuwara Eliya Main Warehouse
2021-04-23,OP,130.7,4543.1,0,2864.86,1,4,4,113,2,0,Nuwara Eliya Main Warehouse
2021-04-24,BOP,293.7,11662.5,0,1787.33,0,4,5,114,2,1,Nuwara Eliya Main Warehouse
2021-04-24,BOPF,236.5,9811.6,0,1605.49,0,4,5,114,2,1,Nuwara Eliya Main Warehouse
2021-04-24,DUST,195.6,8253.5,0,1597.02,0,4,5,114,2,1,Nuwara Eliya Main Warehouse
2021-04-24,FNGS,156.7,6496.7,0,1413.23,0,4,5,114,2,1,Nuwara Eliya Main Warehouse
2021-04-24,OP,102.7,4566.0,0,2804.0,0,4,5,114,2,1,Nuwara Eliya Main Warehouse
2021-04-25,BOP,194.4,11665.5,0,1786.81,0,4,6,115,2,1,Nuwara Eliya Main Warehouse
2021-04-25,BOPF,193.2,9857.3,0,1659.57,0,4,6,115,2,1,Nuwara Eliya Main Warehouse
2021-04-25,DUST,137.0,8258.7,0,1605.98,0,4,6,115,2,1,Nuwara Eliya Main Warehouse
2021-04-25,FNGS,112.1,6500.2,0,1504.41,0,4,6,115,2,1,Nuwara Eliya Main Warehouse
2021-04-25,OP,82.6,4577.4,0,2883.34,0,4,6,115,2,1,Nuwara Eliya Main Warehouse
2021-04-26,BOP,363.7,11628.6,0,1934.11,1,4,0,116,2,0,Nuwara Eliya Main Warehouse
2021-04-26,BOPF,319.0,9882.3,0,1683.87,1,4,0,116,2,0,Nuwara Eliya Main Warehouse
2021-04-26,DUST,271.6,8228.1,0,1617.77,1,4,0,116,2,0,Nuwara Eliya Main Warehouse
2021-04-26,FNGS,209.2,6511.3,0,1357.31,1,4,0,116,2,0,Nuwara Eliya Main Warehouse
2021-04-26,OP,134.6,4561.3,0,2729.31,1,4,0,116,2,0,Nuwara Eliya Main Warehouse
2021-04-27,BOP,373.0,11599.7,0,1847.93,0,4,1,117,2,0,Nuwara Eliya Main Warehouse
2021-04-27,BOPF,324.3,9945.7,0,1613.94,0,4,1,117,2,0,Nuwara Eliya Main Warehouse
2021-04-27,DUST,267.3,8192.9,0,1648.44,0,4,1,117,2,0,Nuwara Eliya Main Warehouse
2021-04-27,FNGS,209.2,6537.4,0,1410.52,0,4,1,117,2,0,Nuwara Eliya Main Warehouse
2021-04-27,OP,146.5,4552.5,0,2882.3,0,4,1,117,2,0,Nuwara Eliya Main Warehouse
2021-04-28,BOP,344.5,11641.9,0,1843.81,1,4,2,118,2,0,Nuwara Eliya Main Warehouse
2021-04-28,BOPF,292.4,9918.2,0,1677.99,1,4,2,118,2,0,Nuwara Eliya Main Warehouse
2021-04-28,DUST,273.7,8164.1,0,1480.89,1,4,2,118,2,0,Nuwara Eliya Main Warehouse
2021-04-28,FNGS,217.4,6559.9,0,1379.94,1,4,2,118,2,0,Nuwara Eliya Main Warehouse
2021-04-28,OP,147.0,4570.1,0,2860.39,1,4,2,118,2,0,Nuwara Eliya Main Warehouse
2021-04-29,BOP,382.2,11612.3,0,1892.74,0,4,3,119,2,0,Nuwara Eliya Main Warehouse
2021-04-29,BOPF,295.1,9941.1,0,1639.98,0,4,3,119,2,0,Nuwara Eliya Main Warehouse
2021-04-29,DUST,254.7,8144.9,0,1506.19,0,4,3,119,2,0,Nuwara Eliya Main Warehouse
2021-04-29,FNGS,207.3,6596.0,0,1391.3,0,4,3,119,2,0,Nuwara Eliya Main Warehouse
2021-04-29,OP,153.9,4602.1,0,2697.51,0,4,3,119,2,0,Nuwara Eliya Main Warehouse
2021-04-30,BOP,339.2,11632.7,0,1845.53,1,4,4,120,2,0,Nuwara Eliya Main Warehouse
2021-04-30,BOPF,315.8,10003.3,0,1628.06,1,4,4,120,2,0,Nuwara Eliya Main Warehouse
2021-04-30,DUST,226.5,8156.6,0,1526.11,1,4,4,120,2,0,Nuwara Eliya Main Warehouse
2021-04-30,FNGS,179.3,6572.3,0,1392.31,1,4,4,120,2,0,Nuwara Eliya Main Warehouse
2021-04-30,OP,147.4,4581.9,0,2950.89,1,4,4,120,2,0,Nuwara Eliya Main Warehouse
2021-05-01,BOP,234.0,11663.9,0,1983.0,0,5,5,121,2,1,Nuwara Eliya Main Warehouse
2021-05-01,BOPF,162.5,10016.9,0,1623.94,0,5,5,121,2,1,Nuwara Eliya Main Warehouse
2021-05-01,DUST,172.8,8189.4,0,1541.76,0,5,5,121,2,1,Nuwara Eliya Main Warehouse
2021-05-01,FNGS,144.1,6567.8,0,1382.41,0,5,5,121,2,1,Nuwara Eliya Main Warehouse
2021-05-01,OP,101.2,4599.6,0,2853.12,0,5,5,121,2,1,Nuwara Eliya Main Warehouse
2021-05-02,BOP,153.0,11647.5,0,1851.22,0,5,6,122,2,1,Nuwara Eliya Main Warehouse
2021-05-02,BOPF,137.9,10035.8,0,1670.62,0,5,6,122,2,1,Nuwara Eliya Main Warehouse
2021-05-02,DUST,123.2,8182.5,0,1549.74,0,5,6,122,2,1,Nuwara Eliya Main Warehouse
2021-05-02,FNGS,112.4,6563.5,0,1485.05,0,5,6,122,2,1,Nuwara Eliya Main Warehouse
2021-05-02,OP,67.6,4604.7,0,2889.07,0,5,6,122,2,1,Nuwara Eliya Main Warehouse
2021-05-03,BOP,357.1,11675.0,0,1886.77,1,5,0,123,2,0,Nuwara Eliya Main Warehouse
2021-05-03,BOPF,309.9,10035.4,0,1650.28,1,5,0,123,2,0,Nuwara Eliya Main Warehouse
2021-05-03,DUST,244.2,8237.2,0,1543.04,1,5,0,123,2,0,Nuwara Eliya Main Warehouse
2021-05-03,FNGS,185.5,6546.5,0,1472.24,1,5,0,123,2,0,Nuwara Eliya Main Warehouse
2021-05-03,OP,127.8,4613.4,0,2922.1,1,5,0,123,2,0,Nuwara Eliya Main Warehouse
2021-05-04,BOP,318.9,11659.9,0,1920.53,0,5,1,124,2,0,Nuwara Eliya Main Warehouse
2021-05-04,BOPF,307.9,10000.6,0,1745.18,0,5,1,124,2,0,Nuwara Eliya Main Warehouse
2021-05-04,DUST,253.7,8296.1,0,1574.14,0,5,1,124,2,0,Nuwara Eliya Main Warehouse
2021-05-04,FNGS,206.0,6539.5,0,1429.5,0,5,1,124,2,0,Nuwara Eliya Main Warehouse
2021-05-04,OP,137.3,4645.4,0,2906.53,0,5,1,124,2,0,Nuwara Eliya Main Warehouse
2021-05-05,BOP,254.3,11719.7,0,1955.7,1,5,2,125,2,0,Nuwara Eliya Main Warehouse
2021-05-05,BOPF,229.9,10008.3,0,1593.27,1,5,2,125,2,0,Nuwara Eliya Main Warehouse
2021-05-05,DUST,224.9,8348.6,0,1565.7,1,5,2,125,2,0,Nuwara Eliya Main Warehouse
2021-05-05,FNGS,148.5,6535.6,0,1392.77,1,5,2,125,2,0,Nuwara Eliya Main Warehouse
2021-05-05,OP,112.5,4662.2,0,2814.8,1,5,2,125,2,0,Nuwara Eliya Main Warehouse
2021-05-06,BOP,278.3,11731.8,0,1825.73,0,5,3,126,2,0,Nuwara Eliya Main Warehouse
2021-05-06,BOPF,217.5,10010.0,0,1659.99,0,5,3,126,2,0,Nuwara Eliya Main Warehouse
2021-05-06,DUST,189.2,8383.6,0,1530.56,0,5,3,126,2,0,Nuwara Eliya Main Warehouse
2021-05-06,FNGS,145.6,6544.1,0,1384.1,0,5,3,126,2,0,Nuwara Eliya Main Warehouse
2021-05-06,OP,95.6,4680.3,0,2886.51,0,5,3,126,2,0,Nuwara Eliya Main Warehouse
2021-05-07,BOP,277.6,11779.6,0,1843.85,1,5,4,127,2,0,Nuwara Eliya Main Warehouse
2021-05-07,BOPF,285.8,10066.2,0,1609.21,1,5,4,127,2,0,Nuwara Eliya Main Warehouse
2021-05-07,DUST,236.0,8382.6,0,1463.12,1,5,4,127,2,0,Nuwara Eliya Main Warehouse
2021-05-07,FNGS,154.1,6561.9,0,1444.06,1,5,4,127,2,0,Nuwara Eliya Main Warehouse
2021-05-07,OP,109.6,4679.4,0,2673.76,1,5,4,127,2,0,Nuwara Eliya Main Warehouse
2021-05-08,BOP,205.4,11794.0,0,1937.92,0,5,5,128,2,1,Nuwara Eliya Main Warehouse
2021-05-08,BOPF,195.7,10055.9,0,1592.8,0,5,5,128,2,1,Nuwara Eliya Main Warehouse
2021-05-08,DUST,154.1,8363.9,0,1518.23,0,5,5,128,2,1,Nuwara Eliya Main Warehouse
2021-05-08,FNGS,137.9,6562.3,0,1425.61,0,5,5,128,2,1,Nuwara Eliya Main Warehouse
2021-05-08,OP,85.1,4685.5,0,2859.08,0,5,5,128,2,1,Nuwara Eliya Main Warehouse
2021-05-09,BOP,169.7,11771.5,0,1912.27,0,5,6,129,2,1,Nuwara Eliya Main Warehouse
2021-05-09,BOPF,159.5,10093.7,0,1634.64,0,5,6,129,2,1,Nuwara Eliya Main Warehouse
2021-05-09,DUST,136.1,8374.5,0,1538.97,0,5,6,129,2,1,Nuwara Eliya Main Warehouse
2021-05-09,FNGS,93.4,6575.1,0,1407.02,0,5,6,129,2,1,Nuwara Eliya Main Warehouse
2021-05-09,OP,75.8,4692.8,0,2971.74,0,5,6,129,2,1,Nuwara Eliya Main Warehouse
2021-05-10,BOP,317.7,11804.3,0,1927.12,1,5,0,130,2,0,Nuwara Eliya Main Warehouse
2021-05-10,BOPF,275.7,10158.0,0,1641.96,1,5,0,130,2,0,Nuwara Eliya Main Warehouse
2021-05-10,DUST,245.1,8392.5,0,1553.13,1,5,0,130,2,0,Nuwara Eliya Main Warehouse
2021-05-10,FNGS,185.2,6572.3,0,1435.94,1,5,0,130,2,0,Nuwara Eliya Main Warehouse
2021-05-10,OP,134.8,4689.9,0,2768.0,1,5,0,130,2,0,Nuwara Eliya Main Warehouse
2021-05-11,BOP,313.2,11876.6,0,1791.62,0,5,1,131,2,0,Nuwara Eliya Main Warehouse
2021-05-11,BOPF,311.3,10142.1,0,1777.22,0,5,1,131,2,0,Nuwara Eliya Main Warehouse
2021-05-11,DUST,248.6,8439.7,0,1512.21,0,5,1,131,2,0,Nuwara Eliya Main Warehouse
2021-05-11,FNGS,226.1,6564.6,0,1450.73,0,5,1,131,2,0,Nuwara Eliya Main Warehouse
2021-05-11,OP,133.9,4700.4,0,2903.52,0,5,1,131,2,0,Nuwara Eliya Main Warehouse
2021-05-12,BOP,337.4,11907.1,0,1953.64,1,5,2,132,2,0,Nuwara Eliya Main Warehouse
2021-05-12,BOPF,288.7,10139.0,0,1626.57,1,5,2,132,2,0,Nuwara Eliya Main Warehouse
2021-05-12,DUST,282.4,8509.9,0,1542.03,1,5,2,132,2,0,Nuwara Eliya Main Warehouse
2021-05-12,FNGS,196.8,6577.7,0,1406.94,1,5,2,132,2,0,Nuwara Eliya Main Warehouse
2021-05-12,OP,137.4,4692.8,0,2975.75,1,5,2,132,2,0,Nuwara Eliya Main Warehouse
2021-05-13,BOP,308.8,11962.0,0,1825.6,0,5,3,133,2,0,Nuwara Eliya Main Warehouse
2021-05-13,BOPF,281.7,10197.7,0,1580.71,0,5,3,133,2,0,Nuwara Eliya Main Warehouse
2021-05-13,DUST,257.6,8523.6,0,1512.37,0,5,3,133,2,0,Nuwara Eliya Main Warehouse
2021-05-13,FNGS,185.3,6551.6,0,1380.45,0,5,3,133,2,0,Nuwara Eliya Main Warehouse
2021-05-13,OP,113.2,4682.3,0,2884.92,0,5,3,133,2,0,Nuwara Eliya Main Warehouse
2021-05-14,BOP,302.6,12023.6,0,1878.66,1,5,4,134,2,0,Nuwara Eliya Main Warehouse
2021-05-14,BOPF,273.1,10262.3,0,1649.02,1,5,4,134,2,0,Nuwara Eliya Main Warehouse
2021-05-14,DUST,230.0,8520.9,0,1559.22,1,5,4,134,2,0,Nuwara Eliya Main Warehouse
2021-05-14,FNGS,145.4,6534.5,0,1358.13,1,5,4,134,2,0,Nuwara Eliya Main Warehouse
2021-05-14,OP,116.7,4682.3,0,2913.37,1,5,4,134,2,0,Nuwara Eliya Main Warehouse
2021-05-15,BOP,195.4,12012.2,0,1859.9,0,5,5,135,2,1,Nuwara Eliya Main Warehouse
2021-05-15,BOPF,202.7,10267.9,0,1535.05,0,5,5,135,2,1,Nuwara Eliya Main Warehouse
2021-05-15,DUST,148.0,8509.7,0,1515.29,0,5,5,135,2,1,Nuwara Eliya Main Warehouse
2021-05-15,FNGS,138.7,6536.9,0,1424.24,0,5,5,135,2,1,Nuwara Eliya Main Warehouse
2021-05-15,OP,91.6,4695.6,0,2695.6,0,5,5,135,2,1,Nuwara Eliya Main Warehouse
2021-05-16,BOP,194.3,11999.5,0,1819.51,0,5,6,136,2,1,Nuwara Eliya Main Warehouse
2021-05-16,BOPF,173.4,10264.1,0,1631.52,0,5,6,136,2,1,Nuwara Eliya Main Warehouse
2021-05-16,DUST,107.2,8493.8,0,1525.83,0,5,6,136,2,1,Nuwara Eliya Main Warehouse
2021-05-16,FNGS,81.7,6555.4,0,1504.85,0,5,6,136,2,1,Nuwara Eliya Main Warehouse
2021-05-16,OP,60.9,4708.8,0,2749.11,0,5,6,136,2,1,Nuwara Eliya Main Warehouse
2021-05-17,BOP,309.1,12028.7,0,1790.0,1,5,0,137,2,0,Nuwara Eliya Main Warehouse
2021-05-17,BOPF,311.8,10283.0,0,1636.89,1,5,0,137,2,0,Nuwara Eliya Main Warehouse
2021-05-17,DUST,244.2,8506.9,0,1504.56,1,5,0,137,2,0,Nuwara Eliya Main Warehouse
2021-05-17,FNGS,174.9,6579.7,0,1367.28,1,5,0,137,2,0,Nuwara Eliya Main Warehouse
2021-05-17,OP,120.3,4712.8,0,2947.94,1,5,0,137,2,0,Nuwara Eliya Main Warehouse
2021-05-18,BOP,333.4,12033.5,0,1771.75,0,5,1,138,2,0,Nuwara Eliya Main Warehouse
2021-05-18,BOPF,313.5,10322.2,0,1674.85,0,5,1,138,2,0,Nuwara Eliya Main Warehouse
2021-05-18,DUST,248.2,8524.8,0,1558.39,0,5,1,138,2,0,Nuwara Eliya Main Warehouse
2021-05-18,FNGS,190.6,6557.8,0,1460.2,0,5,1,138,2,0,Nuwara Eliya Main Warehouse
2021-05-18,OP,118.4,4725.5,0,2908.72,0,5,1,138,2,0,Nuwara Eliya Main Warehouse
2021-05-19,BOP,348.3,12098.2,0,1875.27,1,5,2,139,2,0,Nuwara Eliya Main Warehouse
2021-05-19,BOPF,263.0,10311.5,0,1683.67,1,5,2,139,2,0,Nuwara Eliya Main Warehouse
2021-05-19,DUST,260.0,8571.6,0,1525.35,1,5,2,139,2,0,Nuwara Eliya Main Warehouse
2021-05-19,FNGS,205.4,6596.5,0,1385.75,1,5,2,139,2,0,Nuwara Eliya Main Warehouse
2021-05-19,OP,140.4,4710.2,0,2869.92,1,5,2,139,2,0,Nuwara Eliya Main Warehouse
2021-05-20,BOP,302.2,12161.7,0,1784.15,0,5,3,140,2,0,Nuwara Eliya Main Warehouse
2021-05-20,BOPF,316.5,10357.3,0,1611.99,0,5,3,140,2,0,Nuwara Eliya Main Warehouse
2021-05-20,DUST,255.7,8584.9,0,1607.92,0,5,3,140,2,0,Nuwara Eliya Main Warehouse
2021-05-20,FNGS,194.3,6624.3,0,1394.32,0,5,3,140,2,0,Nuwara Eliya Main Warehouse
2021-05-20,OP,120.8,4735.8,0,2806.23,0,5,3,140,2,0,Nuwara Eliya Main Warehouse
2021-05-21,BOP,294.5,12159.2,0,1806.01,1,5,4,141,2,0,Nuwara Eliya Main Warehouse
2021-05-21,BOPF,270.0,10322.4,0,1629.27,1,5,4,141,2,0,Nuwara Eliya Main Warehouse
2021-05-21,DUST,219.9,8632.5,0,1584.74,1,5,4,141,2,0,Nuwara Eliya Main Warehouse
2021-05-21,FNGS,163.9,6639.7,0,1452.76,1,5,4,141,2,0,Nuwara Eliya Main Warehouse
2021-05-21,OP,114.0,4744.6,0,2852.57,1,5,4,141,2,0,Nuwara Eliya Main Warehouse
2021-05-22,BOP,234.7,12146.2,0,1856.97,0,5,5,142,2,1,Nuwara Eliya Main Warehouse
2021-05-22,BOPF,171.2,10300.0,0,1599.47,0,5,5,142,2,1,Nuwara Eliya Main Warehouse
2021-05-22,DUST,170.4,8649.7,0,1562.73,0,5,5,142,2,1,Nuwara Eliya Main Warehouse
2021-05-22,FNGS,123.4,6661.7,0,1403.71,0,5,5,142,2,1,Nuwara Eliya Main Warehouse
2021-05-22,OP,86.1,4758.6,0,2974.87,0,5,5,142,2,1,Nuwara Eliya Main Warehouse
2021-05-23,BOP,130.2,12167.3,0,1722.76,0,5,6,143,2,1,Nuwara Eliya Main Warehouse
2021-05-23,BOPF,153.8,10300.7,0,1582.0,0,5,6,143,2,1,Nuwara Eliya Main Warehouse
2021-05-23,DUST,124.7,8673.0,0,1529.01,0,5,6,143,2,1,Nuwara Eliya Main Warehouse
2021-05-23,FNGS,86.1,6662.7,0,1424.96,0,5,6,143,2,1,Nuwara Eliya Main Warehouse
2021-05-23,OP,74.1,4771.0,0,2820.52,0,5,6,143,2,1,Nuwara Eliya Main Warehouse
2021-05-24,BOP,324.1,12154.3,0,1912.58,1,5,0,144,2,0,Nuwara Eliya Main Warehouse
2021-05-24,BOPF,263.6,10298.5,0,1652.0,1,5,0,144,2,0,Nuwara Eliya Main Warehouse
2021-05-24,DUST,228.9,8652.2,0,1583.9,1,5,0,144,2,0,Nuwara Eliya Main Warehouse
2021-05-24,FNGS,183.5,6651.5,0,1424.26,1,5,0,144,2,0,Nuwara Eliya Main Warehouse
2021-05-24,OP,121.6,4765.2,0,2888.02,1,5,0,144,2,0,Nuwara Eliya Main Warehouse
2021-05-25,BOP,341.1,12215.4,0,1735.73,0,5,1,145,2,0,Nuwara Eliya Main Warehouse
2021-05-25,BOPF,304.9,10291.2,0,1575.16,0,5,1,145,2,0,Nuwara Eliya Main Warehouse
2021-05-25,DUST,250.0,8700.2,0,1598.44,0,5,1,145,2,0,Nuwara Eliya Main Warehouse
2021-05-25,FNGS,191.3,6661.9,0,1386.44,0,5,1,145,2,0,Nuwara Eliya Main Warehouse
2021-05-25,OP,124.2,4772.9,0,2886.01,0,5,1,145,2,0,Nuwara Eliya Main Warehouse
2021-05-26,BOP,344.2,12222.1,0,1865.32,1,5,2,146,2,0,Nuwara Eliya Main Warehouse
2021-05-26,BOPF,266.3,10303.6,0,1617.03,1,5,2,146,2,0,Nuwara Eliya Main Warehouse
2021-05-26,DUST,249.5,8730.2,0,1573.07,1,5,2,146,2,0,Nuwara Eliya Main Warehouse
2021-05-26,FNGS,196.9,6675.6,0,1452.44,1,5,2,146,2,0,Nuwara Eliya Main Warehouse
2021-05-26,OP,126.4,4802.5,0,2773.76,1,5,2,146,2,0,Nuwara Eliya Main Warehouse
2021-05-27,BOP,298.5,12257.0,0,1870.58,0,5,3,147,2,0,Nuwara Eliya Main Warehouse
2021-05-27,BOPF,268.7,10297.8,0,1588.93,0,5,3,147,2,0,Nuwara Eliya Main Warehouse
2021-05-27,DUST,255.7,8709.2,0,1641.12,0,5,3,147,2,0,Nuwara Eliya Main Warehouse
2021-05-27,FNGS,192.7,6688.2,0,1412.36,0,5,3,147,2,0,Nuwara Eliya Main Warehouse
2021-05-27,OP,131.5,4787.5,0,2780.44,0,5,3,147,2,0,Nuwara Eliya Main Warehouse
2021-05-28,BOP,261.2,12227.8,0,1899.75,1,5,4,148,2,0,Nuwara Eliya Main Warehouse
2021-05-28,BOPF,262.9,10278.5,0,1664.13,1,5,4,148,2,0,Nuwara Eliya Main Warehouse
2021-05-28,DUST,218.6,8693.0,0,1588.03,1,5,4,148,2,0,Nuwara Eliya Main Warehouse
2021-05-28,FNGS,167.3,6700.9,0,1356.73,1,5,4,148,2,0,Nuwara Eliya Main Warehouse
2021-05-28,OP,107.3,4800.7,0,2958.37,1,5,4,148,2,0,Nuwara Eliya Main Warehouse
2021-05-29,BOP,216.1,12249.3,0,1867.71,0,5,5,149,2,1,Nuwara Eliya Main Warehouse
2021-05-29,BOPF,198.5,10273.3,0,1725.08,0,5,5,149,2,1,Nuwara Eliya Main Warehouse
2021-05-29,DUST,146.6,8725.4,0,1609.26,0,5,5,149,2,1,Nuwara Eliya Main Warehouse
2021-05-29,FNGS,112.5,6726.8,0,1377.67,0,5,5,149,2,1,Nuwara Eliya Main Warehouse
2021-05-29,OP,71.2,4817.4,0,2878.19,0,5,5,149,2,1,Nuwara Eliya Main Warehouse
2021-05-30,BOP,163.3,12254.4,0,1982.15,0,5,6,150,2,1,Nuwara Eliya Main Warehouse
2021-05-30,BOPF,143.5,10307.8,0,1574.39,0,5,6,150,2,1,Nuwara Eliya Main Warehouse
2021-05-30,DUST,132.3,8707.2,0,1573.1,0,5,6,150,2,1,Nuwara Eliya Main Warehouse
2021-05-30,FNGS,97.0,6747.2,0,1284.35,0,5,6,150,2,1,Nuwara Eliya Main Warehouse
2021-05-30,OP,48.4,4816.0,0,2773.36,0,5,6,150,2,1,Nuwara Eliya Main Warehouse
2021-05-31,BOP,322.0,12281.6,0,1882.3,1,5,0,151,2,0,Nuwara Eliya Main Warehouse
2021-05-31,BOPF,272.7,10311.7,0,1547.71,1,5,0,151,2,0,Nuwara Eliya Main Warehouse
2021-05-31,DUST,243.4,8715.8,0,1598.42,1,5,0,151,2,0,Nuwara Eliya Main Warehouse
2021-05-31,FNGS,177.5,6782.8,0,1417.54,1,5,0,151,2,0,Nuwara Eliya Main Warehouse
2021-05-31,OP,110.2,4837.4,0,2804.57,1,5,0,151,2,0,Nuwara Eliya Main Warehouse
2021-06-01,BOP,339.3,12253.5,0,1928.9,0,6,1,152,2,0,Nuwara Eliya Main Warehouse
2021-06-01,BOPF,255.5,10318.8,0,1631.82,0,6,1,152,2,0,Nuwara Eliya Main Warehouse
2021-06-01,DUST,271.7,8709.1,0,1530.06,0,6,1,152,2,0,Nuwara Eliya Main Warehouse
2021-06-01,FNGS,175.3,6812.7,0,1470.23,0,6,1,152,2,0,Nuwara Eliya Main Warehouse
2021-06-01,OP,130.8,4866.6,0,2748.13,0,6,1,152,2,0,Nuwara Eliya Main Warehouse
2021-06-02,BOP,312.8,12298.8,0,1830.41,1,6,2,153,2,0,Nuwara Eliya Main Warehouse
2021-06-02,BOPF,281.5,10341.5,0,1638.77,1,6,2,153,2,0,Nuwara Eliya Main Warehouse
2021-06-02,DUST,245.4,8737.6,0,1545.91,1,6,2,153,2,0,Nuwara Eliya Main Warehouse
2021-06-02,FNGS,178.5,6853.3,0,1371.58,1,6,2,153,2,0,Nuwara Eliya Main Warehouse
2021-06-02,OP,119.3,4884.4,0,2920.71,1,6,2,153,2,0,Nuwara Eliya Main Warehouse
2021-06-03,BOP,323.4,12361.9,0,1877.4,0,6,3,154,2,0,Nuwara Eliya Main Warehouse
2021-06-03,BOPF,287.9,10411.6,0,1648.75,0,6,3,154,2,0,Nuwara Eliya Main Warehouse
2021-06-03,DUST,224.0,8779.2,0,1583.59,0,6,3,154,2,0,Nuwara Eliya Main Warehouse
2021-06-03,FNGS,179.7,6833.4,0,1440.26,0,6,3,154,2,0,Nuwara Eliya Main Warehouse
2021-06-03,OP,114.4,4877.8,0,2810.18,0,6,3,154,2,0,Nuwara Eliya Main Warehouse
2021-06-04,BOP,289.0,12343.6,0,1956.72,1,6,4,155,2,0,Nuwara Eliya Main Warehouse
2021-06-04,BOPF,242.4,10398.7,0,1616.55,1,6,4,155,2,0,Nuwara Eliya Main Warehouse
2021-06-04,DUST,229.0,8777.8,0,1583.36,1,6,4,155,2,0,Nuwara Eliya Main Warehouse
2021-06-04,FNGS,168.4,6826.0,0,1433.85,1,6,4,155,2,0,Nuwara Eliya Main Warehouse
2021-06-04,OP,100.0,4876.2,0,2811.5,1,6,4,155,2,0,Nuwara Eliya Main Warehouse
2021-06-05,BOP,189.2,12322.5,0,1857.78,0,6,5,156,2,1,Nuwara Eliya Main Warehouse
2021-06-05,BOPF,176.9,10420.3,0,1628.61,0,6,5,156,2,1,Nuwara Eliya Main Warehouse
2021-06-05,DUST,143.3,8780.8,0,1591.17,0,6,5,156,2,1,Nuwara Eliya Main Warehouse
2021-06-05,FNGS,111.2,6831.3,0,1384.29,0,6,5,156,2,1,Nuwara Eliya Main Warehouse
2021-06-05,OP,75.3,4866.0,0,2902.37,0,6,5,156,2,1,Nuwara Eliya Main Warehouse
2021-06-06,BOP,190.3,12295.7,0,1881.77,0,6,6,157,2,1,Nuwara Eliya Main Warehouse
2021-06-06,BOPF,131.7,10438.3,0,1656.34,0,6,6,157,2,1,Nuwara Eliya Main Warehouse
2021-06-06,DUST,119.4,8809.8,0,1618.85,0,6,6,157,2,1,Nuwara Eliya Main Warehouse
2021-06-06,FNGS,72.6,6845.0,0,1480.51,0,6,6,157,2,1,Nuwara Eliya Main Warehouse
2021-06-06,OP,54.5,4875.9,0,2690.87,0,6,6,157,2,1,Nuwara Eliya Main Warehouse
2021-06-07,BOP,323.2,12330.2,0,1925.68,1,6,0,158,2,0,Nuwara Eliya Main Warehouse
2021-06-07,BOPF,269.0,10463.3,0,1689.16,1,6,0,158,2,0,Nuwara Eliya Main Warehouse
2021-06-07,DUST,237.5,8848.7,0,1501.53,1,6,0,158,2,0,Nuwara Eliya Main Warehouse
2021-06-07,FNGS,175.9,6854.2,0,1404.62,1,6,0,158,2,0,Nuwara Eliya Main Warehouse
2021-06-07,OP,113.8,4897.5,0,2829.05,1,6,0,158,2,0,Nuwara Eliya Main Warehouse
2021-06-08,BOP,306.9,12358.7,0,1830.18,0,6,1,159,2,0,Nuwara Eliya Main Warehouse
2021-06-08,BOPF,289.3,10430.1,0,1543.7,0,6,1,159,2,0,Nuwara Eliya Main Warehouse
2021-06-08,DUST,247.0,8900.2,0,1522.6,0,6,1,159,2,0,Nuwara Eliya Main Warehouse
2021-06-08,FNGS,185.1,6881.8,0,1500.61,0,6,1,159,2,0,Nuwara Eliya Main Warehouse
2021-06-08,OP,131.1,4911.0,0,2831.44,0,6,1,159,2,0,Nuwara Eliya Main Warehouse
2021-06-09,BOP,335.6,12381.8,0,1751.54,1,6,2,160,2,0,Nuwara Eliya Main Warehouse
2021-06-09,BOPF,277.5,10463.6,0,1620.91,1,6,2,160,2,0,Nuwara Eliya Main Warehouse
2021-06-09,DUST,238.8,8906.3,0,1578.7,1,6,2,160,2,0,Nuwara Eliya Main Warehouse
2021-06-09,FNGS,181.9,6864.6,0,1347.58,1,6,2,160,2,0,Nuwara Eliya Main Warehouse
2021-06-09,OP,129.7,4909.9,0,2808.56,1,6,2,160,2,0,Nuwara Eliya Main Warehouse
2021-06-10,BOP,297.5,12364.8,0,1885.83,0,6,3,161,2,0,Nuwara Eliya Main Warehouse
2021-06-10,BOPF,300.4,10426.3,0,1649.35,0,6,3,161,2,0,Nuwara Eliya Main Warehouse
2021-06-10,DUST,212.3,8894.4,0,1534.45,0,6,3,161,2,0,Nuwara Eliya Main Warehouse
2021-06-10,FNGS,185.9,6855.5,0,1405.08,0,6,3,161,2,0,Nuwara Eliya Main Warehouse
2021-06-10,OP,104.2,4897.4,0,2786.6,0,6,3,161,2,0,Nuwara Eliya Main Warehouse
2021-06-11,BOP,295.8,12366.6,0,1926.65,1,6,4,162,2,0,Nuwara Eliya Main Warehouse
2021-06-11,BOPF,207.9,10444.7,0,1594.46,1,6,4,162,2,0,Nuwara Eliya Main Warehouse
2021-06-11,DUST,194.9,8897.2,0,1725.31,1,6,4,162,2,0,Nuwara Eliya Main Warehouse
2021-06-11,FNGS,166.8,6879.3,0,1410.17,1,6,4,162,2,0,Nuwara Eliya Main Warehouse
2021-06-11,OP,104.6,4913.3,0,2773.32,1,6,4,162,2,0,Nuwara Eliya Main Warehouse
2021-06-12,BOP,222.6,12386.2,0,1796.91,0,6,5,163,2,1,Nuwara Eliya Main Warehouse
2021-06-12,BOPF,165.5,10468.8,0,1723.33,0,6,5,163,2,1,Nuwara Eliya Main Warehouse
2021-06-12,DUST,165.1,8919.8,0,1592.34,0,6,5,163,2,1,Nuwara Eliya Main Warehouse
2021-06-12,FNGS,104.0,6870.6,0,1414.88,0,6,5,163,2,1,Nuwara Eliya Main Warehouse
2021-06-12,OP,66.3,4922.6,0,2856.9,0,6,5,163,2,1,Nuwara Eliya Main Warehouse
2021-06-13,BOP,136.3,12392.8,0,1909.25,0,6,6,164,2,1,Nuwara Eliya Main Warehouse
2021-06-13,BOPF,117.7,10461.1,0,1608.43,0,6,6,164,2,1,Nuwara Eliya Main Warehouse
2021-06-13,DUST,118.8,8907.1,0,1564.83,0,6,6,164,2,1,Nuwara Eliya Main Warehouse
2021-06-13,FNGS,76.5,6869.8,0,1446.77,0,6,6,164,2,1,Nuwara Eliya Main Warehouse
2021-06-13,OP,51.8,4933.7,0,2748.53,0,6,6,164,2,1,Nuwara Eliya Main Warehouse
2021-06-14,BOP,330.3,12473.8,0,1909.76,1,6,0,165,2,0,Nuwara Eliya Main Warehouse
2021-06-14,BOPF,275.8,10512.6,0,1637.42,1,6,0,165,2,0,Nuwara Eliya Main Warehouse
2021-06-14,DUST,259.9,8896.3,0,1544.62,1,6,0,165,2,0,Nuwara Eliya Main Warehouse
2021-06-14,FNGS,161.6,6862.7,0,1559.51,1,6,0,165,2,0,Nuwara Eliya Main Warehouse
2021-06-14,OP,115.5,4950.2,0,2847.12,1,6,0,165,2,0,Nuwara Eliya Main Warehouse
2021-06-15,BOP,335.4,12441.8,0,1746.14,0,6,1,166,2,0,Nuwara Eliya Main Warehouse
2021-06-15,BOPF,287.1,10473.0,0,1666.57,0,6,1,166,2,0,Nuwara Eliya Main Warehouse
2021-06-15,DUST,229.2,8866.2,0,1546.37,0,6,1,166,2,0,Nuwara Eliya Main Warehouse
2021-06-15,FNGS,189.1,6860.8,0,1436.0,0,6,1,166,2,0,Nuwara Eliya Main Warehouse
2021-06-15,OP,117.5,4971.5,0,2787.34,0,6,1,166,2,0,Nuwara Eliya Main Warehouse
2021-06-16,BOP,336.7,12484.9,0,1820.49,1,6,2,167,2,0,Nuwara Eliya Main Warehouse
2021-06-16,BOPF,307.2,10530.6,0,1610.93,1,6,2,167,2,0,Nuwara Eliya Main Warehouse
2021-06-16,DUST,238.6,8871.6,0,1570.22,1,6,2,167,2,0,Nuwara Eliya Main Warehouse
2021-06-16,FNGS,193.3,6886.6,0,1418.01,1,6,2,167,2,0,Nuwara Eliya Main Warehouse
2021-06-16,OP,118.0,4989.0,0,2793.13,1,6,2,167,2,0,Nuwara Eliya Main Warehouse
2021-06-17,BOP,350.7,12489.0,0,1850.62,0,6,3,168,2,0,Nuwara Eliya Main Warehouse
2021-06-17,BOPF,306.9,10541.1,0,1550.04,0,6,3,168,2,0,Nuwara Eliya Main Warehouse
2021-06-17,DUST,250.8,8917.0,0,1574.14,0,6,3,168,2,0,Nuwara Eliya Main Warehouse
2021-06-17,FNGS,170.5,6886.1,0,1371.06,0,6,3,168,2,0,Nuwara Eliya Main Warehouse
2021-06-17,OP,118.5,5001.1,0,2850.74,0,6,3,168,2,0,Nuwara Eliya Main Warehouse
2021-06-18,BOP,274.2,12494.8,0,1862.76,1,6,4,169,2,0,Nuwara Eliya Main Warehouse
2021-06-18,BOPF,230.2,10526.6,0,1619.07,1,6,4,169,2,0,Nuwara Eliya Main Warehouse
2021-06-18,DUST,199.3,8889.1,0,1547.81,1,6,4,169,2,0,Nuwara Eliya Main Warehouse
2021-06-18,FNGS,151.2,6897.0,0,1337.81,1,6,4,169,2,0,Nuwara Eliya Main Warehouse
2021-06-18,OP,102.4,5003.2,0,2792.6,1,6,4,169,2,0,Nuwara Eliya Main Warehouse
2021-06-19,BOP,184.2,12520.1,0,1831.62,0,6,5,170,2,1,Nuwara Eliya Main Warehouse
2021-06-19,BOPF,173.0,10509.9,0,1690.05,0,6,5,170,2,1,Nuwara Eliya Main Warehouse
2021-06-19,DUST,140.2,8906.0,0,1556.45,0,6,5,170,2,1,Nuwara Eliya Main Warehouse
2021-06-19,FNGS,124.5,6883.3,0,1466.45,0,6,5,170,2,1,Nuwara Eliya Main Warehouse
2021-06-19,OP,65.4,5017.0,0,2941.04,0,6,5,170,2,1,Nuwara Eliya Main Warehouse
2021-06-20,BOP,133.5,12537.0,0,1828.76,0,6,6,171,2,1,Nuwara Eliya Main Warehouse
2021-06-20,BOPF,134.1,10540.9,0,1623.77,0,6,6,171,2,1,Nuwara Eliya Main Warehouse
2021-06-20,DUST,106.8,8929.8,0,1631.78,0,6,6,171,2,1,Nuwara Eliya Main Warehouse
2021-06-20,FNGS,86.9,6898.3,0,1394.44,0,6,6,171,2,1,Nuwara Eliya Main Warehouse
2021-06-20,OP,47.3,5022.2,0,2823.04,0,6,6,171,2,1,Nuwara Eliya Main Warehouse
2021-06-21,BOP,294.7,12609.7,0,1965.9,1,6,0,172,2,0,Nuwara Eliya Main Warehouse
2021-06-21,BOPF,257.3,10509.8,0,1599.12,1,6,0,172,2,0,Nuwara Eliya Main Warehouse
2021-06-21,DUST,224.5,8917.4,0,1633.76,1,6,0,172,2,0,Nuwara Eliya Main Warehouse
2021-06-21,FNGS,176.0,6897.9,0,1526.88,1,6,0,172,2,0,Nuwara Eliya Main Warehouse
2021-06-21,OP,101.3,5023.2,0,2922.93,1,6,0,172,2,0,Nuwara Eliya Main Warehouse
2021-06-22,BOP,324.8,12577.6,0,1867.3,0,6,1,173,2,0,Nuwara Eliya Main Warehouse
2021-06-22,BOPF,295.1,10489.0,0,1685.36,0,6,1,173,2,0,Nuwara Eliya Main Warehouse
2021-06-22,DUST,250.5,8949.3,0,1581.22,0,6,1,173,2,0,Nuwara Eliya Main Warehouse
2021-06-22,FNGS,167.3,6916.2,0,1454.07,0,6,1,173,2,0,Nuwara Eliya Main Warehouse
2021-06-22,OP,111.4,5010.2,0,2771.22,0,6,1,173,2,0,Nuwara Eliya Main Warehouse
2021-06-23,BOP,326.4,12542.3,0,1834.83,1,6,2,174,2,0,Nuwara Eliya Main Warehouse
2021-06-23,BOPF,274.8,10486.0,0,1624.42,1,6,2,174,2,0,Nuwara Eliya Main Warehouse
2021-06-23,DUST,212.3,9000.3,0,1507.24,1,6,2,174,2,0,Nuwara Eliya Main Warehouse
2021-06-23,FNGS,183.8,6942.0,0,1432.06,1,6,2,174,2,0,Nuwara Eliya Main Warehouse
2021-06-23,OP,129.2,5005.8,0,2769.56,1,6,2,174,2,0,Nuwara Eliya Main Warehouse
2021-06-24,BOP,318.7,12586.8,0,1871.25,0,6,3,175,2,0,Nuwara Eliya Main Warehouse
2021-06-24,BOPF,255.2,10511.1,0,1615.82,0,6,3,175,2,0,Nuwara Eliya Main Warehouse
2021-06-24,DUST,256.7,9060.6,0,1594.76,0,6,3,175,2,0,Nuwara Eliya Main Warehouse
2021-06-24,FNGS,162.8,6931.2,0,1434.37,0,6,3,175,2,0,Nuwara Eliya Main Warehouse
2021-06-24,OP,106.9,5013.1,0,2695.93,0,6,3,175,2,0,Nuwara Eliya Main Warehouse
2021-06-25,BOP,294.0,12610.7,0,1903.48,1,6,4,176,2,0,Nuwara Eliya Main Warehouse
2021-06-25,BOPF,237.6,10527.2,0,1647.99,1,6,4,176,2,0,Nuwara Eliya Main Warehouse
2021-06-25,DUST,192.8,9049.8,0,1642.11,1,6,4,176,2,0,Nuwara Eliya Main Warehouse
2021-06-25,FNGS,140.7,6959.9,0,1434.88,1,6,4,176,2,0,Nuwara Eliya Main Warehouse
2021-06-25,OP,90.7,5009.5,0,2794.49,1,6,4,176,2,0,Nuwara Eliya Main Warehouse
2021-06-26,BOP,198.3,12602.7,0,1876.68,0,6,5,177,2,1,Nuwara Eliya Main Warehouse
2021-06-26,BOPF,155.5,10511.7,0,1678.31,0,6,5,177,2,1,Nuwara Eliya Main Warehouse
2021-06-26,DUST,116.1,9037.0,0,1633.64,0,6,5,177,2,1,Nuwara Eliya Main Warehouse
2021-06-26,FNGS,104.2,6969.9,0,1388.85,0,6,5,177,2,1,Nuwara Eliya Main Warehouse
2021-06-26,OP,71.6,5005.1,0,2816.5,0,6,5,177,2,1,Nuwara Eliya Main Warehouse
2021-06-27,BOP,178.0,12581.7,0,1862.53,0,6,6,178,2,1,Nuwara Eliya Main Warehouse
2021-06-27,BOPF,147.7,10506.7,0,1756.72,0,6,6,178,2,1,Nuwara Eliya Main Warehouse
2021-06-27,DUST,110.4,9027.0,0,1604.21,0,6,6,178,2,1,Nuwara Eliya Main Warehouse
2021-06-27,FNGS,74.6,6971.5,0,1344.56,0,6,6,178,2,1,Nuwara Eliya Main Warehouse
2021-06-27,OP,50.4,5008.1,0,2842.71,0,6,6,178,2,1,Nuwara Eliya Main Warehouse
2021-06-28,BOP,305.0,12546.4,0,1838.0,1,6,0,179,2,0,Nuwara Eliya Main Warehouse
2021-06-28,BOPF,302.3,10490.2,0,1681.29,1,6,0,179,2,0,Nuwara Eliya Main Warehouse
2021-06-28,DUST,225.1,9056.4,0,1636.32,1,6,0,179,2,0,Nuwara Eliya Main Warehouse
2021-06-28,FNGS,168.5,6958.5,0,1395.09,1,6,0,179,2,0,Nuwara Eliya Main Warehouse
2021-06-28,OP,109.8,4999.1,0,2895.02,1,6,0,179,2,0,Nuwara Eliya Main Warehouse
2021-06-29,BOP,378.4,12625.0,0,1837.47,0,6,1,180,2,0,Nuwara Eliya Main Warehouse
2021-06-29,BOPF,288.5,10471.6,0,1697.57,0,6,1,180,2,0,Nuwara Eliya Main Warehouse
2021-06-29,DUST,240.0,9090.1,0,1572.77,0,6,1,180,2,0,Nuwara Eliya Main Warehouse
2021-06-29,FNGS,164.4,6995.9,0,1417.55,0,6,1,180,2,0,Nuwara Eliya Main Warehouse
2021-06-29,OP,127.4,5020.8,0,2889.13,0,6,1,180,2,0,Nuwara Eliya Main Warehouse
2021-06-30,BOP,331.8,12600.7,0,1841.17,1,6,2,181,2,0,Nuwara Eliya Main Warehouse
2021-06-30,BOPF,280.7,10475.6,0,1616.73,1,6,2,181,2,0,Nuwara Eliya Main Warehouse
2021-06-30,DUST,242.3,9119.1,0,1599.61,1,6,2,181,2,0,Nuwara Eliya Main Warehouse
2021-06-30,FNGS,186.7,7024.2,0,1391.22,1,6,2,181,2,0,Nuwara Eliya Main Warehouse
2021-06-30,OP,118.8,5026.0,0,2932.25,1,6,2,181,2,0,Nuwara Eliya Main Warehouse
2021-07-01,BOP,297.1,12594.5,0,1893.29,0,7,3,182,3,0,Nuwara Eliya Main Warehouse
2021-07-01,BOPF,275.9,10511.9,0,1591.58,0,7,3,182,3,0,Nuwara Eliya Main Warehouse
2021-07-01,DUST,242.4,9115.3,0,1538.86,0,7,3,182,3,0,Nuwara Eliya Main Warehouse
2021-07-01,FNGS,185.0,7011.9,0,1364.51,0,7,3,182,3,0,Nuwara Eliya Main Warehouse
2021-07-01,OP,108.7,5034.6,0,2762.53,0,7,3,182,3,0,Nuwara Eliya Main Warehouse
2021-07-02,BOP,257.9,12579.2,0,1819.44,1,7,4,183,3,0,Nuwara Eliya Main Warehouse
2021-07-02,BOPF,262.5,10495.4,0,1644.59,1,7,4,183,3,0,Nuwara Eliya Main Warehouse
2021-07-02,DUST,231.1,9096.4,0,1584.22,1,7,4,183,3,0,Nuwara Eliya Main Warehouse
2021-07-02,FNGS,132.1,7009.9,0,1387.21,1,7,4,183,3,0,Nuwara Eliya Main Warehouse
2021-07-02,OP,96.4,5025.9,0,2839.85,1,7,4,183,3,0,Nuwara Eliya Main Warehouse
2021-07-03,BOP,207.8,12577.6,0,1896.58,0,7,5,184,3,1,Nuwara Eliya Main Warehouse
2021-07-03,BOPF,192.3,10494.7,0,1646.89,0,7,5,184,3,1,Nuwara Eliya Main Warehouse
2021-07-03,DUST,137.0,9107.6,0,1632.57,0,7,5,184,3,1,Nuwara Eliya Main Warehouse
2021-07-03,FNGS,118.8,7030.6,0,1462.24,0,7,5,184,3,1,Nuwara Eliya Main Warehouse
2021-07-03,OP,65.9,5024.5,0,2753.46,0,7,5,184,3,1,Nuwara Eliya Main Warehouse
2021-07-04,BOP,146.4,12559.7,0,1953.31,0,7,6,185,3,1,Nuwara Eliya Main Warehouse
2021-07-04,BOPF,129.0,10495.6,0,1589.38,0,7,6,185,3,1,Nuwara Eliya Main Warehouse
2021-07-04,DUST,122.2,9113.0,0,1543.45,0,7,6,185,3,1,Nuwara Eliya Main Warehouse
2021-07-04,FNGS,72.6,7039.9,0,1450.26,0,7,6,185,3,1,Nuwara Eliya Main Warehouse
2021-07-04,OP,58.0,5025.3,0,2872.47,0,7,6,185,3,1,Nuwara Eliya Main Warehouse
2021-07-05,BOP,324.6,12578.4,0,1893.1,1,7,0,186,3,0,Nuwara Eliya Main Warehouse
2021-07-05,BOPF,275.3,10561.8,0,1633.4,1,7,0,186,3,0,Nuwara Eliya Main Warehouse
2021-07-05,DUST,241.5,9147.1,0,1530.91,1,7,0,186,3,0,Nuwara Eliya Main Warehouse
2021-07-05,FNGS,180.8,7068.1,0,1426.14,1,7,0,186,3,0,Nuwara Eliya Main Warehouse
2021-07-05,OP,109.6,5044.3,0,2989.44,1,7,0,186,3,0,Nuwara Eliya Main Warehouse
2021-07-06,BOP,336.2,12537.0,0,1854.65,0,7,1,187,3,0,Nuwara Eliya Main Warehouse
2021-07-06,BOPF,296.2,10630.5,0,1661.44,0,7,1,187,3,0,Nuwara Eliya Main Warehouse
2021-07-06,DUST,205.4,9152.6,0,1575.62,0,7,1,187,3,0,Nuwara Eliya Main Warehouse
2021-07-06,FNGS,180.0,7072.9,0,1443.7,0,7,1,187,3,0,Nuwara Eliya Main Warehouse
2021-07-06,OP,105.1,5060.9,0,2737.58,0,7,1,187,3,0,Nuwara Eliya Main Warehouse
2021-07-07,BOP,319.5,12591.4,0,1803.25,1,7,2,188,3,0,Nuwara Eliya Main Warehouse
2021-07-07,BOPF,260.8,10674.8,0,1659.67,1,7,2,188,3,0,Nuwara Eliya Main Warehouse
2021-07-07,DUST,226.8,9149.3,0,1560.66,1,7,2,188,3,0,Nuwara Eliya Main Warehouse
2021-07-07,FNGS,177.6,7097.2,0,1371.6,1,7,2,188,3,0,Nuwara Eliya Main Warehouse
2021-07-07,OP,115.4,5053.9,0,2896.04,1,7,2,188,3,0,Nuwara Eliya Main Warehouse
2021-07-08,BOP,298.5,12574.5,0,1963.02,0,7,3,189,3,0,Nuwara Eliya Main Warehouse
2021-07-08,BOPF,294.9,10659.1,0,1666.78,0,7,3,189,3,0,Nuwara Eliya Main Warehouse
2021-07-08,DUST,215.7,9142.3,0,1601.49,0,7,3,189,3,0,Nuwara Eliya Main Warehouse
2021-07-08,FNGS,171.9,7098.0,0,1385.84,0,7,3,189,3,0,Nuwara Eliya Main Warehouse
2021-07-08,OP,102.5,5063.8,0,2926.58,0,7,3,189,3,0,Nuwara Eliya Main Warehouse
2021-07-09,BOP,250.7,12591.1,0,1810.63,1,7,4,190,3,0,Nuwara Eliya Main Warehouse
2021-07-09,BOPF,273.1,10625.6,0,1656.53,1,7,4,190,3,0,Nuwara Eliya Main Warehouse
2021-07-09,DUST,214.6,9128.2,0,1550.35,1,7,4,190,3,0,Nuwara Eliya Main Warehouse
2021-07-09,FNGS,167.4,7087.0,0,1432.41,1,7,4,190,3,0,Nuwara Eliya Main Warehouse
2021-07-09,OP,116.3,5057.7,0,2763.71,1,7,4,190,3,0,Nuwara Eliya Main Warehouse
2021-07-10,BOP,191.5,12629.8,0,1922.8,0,7,5,191,3,1,Nuwara Eliya Main Warehouse
2021-07-10,BOPF,193.8,10621.1,0,1617.87,0,7,5,191,3,1,Nuwara Eliya Main Warehouse
2021-07-10,DUST,153.2,9121.5,0,1651.44,0,7,5,191,3,1,Nuwara Eliya Main Warehouse
2021-07-10,FNGS,96.2,7096.9,0,1377.26,0,7,5,191,3,1,Nuwara Eliya Main Warehouse
2021-07-10,OP,63.9,5073.4,0,2875.55,0,7,5,191,3,1,Nuwara Eliya Main Warehouse
2021-07-11,BOP,168.8,12648.4,0,1911.28,0,7,6,192,3,1,Nuwara Eliya Main Warehouse
2021-07-11,BOPF,111.5,10616.2,0,1617.65,0,7,6,192,3,1,Nuwara Eliya Main Warehouse
2021-07-11,DUST,117.8,9108.3,0,1511.68,0,7,6,192,3,1,Nuwara Eliya Main Warehouse
2021-07-11,FNGS,89.4,7118.4,0,1424.11,0,7,6,192,3,1,Nuwara Eliya Main Warehouse
2021-07-11,OP,51.9,5085.4,0,2808.87,0,7,6,192,3,1,Nuwara Eliya Main Warehouse
2021-07-12,BOP,316.7,12668.4,0,1862.83,1,7,0,193,3,0,Nuwara Eliya Main Warehouse
2021-07-12,BOPF,239.7,10628.8,0,1584.48,1,7,0,193,3,0,Nuwara Eliya Main Warehouse
2021-07-12,DUST,228.5,9105.7,0,1630.06,1,7,0,193,3,0,Nuwara Eliya Main Warehouse
2021-07-12,FNGS,185.0,7113.6,0,1366.63,1,7,0,193,3,0,Nuwara Eliya Main Warehouse
2021-07-12,OP,115.2,5094.0,0,2829.13,1,7,0,193,3,0,Nuwara Eliya Main Warehouse
2021-07-13,BOP,305.0,12662.2,0,1861.51,0,7,1,194,3,0,Nuwara Eliya Main Warehouse
2021-07-13,BOPF,299.0,10677.0,0,1729.6,0,7,1,194,3,0,Nuwara Eliya Main Warehouse
2021-07-13,DUST,242.3,9072.9,0,1536.31,0,7,1,194,3,0,Nuwara Eliya Main Warehouse
2021-07-13,FNGS,190.2,7120.2,0,1350.47,0,7,1,194,3,0,Nuwara Eliya Main Warehouse
2021-07-13,OP,117.6,5109.3,0,2806.5,0,7,1,194,3,0,Nuwara Eliya Main Warehouse
2021-07-14,BOP,326.2,12656.7,0,1774.36,1,7,2,195,3,0,Nuwara Eliya Main Warehouse
2021-07-14,BOPF,269.0,10729.0,0,1643.64,1,7,2,195,3,0,Nuwara Eliya Main Warehouse
2021-07-14,DUST,240.3,9054.8,0,1488.48,1,7,2,195,3,0,Nuwara Eliya Main Warehouse
2021-07-14,FNGS,204.2,7144.6,0,1450.78,1,7,2,195,3,0,Nuwara Eliya Main Warehouse
2021-07-14,OP,115.4,5128.9,0,2820.83,1,7,2,195,3,0,Nuwara Eliya Main Warehouse
2021-07-15,BOP,324.2,12694.9,0,1894.7,0,7,3,196,3,0,Nuwara Eliya Main Warehouse
2021-07-15,BOPF,281.3,10781.8,0,1632.17,0,7,3,196,3,0,Nuwara Eliya Main Warehouse
2021-07-15,DUST,230.5,9089.1,0,1583.16,0,7,3,196,3,0,Nuwara Eliya Main Warehouse
2021-07-15,FNGS,170.1,7155.9,0,1463.1,0,7,3,196,3,0,Nuwara Eliya Main Warehouse
2021-07-15,OP,118.5,5145.3,0,2936.99,0,7,3,196,3,0,Nuwara Eliya Main Warehouse
2021-07-16,BOP,265.0,12760.6,0,1910.92,1,7,4,197,3,0,Nuwara Eliya Main Warehouse
2021-07-16,BOPF,271.9,10780.2,0,1598.08,1,7,4,197,3,0,Nuwara Eliya Main Warehouse
2021-07-16,DUST,221.4,9084.7,0,1560.38,1,7,4,197,3,0,Nuwara Eliya Main Warehouse
2021-07-16,FNGS,166.7,7187.2,0,1393.57,1,7,4,197,3,0,Nuwara Eliya Main Warehouse
2021-07-16,OP,113.6,5160.1,0,2833.48,1,7,4,197,3,0,Nuwara Eliya Main Warehouse
2021-07-17,BOP,205.3,12784.1,0,1816.21,0,7,5,198,3,1,Nuwara Eliya Main Warehouse
2021-07-17,BOPF,165.4,10800.8,0,1786.01,0,7,5,198,3,1,Nuwara Eliya Main Warehouse
2021-07-17,DUST,135.1,9100.6,0,1520.73,0,7,5,198,3,1,Nuwara Eliya Main Warehouse
2021-07-17,FNGS,110.6,7204.3,0,1356.31,0,7,5,198,3,1,Nuwara Eliya Main Warehouse
2021-07-17,OP,78.4,5178.4,0,2789.8,0,7,5,198,3,1,Nuwara Eliya Main Warehouse
2021-07-18,BOP,155.8,12795.5,0,1868.14,0,7,6,199,3,1,Nuwara Eliya Main Warehouse
2021-07-18,BOPF,128.4,10797.6,0,1591.29,0,7,6,199,3,1,Nuwara Eliya Main Warehouse
2021-07-18,DUST,103.6,9114.7,0,1494.26,0,7,6,199,3,1,Nuwara Eliya Main Warehouse
2021-07-18,FNGS,98.4,7191.8,0,1327.52,0,7,6,199,3,1,Nuwara Eliya Main Warehouse
2021-07-18,OP,65.9,5184.2,0,2846.34,0,7,6,199,3,1,Nuwara Eliya Main Warehouse
2021-07-19,BOP,293.1,12837.2,0,1879.02,1,7,0,200,3,0,Nuwara Eliya Main Warehouse
2021-07-19,BOPF,279.8,10762.5,0,1622.73,1,7,0,200,3,0,Nuwara Eliya Main Warehouse
2021-07-19,DUST,237.0,9134.3,0,1572.17,1,7,0,200,3,0,Nuwara Eliya Main Warehouse
2021-07-19,FNGS,175.3,7235.5,0,1497.74,1,7,0,200,3,0,Nuwara Eliya Main Warehouse
2021-07-19,OP,108.1,5195.5,0,2662.49,1,7,0,200,3,0,Nuwara Eliya Main Warehouse
2021-07-20,BOP,338.3,12849.4,0,1909.5,0,7,1,201,3,0,Nuwara Eliya Main Warehouse
2021-07-20,BOPF,267.7,10797.4,0,1663.9,0,7,1,201,3,0,Nuwara Eliya Main Warehouse
2021-07-20,DUST,242.3,9190.8,0,1618.05,0,7,1,201,3,0,Nuwara Eliya Main Warehouse
2021-07-20,FNGS,180.6,7262.8,0,1425.15,0,7,1,201,3,0,Nuwara Eliya Main Warehouse
2021-07-20,OP,124.2,5219.1,0,2772.33,0,7,1,201,3,0,Nuwara Eliya Main Warehouse
2021-07-21,BOP,336.2,12807.1,0,1877.4,1,7,2,202,3,0,Nuwara Eliya Main Warehouse
2021-07-21,BOPF,271.6,10757.8,0,1672.98,1,7,2,202,3,0,Nuwara Eliya Main Warehouse
2021-07-21,DUST,227.2,9158.7,0,1599.98,1,7,2,202,3,0,Nuwara Eliya Main Warehouse
2021-07-21,FNGS,195.7,7301.1,0,1395.04,1,7,2,202,3,0,Nuwara Eliya Main Warehouse
2021-07-21,OP,121.0,5233.4,0,2946.04,1,7,2,202,3,0,Nuwara Eliya Main Warehouse
2021-07-22,BOP,340.2,12832.5,0,1787.07,0,7,3,203,3,0,Nuwara Eliya Main Warehouse
2021-07-22,BOPF,279.5,10761.6,0,1690.49,0,7,3,203,3,0,Nuwara Eliya Main Warehouse
2021-07-22,DUST,246.5,9194.6,0,1575.53,0,7,3,203,3,0,Nuwara Eliya Main Warehouse
2021-07-22,FNGS,173.0,7320.2,0,1405.4,0,7,3,203,3,0,Nuwara Eliya Main Warehouse
2021-07-22,OP,120.4,5250.6,0,2829.15,0,7,3,203,3,0,Nuwara Eliya Main Warehouse
2021-07-23,BOP,304.8,12903.6,0,1848.05,1,7,4,204,3,0,Nuwara Eliya Main Warehouse
2021-07-23,BOPF,243.6,10757.1,0,1731.9,1,7,4,204,3,0,Nuwara Eliya Main Warehouse
2021-07-23,DUST,204.5,9242.3,0,1595.28,1,7,4,204,3,0,Nuwara Eliya Main Warehouse
2021-07-23,FNGS,143.7,7347.8,0,1340.42,1,7,4,204,3,0,Nuwara Eliya Main Warehouse
2021-07-23,OP,115.0,5244.1,0,2801.41,1,7,4,204,3,0,Nuwara Eliya Main Warehouse
2021-07-24,BOP,178.6,12889.3,0,1890.06,0,7,5,205,3,1,Nuwara Eliya Main Warehouse
2021-07-24,BOPF,189.3,10781.3,0,1668.77,0,7,5,205,3,1,Nuwara Eliya Main Warehouse
2021-07-24,DUST,141.0,9269.8,0,1571.86,0,7,5,205,3,1,Nuwara Eliya Main Warehouse
2021-07-24,FNGS,108.7,7336.4,0,1446.92,0,7,5,205,3,1,Nuwara Eliya Main Warehouse
2021-07-24,OP,73.8,5244.0,0,2856.3,0,7,5,205,3,1,Nuwara Eliya Main Warehouse
2021-07-25,BOP,139.4,12906.9,0,1924.44,0,7,6,206,3,1,Nuwara Eliya Main Warehouse
2021-07-25,BOPF,184.0,10810.1,0,1592.96,0,7,6,206,3,1,Nuwara Eliya Main Warehouse
2021-07-25,DUST,115.0,9260.3,0,1506.75,0,7,6,206,3,1,Nuwara Eliya Main Warehouse
2021-07-25,FNGS,94.4,7335.4,0,1504.99,0,7,6,206,3,1,Nuwara Eliya Main Warehouse
2021-07-25,OP,54.9,5239.0,0,2903.85,0,7,6,206,3,1,Nuwara Eliya Main Warehouse
2021-07-26,BOP,327.7,12884.1,0,1843.59,1,7,0,207,3,0,Nuwara Eliya Main Warehouse
2021-07-26,BOPF,279.5,10802.1,0,1631.92,1,7,0,207,3,0,Nuwara Eliya Main Warehouse
2021-07-26,DUST,225.1,9255.9,0,1507.28,1,7,0,207,3,0,Nuwara Eliya Main Warehouse
2021-07-26,FNGS,193.1,7374.1,0,1388.21,1,7,0,207,3,0,Nuwara Eliya Main Warehouse
2021-07-26,OP,122.0,5245.4,0,2953.79,1,7,0,207,3,0,Nuwara Eliya Main Warehouse
2021-07-27,BOP,344.1,12906.2,0,1999.42,0,7,1,208,3,0,Nuwara Eliya Main Warehouse
2021-07-27,BOPF,278.1,10850.7,0,1659.48,0,7,1,208,3,0,Nuwara Eliya Main Warehouse
2021-07-27,DUST,249.8,9235.7,0,1564.02,0,7,1,208,3,0,Nuwara Eliya Main Warehouse
2021-07-27,FNGS,188.6,7361.0,0,1521.3,0,7,1,208,3,0,Nuwara Eliya Main Warehouse
2021-07-27,OP,111.7,5249.0,0,2804.5,0,7,1,208,3,0,Nuwara Eliya Main Warehouse
2021-07-28,BOP,338.1,12868.6,0,1773.0,1,7,2,209,3,0,Nuwara Eliya Main Warehouse
2021-07-28,BOPF,310.9,10840.6,0,1745.16,1,7,2,209,3,0,Nuwara Eliya Main Warehouse
2021-07-28,DUST,240.7,9257.5,0,1566.11,1,7,2,209,3,0,Nuwara Eliya Main Warehouse
2021-07-28,FNGS,198.4,7337.5,0,1416.41,1,7,2,209,3,0,Nuwara Eliya Main Warehouse
2021-07-28,OP,120.8,5279.1,0,2806.64,1,7,2,209,3,0,Nuwara Eliya Main Warehouse
2021-07-29,BOP,396.2,12880.5,0,1846.99,0,7,3,210,3,0,Nuwara Eliya Main Warehouse
2021-07-29,BOPF,255.2,10847.9,0,1576.83,0,7,3,210,3,0,Nuwara Eliya Main Warehouse
2021-07-29,DUST,234.1,9289.1,0,1613.26,0,7,3,210,3,0,Nuwara Eliya Main Warehouse
2021-07-29,FNGS,166.3,7365.0,0,1491.4,0,7,3,210,3,0,Nuwara Eliya Main Warehouse
2021-07-29,OP,119.5,5290.4,0,2824.05,0,7,3,210,3,0,Nuwara Eliya Main Warehouse
2021-07-30,BOP,298.3,12926.0,0,1873.8,1,7,4,211,3,0,Nuwara Eliya Main Warehouse
2021-07-30,BOPF,228.1,10880.0,0,1703.32,1,7,4,211,3,0,Nuwara Eliya Main Warehouse
2021-07-30,DUST,208.2,9284.2,0,1609.02,1,7,4,211,3,0,Nuwara Eliya Main Warehouse
2021-07-30,FNGS,156.8,7393.8,0,1434.4,1,7,4,211,3,0,Nuwara Eliya Main Warehouse
2021-07-30,OP,101.0,5307.0,0,2929.45,1,7,4,211,3,0,Nuwara Eliya Main Warehouse
2021-07-31,BOP,229.6,12923.5,0,1867.4,0,7,5,212,3,1,Nuwara Eliya Main Warehouse
2021-07-31,BOPF,171.8,10901.9,0,1653.74,0,7,5,212,3,1,Nuwara Eliya Main Warehouse
2021-07-31,DUST,170.2,9295.4,0,1602.05,0,7,5,212,3,1,Nuwara Eliya Main Warehouse
2021-07-31,FNGS,113.8,7384.2,0,1434.46,0,7,5,212,3,1,Nuwara Eliya Main Warehouse
2021-07-31,OP,85.6,5305.6,0,2847.99,0,7,5,212,3,1,Nuwara Eliya Main Warehouse
2021-08-01,BOP,204.0,12947.1,0,1810.3,0,8,6,213,3,1,Nuwara Eliya Main Warehouse
2021-08-01,BOPF,157.8,10940.5,0,1685.83,0,8,6,213,3,1,Nuwara Eliya Main Warehouse
2021-08-01,DUST,144.7,9313.7,0,1561.0,0,8,6,213,3,1,Nuwara Eliya Main Warehouse
2021-08-01,FNGS,103.4,7404.0,0,1499.15,0,8,6,213,3,1,Nuwara Eliya Main Warehouse
2021-08-01,OP,62.3,5317.0,0,3025.34,0,8,6,213,3,1,Nuwara Eliya Main Warehouse
2021-08-02,BOP,358.6,13007.4,0,1903.67,1,8,0,214,3,0,Nuwara Eliya Main Warehouse
2021-08-02,BOPF,292.5,10923.0,0,1640.28,1,8,0,214,3,0,Nuwara Eliya Main Warehouse
2021-08-02,DUST,235.1,9318.1,0,1509.94,1,8,0,214,3,0,Nuwara Eliya Main Warehouse
2021-08-02,FNGS,195.9,7428.4,0,1454.68,1,8,0,214,3,0,Nuwara Eliya Main Warehouse
2021-08-02,OP,129.3,5329.4,0,2830.09,1,8,0,214,3,0,Nuwara Eliya Main Warehouse
2021-08-03,BOP,356.4,13086.1,0,1899.55,0,8,1,215,3,0,Nuwara Eliya Main Warehouse
2021-08-03,BOPF,316.7,10959.4,0,1604.41,0,8,1,215,3,0,Nuwara Eliya Main Warehouse
2021-08-03,DUST,284.8,9372.7,0,1593.42,0,8,1,215,3,0,Nuwara Eliya Main Warehouse
2021-08-03,FNGS,211.8,7440.7,0,1437.65,0,8,1,215,3,0,Nuwara Eliya Main Warehouse
2021-08-03,OP,138.7,5347.2,0,2991.95,0,8,1,215,3,0,Nuwara Eliya Main Warehouse
2021-08-04,BOP,370.9,13065.3,0,1881.75,1,8,2,216,3,0,Nuwara Eliya Main Warehouse
2021-08-04,BOPF,316.6,10989.1,0,1681.96,1,8,2,216,3,0,Nuwara Eliya Main Warehouse
2021-08-04,DUST,275.0,9416.3,0,1598.79,1,8,2,216,3,0,Nuwara Eliya Main Warehouse
2021-08-04,FNGS,196.2,7476.5,0,1340.47,1,8,2,216,3,0,Nuwara Eliya Main Warehouse
2021-08-04,OP,144.2,5342.6,0,2769.01,1,8,2,216,3,0,Nuwara Eliya Main Warehouse
2021-08-05,BOP,335.5,13068.6,0,1897.64,0,8,3,217,3,0,Nuwara Eliya Main Warehouse
2021-08-05,BOPF,324.7,11059.2,0,1677.39,0,8,3,217,3,0,Nuwara Eliya Main Warehouse
2021-08-05,DUST,269.7,9382.8,0,1463.42,0,8,3,217,3,0,Nuwara Eliya Main Warehouse
2021-08-05,FNGS,199.2,7480.0,0,1358.81,0,8,3,217,3,0,Nuwara Eliya Main Warehouse
2021-08-05,OP,132.3,5351.8,0,2727.48,0,8,3,217,3,0,Nuwara Eliya Main Warehouse
2021-08-06,BOP,310.9,13040.9,0,1855.84,1,8,4,218,3,0,Nuwara Eliya Main Warehouse
2021-08-06,BOPF,277.7,11035.0,0,1692.95,1,8,4,218,3,0,Nuwara Eliya Main Warehouse
2021-08-06,DUST,249.8,9407.4,0,1535.8,1,8,4,218,3,0,Nuwara Eliya Main Warehouse
2021-08-06,FNGS,177.7,7467.1,0,1441.48,1,8,4,218,3,0,Nuwara Eliya Main Warehouse
2021-08-06,OP,126.2,5364.9,0,2835.91,1,8,4,218,3,0,Nuwara Eliya Main Warehouse
2021-08-07,BOP,226.4,13096.8,0,1789.73,0,8,5,219,3,1,Nuwara Eliya Main Warehouse
2021-08-07,BOPF,197.1,11064.7,0,1645.18,0,8,5,219,3,1,Nuwara Eliya Main Warehouse
2021-08-07,DUST,177.5,9397.5,0,1542.58,0,8,5,219,3,1,Nuwara Eliya Main Warehouse
2021-08-07,FNGS,123.5,7462.7,0,1483.96,0,8,5,219,3,1,Nuwara Eliya Main Warehouse
2021-08-07,OP,94.8,5373.0,0,2940.34,0,8,5,219,3,1,Nuwara Eliya Main Warehouse
2021-08-08,BOP,189.5,13138.7,0,1839.85,0,8,6,220,3,1,Nuwara Eliya Main Warehouse
2021-08-08,BOPF,181.8,11078.7,0,1616.79,0,8,6,220,3,1,Nuwara Eliya Main Warehouse
2021-08-08,DUST,150.5,9408.5,0,1580.33,0,8,6,220,3,1,Nuwara Eliya Main Warehouse
2021-08-08,FNGS,105.5,7468.2,0,1427.82,0,8,6,220,3,1,Nuwara Eliya Main Warehouse
2021-08-08,OP,72.9,5388.7,0,2804.77,0,8,6,220,3,1,Nuwara Eliya Main Warehouse
2021-08-09,BOP,392.7,13164.6,0,1888.48,1,8,0,221,3,0,Nuwara Eliya Main Warehouse
2021-08-09,BOPF,291.3,11067.0,0,1570.31,1,8,0,221,3,0,Nuwara Eliya Main Warehouse
2021-08-09,DUST,255.1,9467.8,0,1537.58,1,8,0,221,3,0,Nuwara Eliya Main Warehouse
2021-08-09,FNGS,195.5,7480.4,0,1397.69,1,8,0,221,3,0,Nuwara Eliya Main Warehouse
2021-08-09,OP,124.4,5414.8,0,2793.26,1,8,0,221,3,0,Nuwara Eliya Main Warehouse
2021-08-10,BOP,328.6,13226.0,0,1888.93,0,8,1,222,3,0,Nuwara Eliya Main Warehouse
2021-08-10,BOPF,291.8,11078.6,0,1686.0,0,8,1,222,3,0,Nuwara Eliya Main Warehouse
2021-08-10,DUST,286.3,9525.6,0,1573.28,0,8,1,222,3,0,Nuwara Eliya Main Warehouse
2021-08-10,FNGS,204.4,7515.6,0,1345.38,0,8,1,222,3,0,Nuwara Eliya Main Warehouse
2021-08-10,OP,128.1,5445.3,0,2931.35,0,8,1,222,3,0,Nuwara Eliya Main Warehouse
2021-08-11,BOP,371.5,13247.7,0,1882.33,1,8,2,223,3,0,Nuwara Eliya Main Warehouse
2021-08-11,BOPF,334.1,11073.1,0,1666.9,1,8,2,223,3,0,Nuwara Eliya Main Warehouse
2021-08-11,DUST,272.6,9528.8,0,1565.37,1,8,2,223,3,0,Nuwara Eliya Main Warehouse
2021-08-11,FNGS,203.2,7549.4,0,1389.82,1,8,2,223,3,0,Nuwara Eliya Main Warehouse
2021-08-11,OP,137.0,5461.3,0,2904.68,1,8,2,223,3,0,Nuwara Eliya Main Warehouse
2021-08-12,BOP,321.1,13279.6,0,1910.62,0,8,3,224,3,0,Nuwara Eliya Main Warehouse
2021-08-12,BOPF,327.7,11099.9,0,1599.48,0,8,3,224,3,0,Nuwara Eliya Main Warehouse
2021-08-12,DUST,245.0,9520.6,0,1567.88,0,8,3,224,3,0,Nuwara Eliya Main Warehouse
2021-08-12,FNGS,200.2,7566.0,0,1428.33,0,8,3,224,3,0,Nuwara Eliya Main Warehouse
2021-08-12,OP,130.1,5492.4,0,2779.1,0,8,3,224,3,0,Nuwara Eliya Main Warehouse
2021-08-13,BOP,308.0,13244.4,0,1848.05,1,8,4,225,3,0,Nuwara Eliya Main Warehouse
2021-08-13,BOPF,264.5,11154.3,0,1620.36,1,8,4,225,3,0,Nuwara Eliya Main Warehouse
2021-08-13,DUST,253.5,9506.3,0,1542.08,1,8,4,225,3,0,Nuwara Eliya Main Warehouse
2021-08-13,FNGS,175.1,7594.4,0,1386.96,1,8,4,225,3,0,Nuwara Eliya Main Warehouse
2021-08-13,OP,127.5,5515.7,0,2774.39,1,8,4,225,3,0,Nuwara Eliya Main Warehouse
2021-08-14,BOP,258.1,13283.6,0,1881.92,0,8,5,226,3,1,Nuwara Eliya Main Warehouse
2021-08-14,BOPF,201.3,11169.9,0,1623.97,0,8,5,226,3,1,Nuwara Eliya Main Warehouse
2021-08-14,DUST,176.9,9517.5,0,1545.79,0,8,5,226,3,1,Nuwara Eliya Main Warehouse
2021-08-14,FNGS,148.7,7583.5,0,1382.53,0,8,5,226,3,1,Nuwara Eliya Main Warehouse
2021-08-14,OP,96.4,5511.7,0,2915.73,0,8,5,226,3,1,Nuwara Eliya Main Warehouse
2021-08-15,BOP,190.6,13264.8,0,1912.33,0,8,6,227,3,1,Nuwara Eliya Main Warehouse
2021-08-15,BOPF,150.7,11185.4,0,1574.7,0,8,6,227,3,1,Nuwara Eliya Main Warehouse
2021-08-15,DUST,139.0,9503.0,0,1525.38,0,8,6,227,3,1,Nuwara Eliya Main Warehouse
2021-08-15,FNGS,95.4,7571.1,0,1420.99,0,8,6,227,3,1,Nuwara Eliya Main Warehouse
2021-08-15,OP,71.8,5513.2,0,2709.2,0,8,6,227,3,1,Nuwara Eliya Main Warehouse
2021-08-16,BOP,328.8,13324.1,0,1876.0,1,8,0,228,3,0,Nuwara Eliya Main Warehouse
2021-08-16,BOPF,311.7,11203.3,0,1607.15,1,8,0,228,3,0,Nuwara Eliya Main Warehouse
2021-08-16,DUST,256.6,9520.9,0,1593.4,1,8,0,228,3,0,Nuwara Eliya Main Warehouse
2021-08-16,FNGS,190.3,7609.0,0,1484.07,1,8,0,228,3,0,Nuwara Eliya Main Warehouse
2021-08-16,OP,124.9,5506.4,0,2937.16,1,8,0,228,3,0,Nuwara Eliya Main Warehouse
2021-08-17,BOP,351.8,13381.4,0,1811.84,0,8,1,229,3,0,Nuwara Eliya Main Warehouse
2021-08-17,BOPF,349.4,11158.1,0,1591.91,0,8,1,229,3,0,Nuwara Eliya Main Warehouse
2021-08-17,DUST,269.7,9480.6,0,1602.4,0,8,1,229,3,0,Nuwara Eliya Main Warehouse
2021-08-17,FNGS,237.2,7580.6,0,1452.1,0,8,1,229,3,0,Nuwara Eliya Main Warehouse
2021-08-17,OP,143.0,5485.2,0,2904.8,0,8,1,229,3,0,Nuwara Eliya Main Warehouse
2021-08-18,BOP,372.3,13431.1,0,1827.62,1,8,2,230,3,0,Nuwara Eliya Main Warehouse
2021-08-18,BOPF,326.6,11139.5,0,1627.08,1,8,2,230,3,0,Nuwara Eliya Main Warehouse
2021-08-18,DUST,273.6,9475.0,0,1540.12,1,8,2,230,3,0,Nuwara Eliya Main Warehouse
2021-08-18,FNGS,192.4,7570.7,0,1435.45,1,8,2,230,3,0,Nuwara Eliya Main Warehouse
2021-08-18,OP,129.6,5475.5,0,2655.29,1,8,2,230,3,0,Nuwara Eliya Main Warehouse
2021-08-19,BOP,338.8,13385.2,0,1927.23,0,8,3,231,3,0,Nuwara Eliya Main Warehouse
2021-08-19,BOPF,326.6,11154.8,0,1611.35,0,8,3,231,3,0,Nuwara Eliya Main Warehouse
2021-08-19,DUST,251.3,9459.4,0,1646.78,0,8,3,231,3,0,Nuwara Eliya Main Warehouse
2021-08-19,FNGS,185.4,7594.5,0,1431.46,0,8,3,231,3,0,Nuwara Eliya Main Warehouse
2021-08-19,OP,129.1,5456.3,0,2848.4,0,8,3,231,3,0,Nuwara Eliya Main Warehouse
2021-08-20,BOP,321.8,13375.9,0,1958.53,1,8,4,232,3,0,Nuwara Eliya Main Warehouse
2021-08-20,BOPF,292.1,11147.2,0,1568.29,1,8,4,232,3,0,Nuwara Eliya Main Warehouse
2021-08-20,DUST,216.5,9511.0,0,1561.55,1,8,4,232,3,0,Nuwara Eliya Main Warehouse
2021-08-20,FNGS,188.1,7597.1,0,1446.8,1,8,4,232,3,0,Nuwara Eliya Main Warehouse
2021-08-20,OP,114.3,5472.1,0,2681.07,1,8,4,232,3,0,Nuwara Eliya Main Warehouse
2021-08-21,BOP,238.5,13365.2,0,1946.61,0,8,5,233,3,1,Nuwara Eliya Main Warehouse
2021-08-21,BOPF,208.3,11131.1,0,1745.78,0,8,5,233,3,1,Nuwara Eliya Main Warehouse
2021-08-21,DUST,163.7,9534.1,0,1647.45,0,8,5,233,3,1,Nuwara Eliya Main Warehouse
2021-08-21,FNGS,112.7,7619.7,0,1419.13,0,8,5,233,3,1,Nuwara Eliya Main Warehouse
2021-08-21,OP,90.3,5473.9,0,2746.28,0,8,5,233,3,1,Nuwara Eliya Main Warehouse
2021-08-22,BOP,177.1,13364.2,0,1894.41,0,8,6,234,3,1,Nuwara Eliya Main Warehouse
2021-08-22,BOPF,184.5,11140.6,0,1708.48,0,8,6,234,3,1,Nuwara Eliya Main Warehouse
2021-08-22,DUST,148.5,9532.6,0,1546.55,0,8,6,234,3,1,Nuwara Eliya Main Warehouse
2021-08-22,FNGS,105.6,7616.4,0,1406.59,0,8,6,234,3,1,Nuwara Eliya Main Warehouse
2021-08-22,OP,81.6,5471.9,0,2805.46,0,8,6,234,3,1,Nuwara Eliya Main Warehouse
2021-08-23,BOP,390.7,13319.3,0,1814.88,1,8,0,235,3,0,Nuwara Eliya Main Warehouse
2021-08-23,BOPF,318.7,11134.0,0,1609.86,1,8,0,235,3,0,Nuwara Eliya Main Warehouse
2021-08-23,DUST,260.6,9503.2,0,1482.29,1,8,0,235,3,0,Nuwara Eliya Main Warehouse
2021-08-23,FNGS,221.2,7584.3,0,1454.96,1,8,0,235,3,0,Nuwara Eliya Main Warehouse
2021-08-23,OP,133.0,5492.5,0,2741.42,1,8,0,235,3,0,Nuwara Eliya Main Warehouse
2021-08-24,BOP,377.6,13404.1,0,1881.44,0,8,1,236,3,0,Nuwara Eliya Main Warehouse
2021-08-24,BOPF,344.3,11117.9,0,1661.08,0,8,1,236,3,0,Nuwara Eliya Main Warehouse
2021-08-24,DUST,290.8,9519.7,0,1595.34,0,8,1,236,3,0,Nuwara Eliya Main Warehouse
2021-08-24,FNGS,190.2,7578.7,0,1414.59,0,8,1,236,3,0,Nuwara Eliya Main Warehouse
2021-08-24,OP,135.7,5517.3,0,3034.44,0,8,1,236,3,0,Nuwara Eliya Main Warehouse
2021-08-25,BOP,320.0,13427.0,0,1968.63,1,8,2,237,3,0,Nuwara Eliya Main Warehouse
2021-08-25,BOPF,306.6,11128.8,0,1668.25,1,8,2,237,3,0,Nuwara Eliya Main Warehouse
2021-08-25,DUST,268.9,9502.3,0,1588.31,1,8,2,237,3,0,Nuwara Eliya Main Warehouse
2021-08-25,FNGS,181.7,7593.4,0,1374.24,1,8,2,237,3,0,Nuwara Eliya Main Warehouse
2021-08-25,OP,125.4,5547.4,0,2920.9,1,8,2,237,3,0,Nuwara Eliya Main Warehouse
2021-08-26,BOP,355.9,13417.1,0,1916.39,0,8,3,238,3,0,Nuwara Eliya Main Warehouse
2021-08-26,BOPF,279.4,11101.8,0,1705.96,0,8,3,238,3,0,Nuwara Eliya Main Warehouse
2021-08-26,DUST,277.0,9520.2,0,1578.46,0,8,3,238,3,0,Nuwara Eliya Main Warehouse
2021-08-26,FNGS,183.1,7593.5,0,1484.88,0,8,3,238,3,0,Nuwara Eliya Main Warehouse
2021-08-26,OP,137.8,5562.1,0,2963.39,0,8,3,238,3,0,Nuwara Eliya Main Warehouse
2021-08-27,BOP,304.2,13419.8,0,1870.68,1,8,4,239,3,0,Nuwara Eliya Main Warehouse
2021-08-27,BOPF,295.1,11167.0,0,1608.41,1,8,4,239,3,0,Nuwara Eliya Main Warehouse
2021-08-27,DUST,228.3,9562.2,0,1547.11,1,8,4,239,3,0,Nuwara Eliya Main Warehouse
2021-08-27,FNGS,189.0,7605.6,0,1345.83,1,8,4,239,3,0,Nuwara Eliya Main Warehouse
2021-08-27,OP,114.7,5566.1,0,2836.95,1,8,4,239,3,0,Nuwara Eliya Main Warehouse
2021-08-28,BOP,253.0,13427.1,0,1917.22,0,8,5,240,3,1,Nuwara Eliya Main Warehouse
2021-08-28,BOPF,213.2,11209.1,0,1701.39,0,8,5,240,3,1,Nuwara Eliya Main Warehouse
2021-08-28,DUST,171.8,9578.7,0,1575.48,0,8,5,240,3,1,Nuwara Eliya Main Warehouse
2021-08-28,FNGS,146.2,7634.9,0,1488.24,0,8,5,240,3,1,Nuwara Eliya Main Warehouse
2021-08-28,OP,91.0,5563.6,0,2851.5,0,8,5,240,3,1,Nuwara Eliya Main Warehouse
2021-08-29,BOP,173.2,13442.8,0,1812.02,0,8,6,241,3,1,Nuwara Eliya Main Warehouse
2021-08-29,BOPF,160.1,11230.4,0,1621.8,0,8,6,241,3,1,Nuwara Eliya Main Warehouse
2021-08-29,DUST,141.9,9593.4,0,1553.43,0,8,6,241,3,1,Nuwara Eliya Main Warehouse
2021-08-29,FNGS,101.3,7656.7,0,1445.84,0,8,6,241,3,1,Nuwara Eliya Main Warehouse
2021-08-29,OP,69.3,5559.3,0,2981.92,0,8,6,241,3,1,Nuwara Eliya Main Warehouse
2021-08-30,BOP,345.9,13462.2,0,1843.99,1,8,0,242,3,0,Nuwara Eliya Main Warehouse
2021-08-30,BOPF,300.8,11198.0,0,1583.63,1,8,0,242,3,0,Nuwara Eliya Main Warehouse
2021-08-30,DUST,259.4,9610.7,0,1563.26,1,8,0,242,3,0,Nuwara Eliya Main Warehouse
2021-08-30,FNGS,203.9,7647.8,0,1383.97,1,8,0,242,3,0,Nuwara Eliya Main Warehouse
2021-08-30,OP,137.6,5550.4,0,2885.78,1,8,0,242,3,0,Nuwara Eliya Main Warehouse
2021-08-31,BOP,373.5,13543.5,0,1822.57,0,8,1,243,3,0,Nuwara Eliya Main Warehouse
2021-08-31,BOPF,361.4,11256.0,0,1683.86,0,8,1,243,3,0,Nuwara Eliya Main Warehouse
2021-08-31,DUST,269.7,9670.2,0,1616.57,0,8,1,243,3,0,Nuwara Eliya Main Warehouse
2021-08-31,FNGS,220.2,7655.5,0,1425.79,0,8,1,243,3,0,Nuwara Eliya Main Warehouse
2021-08-31,OP,136.0,5552.3,0,2900.98,0,8,1,243,3,0,Nuwara Eliya Main Warehouse
2021-09-01,BOP,373.7,13561.8,0,1908.94,1,9,2,244,3,0,Nuwara Eliya Main Warehouse
2021-09-01,BOPF,301.8,11308.2,0,1711.52,1,9,2,244,3,0,Nuwara Eliya Main Warehouse
2021-09-01,DUST,255.5,9727.2,0,1586.11,1,9,2,244,3,0,Nuwara Eliya Main Warehouse
2021-09-01,FNGS,220.5,7670.8,0,1406.87,1,9,2,244,3,0,Nuwara Eliya Main Warehouse
2021-09-01,OP,134.0,5585.3,0,2773.22,1,9,2,244,3,0,Nuwara Eliya Main Warehouse
2021-09-02,BOP,327.3,13642.6,0,1922.64,0,9,3,245,3,0,Nuwara Eliya Main Warehouse
2021-09-02,BOPF,292.2,11354.1,0,1774.68,0,9,3,245,3,0,Nuwara Eliya Main Warehouse
2021-09-02,DUST,240.0,9740.4,0,1606.02,0,9,3,245,3,0,Nuwara Eliya Main Warehouse
2021-09-02,FNGS,194.6,7715.5,0,1458.9,0,9,3,245,3,0,Nuwara Eliya Main Warehouse
2021-09-02,OP,135.1,5565.1,0,2773.03,0,9,3,245,3,0,Nuwara Eliya Main Warehouse
2021-09-03,BOP,308.3,13701.3,0,1874.61,1,9,4,246,3,0,Nuwara Eliya Main Warehouse
2021-09-03,BOPF,276.8,11325.2,0,1590.72,1,9,4,246,3,0,Nuwara Eliya Main Warehouse
2021-09-03,DUST,245.1,9733.6,0,1566.99,1,9,4,246,3,0,Nuwara Eliya Main Warehouse
2021-09-03,FNGS,152.2,7753.5,0,1458.18,1,9,4,246,3,0,Nuwara Eliya Main Warehouse
2021-09-03,OP,133.2,5555.6,0,2872.09,1,9,4,246,3,0,Nuwara Eliya Main Warehouse
2021-09-04,BOP,225.2,13686.3,0,1834.83,0,9,5,247,3,1,Nuwara Eliya Main Warehouse
2021-09-04,BOPF,224.8,11349.4,0,1683.11,0,9,5,247,3,1,Nuwara Eliya Main Warehouse
2021-09-04,DUST,183.1,9739.8,0,1561.98,0,9,5,247,3,1,Nuwara Eliya Main Warehouse
2021-09-04,FNGS,122.7,7746.6,0,1444.56,0,9,5,247,3,1,Nuwara Eliya Main Warehouse
2021-09-04,OP,93.9,5548.6,0,2881.7,0,9,5,247,3,1,Nuwara Eliya Main Warehouse
2021-09-05,BOP,173.3,13724.8,0,1882.32,0,9,6,248,3,1,Nuwara Eliya Main Warehouse
2021-09-05,BOPF,200.8,11386.3,0,1629.34,0,9,6,248,3,1,Nuwara Eliya Main Warehouse
2021-09-05,DUST,130.3,9730.0,0,1524.36,0,9,6,248,3,1,Nuwara Eliya Main Warehouse
2021-09-05,FNGS,99.5,7760.6,0,1456.64,0,9,6,248,3,1,Nuwara Eliya Main Warehouse
2021-09-05,OP,68.4,5558.0,0,2766.82,0,9,6,248,3,1,Nuwara Eliya Main Warehouse
2021-09-06,BOP,379.3,13685.6,0,1856.55,1,9,0,249,3,0,Nuwara Eliya Main Warehouse
2021-09-06,BOPF,313.0,11411.7,0,1687.45,1,9,0,249,3,0,Nuwara Eliya Main Warehouse
2021-09-06,DUST,264.1,9757.6,0,1560.9,1,9,0,249,3,0,Nuwara Eliya Main Warehouse
2021-09-06,FNGS,190.8,7760.9,0,1420.57,1,9,0,249,3,0,Nuwara Eliya Main Warehouse
2021-09-06,OP,128.6,5556.8,0,2880.89,1,9,0,249,3,0,Nuwara Eliya Main Warehouse
2021-09-07,BOP,368.6,13750.8,0,1839.5,0,9,1,250,3,0,Nuwara Eliya Main Warehouse
2021-09-07,BOPF,294.2,11443.6,0,1578.03,0,9,1,250,3,0,Nuwara Eliya Main Warehouse
2021-09-07,DUST,267.7,9771.0,0,1423.79,0,9,1,250,3,0,Nuwara Eliya Main Warehouse
2021-09-07,FNGS,200.1,7731.5,0,1499.48,0,9,1,250,3,0,Nuwara Eliya Main Warehouse
2021-09-07,OP,130.3,5561.1,0,2748.36,0,9,1,250,3,0,Nuwara Eliya Main Warehouse
2021-09-08,BOP,329.7,13751.6,0,1902.63,1,9,2,251,3,0,Nuwara Eliya Main Warehouse
2021-09-08,BOPF,342.5,11455.0,0,1588.25,1,9,2,251,3,0,Nuwara Eliya Main Warehouse
2021-09-08,DUST,280.7,9740.5,0,1550.89,1,9,2,251,3,0,Nuwara Eliya Main Warehouse
2021-09-08,FNGS,210.0,7700.8,0,1476.99,1,9,2,251,3,0,Nuwara Eliya Main Warehouse
2021-09-08,OP,124.2,5549.9,0,2852.35,1,9,2,251,3,0,Nuwara Eliya Main Warehouse
2021-09-09,BOP,364.6,13824.9,0,1841.89,0,9,3,252,3,0,Nuwara Eliya Main Warehouse
2021-09-09,BOPF,302.9,11473.6,0,1612.03,0,9,3,252,3,0,Nuwara Eliya Main Warehouse
2021-09-09,DUST,240.5,9723.4,0,1574.64,0,9,3,252,3,0,Nuwara Eliya Main Warehouse
2021-09-09,FNGS,207.5,7707.9,0,1405.66,0,9,3,252,3,0,Nuwara Eliya Main Warehouse
2021-09-09,OP,124.1,5551.4,0,2730.64,0,9,3,252,3,0,Nuwara Eliya Main Warehouse
2021-09-10,BOP,352.0,13894.4,0,1797.16,1,9,4,253,3,0,Nuwara Eliya Main Warehouse
2021-09-10,BOPF,257.7,11438.5,0,1653.69,1,9,4,253,3,0,Nuwara Eliya Main Warehouse
2021-09-10,DUST,230.6,9733.1,0,1604.77,1,9,4,253,3,0,Nuwara Eliya Main Warehouse
2021-09-10,FNGS,171.5,7715.7,0,1459.86,1,9,4,253,3,0,Nuwara Eliya Main Warehouse
2021-09-10,OP,108.7,5539.5,0,2963.15,1,9,4,253,3,0,Nuwara Eliya Main Warehouse
2021-09-11,BOP,250.4,13937.5,0,1809.63,0,9,5,254,3,1,Nuwara Eliya Main Warehouse
2021-09-11,BOPF,183.1,11457.9,0,1618.81,0,9,5,254,3,1,Nuwara Eliya Main Warehouse
2021-09-11,DUST,168.9,9767.7,0,1566.18,0,9,5,254,3,1,Nuwara Eliya Main Warehouse
2021-09-11,FNGS,139.6,7696.0,0,1456.29,0,9,5,254,3,1,Nuwara Eliya Main Warehouse
2021-09-11,OP,88.4,5545.1,0,2825.66,0,9,5,254,3,1,Nuwara Eliya Main Warehouse
2021-09-12,BOP,152.8,13962.9,0,1795.38,0,9,6,255,3,1,Nuwara Eliya Main Warehouse
2021-09-12,BOPF,172.6,11437.6,0,1682.12,0,9,6,255,3,1,Nuwara Eliya Main Warehouse
2021-09-12,DUST,137.5,9778.2,0,1594.96,0,9,6,255,3,1,Nuwara Eliya Main Warehouse
2021-09-12,FNGS,104.0,7708.9,0,1415.09,0,9,6,255,3,1,Nuwara Eliya Main Warehouse
2021-09-12,OP,57.3,5538.8,0,2793.75,0,9,6,255,3,1,Nuwara Eliya Main Warehouse
2021-09-13,BOP,332.1,13953.5,0,1898.23,1,9,0,256,3,0,Nuwara Eliya Main Warehouse
2021-09-13,BOPF,302.0,11444.8,0,1700.12,1,9,0,256,3,0,Nuwara Eliya Main Warehouse
2021-09-13,DUST,276.7,9812.1,0,1477.54,1,9,0,256,3,0,Nuwara Eliya Main Warehouse
2021-09-13,FNGS,190.2,7702.8,0,1411.9,1,9,0,256,3,0,Nuwara Eliya Main Warehouse
2021-09-13,OP,134.0,5561.1,0,2755.97,1,9,0,256,3,0,Nuwara Eliya Main Warehouse
2021-09-14,BOP,381.0,13908.7,0,1892.98,0,9,1,257,3,0,Nuwara Eliya Main Warehouse
2021-09-14,BOPF,317.1,11434.4,0,1679.47,0,9,1,257,3,0,Nuwara Eliya Main Warehouse
2021-09-14,DUST,264.1,9808.3,0,1576.37,0,9,1,257,3,0,Nuwara Eliya Main Warehouse
2021-09-14,FNGS,207.6,7718.1,0,1477.22,0,9,1,257,3,0,Nuwara Eliya Main Warehouse
2021-09-14,OP,135.1,5571.4,0,2748.09,0,9,1,257,3,0,Nuwara Eliya Main Warehouse
2021-09-15,BOP,336.0,13912.5,0,1890.35,1,9,2,258,3,0,Nuwara Eliya Main Warehouse
2021-09-15,BOPF,326.6,11456.7,0,1729.12,1,9,2,258,3,0,Nuwara Eliya Main Warehouse
2021-09-15,DUST,271.1,9829.6,0,1501.03,1,9,2,258,3,0,Nuwara Eliya Main Warehouse
2021-09-15,FNGS,194.3,7712.4,0,1425.69,1,9,2,258,3,0,Nuwara Eliya Main Warehouse
2021-09-15,OP,126.7,5589.1,0,2889.28,1,9,2,258,3,0,Nuwara Eliya Main Warehouse
2021-09-16,BOP,351.0,13884.2,0,1917.52,0,9,3,259,3,0,Nuwara Eliya Main Warehouse
2021-09-16,BOPF,285.2,11429.1,0,1670.77,0,9,3,259,3,0,Nuwara Eliya Main Warehouse
2021-09-16,DUST,252.8,9837.0,0,1523.06,0,9,3,259,3,0,Nuwara Eliya Main Warehouse
2021-09-16,FNGS,211.4,7694.8,0,1437.34,0,9,3,259,3,0,Nuwara Eliya Main Warehouse
2021-09-16,OP,123.4,5591.2,0,2937.15,0,9,3,259,3,0,Nuwara Eliya Main Warehouse
2021-09-17,BOP,321.5,13925.3,0,1951.19,1,9,4,260,3,0,Nuwara Eliya Main Warehouse
2021-09-17,BOPF,290.1,11465.8,0,1591.54,1,9,4,260,3,0,Nuwara Eliya Main Warehouse
2021-09-17,DUST,243.2,9864.6,0,1570.65,1,9,4,260,3,0,Nuwara Eliya Main Warehouse
2021-09-17,FNGS,153.1,7696.8,0,1485.36,1,9,4,260,3,0,Nuwara Eliya Main Warehouse
2021-09-17,OP,105.5,5591.5,0,2928.94,1,9,4,260,3,0,Nuwara Eliya Main Warehouse
2021-09-18,BOP,208.1,13922.9,0,1852.3,0,9,5,261,3,1,Nuwara Eliya Main Warehouse
2021-09-18,BOPF,187.7,11497.4,0,1717.06,0,9,5,261,3,1,Nuwara Eliya Main Warehouse
2021-09-18,DUST,177.9,9841.5,0,1638.82,0,9,5,261,3,1,Nuwara Eliya Main Warehouse
2021-09-18,FNGS,117.3,7690.1,0,1533.02,0,9,5,261,3,1,Nuwara Eliya Main Warehouse
2021-09-18,OP,80.7,5582.6,0,2970.55,0,9,5,261,3,1,Nuwara Eliya Main Warehouse
2021-09-19,BOP,176.0,13965.2,0,1907.87,0,9,6,262,3,1,Nuwara Eliya Main Warehouse
2021-09-19,BOPF,190.1,11481.3,0,1621.51,0,9,6,262,3,1,Nuwara Eliya Main Warehouse
2021-09-19,DUST,125.5,9847.4,0,1596.84,0,9,6,262,3,1,Nuwara Eliya Main Warehouse
2021-09-19,FNGS,93.8,7696.1,0,1404.6,0,9,6,262,3,1,Nuwara Eliya Main Warehouse
2021-09-19,OP,67.8,5586.6,0,3000.29,0,9,6,262,3,1,Nuwara Eliya Main Warehouse
2021-09-20,BOP,274.2,13994.4,0,1797.78,1,9,0,263,3,0,Nuwara Eliya Main Warehouse
2021-09-20,BOPF,303.0,11448.5,0,1695.28,1,9,0,263,3,0,Nuwara Eliya Main Warehouse
2021-09-20,DUST,243.7,9839.7,0,1580.54,1,9,0,263,3,0,Nuwara Eliya Main Warehouse
2021-09-20,FNGS,189.1,7682.7,0,1417.54,1,9,0,263,3,0,Nuwara Eliya Main Warehouse
2021-09-20,OP,114.1,5593.0,0,2934.11,1,9,0,263,3,0,Nuwara Eliya Main Warehouse
2021-09-21,BOP,332.0,14053.8,0,1962.1,0,9,1,264,3,0,Nuwara Eliya Main Warehouse
2021-09-21,BOPF,290.7,11421.8,0,1727.64,0,9,1,264,3,0,Nuwara Eliya Main Warehouse
2021-09-21,DUST,267.8,9834.5,0,1578.9,0,9,1,264,3,0,Nuwara Eliya Main Warehouse
2021-09-21,FNGS,206.3,7693.8,0,1430.03,0,9,1,264,3,0,Nuwara Eliya Main Warehouse
2021-09-21,OP,113.4,5597.2,0,2811.61,0,9,1,264,3,0,Nuwara Eliya Main Warehouse
2021-09-22,BOP,339.6,14020.9,0,1816.63,1,9,2,265,3,0,Nuwara Eliya Main Warehouse
2021-09-22,BOPF,265.8,11475.2,0,1673.47,1,9,2,265,3,0,Nuwara Eliya Main Warehouse
2021-09-22,DUST,245.7,9892.1,0,1546.74,1,9,2,265,3,0,Nuwara Eliya Main Warehouse
2021-09-22,FNGS,187.9,7677.4,0,1431.09,1,9,2,265,3,0,Nuwara Eliya Main Warehouse
2021-09-22,OP,126.3,5615.7,0,2868.29,1,9,2,265,3,0,Nuwara Eliya Main Warehouse
2021-09-23,BOP,313.3,14081.9,0,1846.44,0,9,3,266,3,0,Nuwara Eliya Main Warehouse
2021-09-23,BOPF,307.0,11494.0,0,1578.68,0,9,3,266,3,0,Nuwara Eliya Main Warehouse
2021-09-23,DUST,252.3,9872.7,0,1554.74,0,9,3,266,3,0,Nuwara Eliya Main Warehouse
2021-09-23,FNGS,168.4,7697.3,0,1442.94,0,9,3,266,3,0,Nuwara Eliya Main Warehouse
2021-09-23,OP,120.4,5637.7,0,2664.67,0,9,3,266,3,0,Nuwara Eliya Main Warehouse
2021-09-24,BOP,332.6,14154.8,0,1852.81,1,9,4,267,3,0,Nuwara Eliya Main Warehouse
2021-09-24,BOPF,255.6,11503.4,0,1606.89,1,9,4,267,3,0,Nuwara Eliya Main Warehouse
2021-09-24,DUST,217.3,9867.2,0,1600.02,1,9,4,267,3,0,Nuwara Eliya Main Warehouse
2021-09-24,FNGS,172.3,7723.5,0,1406.64,1,9,4,267,3,0,Nuwara Eliya Main Warehouse
2021-09-24,OP,95.9,5652.1,0,2908.02,1,9,4,267,3,0,Nuwara Eliya Main Warehouse
2021-09-25,BOP,193.1,14163.4,0,1801.41,0,9,5,268,3,1,Nuwara Eliya Main Warehouse
2021-09-25,BOPF,188.4,11483.2,0,1715.92,0,9,5,268,3,1,Nuwara Eliya Main Warehouse
2021-09-25,DUST,166.9,9876.2,0,1515.84,0,9,5,268,3,1,Nuwara Eliya Main Warehouse
2021-09-25,FNGS,125.5,7710.2,0,1374.15,0,9,5,268,3,1,Nuwara Eliya Main Warehouse
2021-09-25,OP,67.9,5645.8,0,2867.21,0,9,5,268,3,1,Nuwara Eliya Main Warehouse
2021-09-26,BOP,163.3,14178.6,0,1888.06,0,9,6,269,3,1,Nuwara Eliya Main Warehouse
2021-09-26,BOPF,161.1,11500.9,0,1643.53,0,9,6,269,3,1,Nuwara Eliya Main Warehouse
2021-09-26,DUST,122.5,9900.1,0,1607.95,0,9,6,269,3,1,Nuwara Eliya Main Warehouse
2021-09-26,FNGS,68.6,7712.7,0,1501.1,0,9,6,269,3,1,Nuwara Eliya Main Warehouse
2021-09-26,OP,48.2,5650.6,0,2988.87,0,9,6,269,3,1,Nuwara Eliya Main Warehouse
2021-09-27,BOP,333.4,14230.5,0,1898.26,1,9,0,270,3,0,Nuwara Eliya Main Warehouse
2021-09-27,BOPF,304.4,11560.9,0,1655.73,1,9,0,270,3,0,Nuwara Eliya Main Warehouse
2021-09-27,DUST,234.0,9904.0,0,1562.42,1,9,0,270,3,0,Nuwara Eliya Main Warehouse
2021-09-27,FNGS,178.7,7691.0,0,1453.25,1,9,0,270,3,0,Nuwara Eliya Main Warehouse
2021-09-27,OP,108.3,5637.8,0,2792.64,1,9,0,270,3,0,Nuwara Eliya Main Warehouse
2021-09-28,BOP,373.8,14200.6,0,1876.01,0,9,1,271,3,0,Nuwara Eliya Main Warehouse
2021-09-28,BOPF,321.2,11619.1,0,1688.86,0,9,1,271,3,0,Nuwara Eliya Main Warehouse
2021-09-28,DUST,271.1,9944.0,0,1618.99,0,9,1,271,3,0,Nuwara Eliya Main Warehouse
2021-09-28,FNGS,169.8,7706.1,0,1410.06,0,9,1,271,3,0,Nuwara Eliya Main Warehouse
2021-09-28,OP,116.4,5652.7,0,2898.59,0,9,1,271,3,0,Nuwara Eliya Main Warehouse
2021-09-29,BOP,311.4,14216.5,0,1801.18,1,9,2,272,3,0,Nuwara Eliya Main Warehouse
2021-09-29,BOPF,274.5,11646.7,0,1685.95,1,9,2,272,3,0,Nuwara Eliya Main Warehouse
2021-09-29,DUST,253.0,9992.7,0,1625.41,1,9,2,272,3,0,Nuwara Eliya Main Warehouse
2021-09-29,FNGS,175.4,7698.4,0,1446.1,1,9,2,272,3,0,Nuwara Eliya Main Warehouse
2021-09-29,OP,113.6,5653.0,0,2771.21,1,9,2,272,3,0,Nuwara Eliya Main Warehouse
2021-09-30,BOP,354.1,14219.9,0,1996.88,0,9,3,273,3,0,Nuwara Eliya Main Warehouse
2021-09-30,BOPF,311.8,11609.3,0,1665.77,0,9,3,273,3,0,Nuwara Eliya Main Warehouse
2021-09-30,DUST,243.2,9986.4,0,1503.03,0,9,3,273,3,0,Nuwara Eliya Main Warehouse
2021-09-30,FNGS,168.4,7708.7,0,1504.83,0,9,3,273,3,0,Nuwara Eliya Main Warehouse
2021-09-30,OP,107.6,5642.6,0,2846.45,0,9,3,273,3,0,Nuwara Eliya Main Warehouse
2021-10-01,BOP,296.0,14192.8,0,1917.41,1,10,4,274,4,0,Nuwara Eliya Main Warehouse
2021-10-01,BOPF,246.5,11583.4,0,1642.2,1,10,4,274,4,0,Nuwara Eliya Main Warehouse
2021-10-01,DUST,222.8,9987.9,0,1553.9,1,10,4,274,4,0,Nuwara Eliya Main Warehouse
2021-10-01,FNGS,166.3,7718.1,0,1394.85,1,10,4,274,4,0,Nuwara Eliya Main Warehouse
2021-10-01,OP,92.8,5660.7,0,2718.54,1,10,4,274,4,0,Nuwara Eliya Main Warehouse
2021-10-02,BOP,196.1,14192.2,0,2033.27,0,10,5,275,4,1,Nuwara Eliya Main Warehouse
2021-10-02,BOPF,147.6,11564.2,0,1637.26,0,10,5,275,4,1,Nuwara Eliya Main Warehouse
2021-10-02,DUST,131.9,9987.0,0,1541.27,0,10,5,275,4,1,Nuwara Eliya Main Warehouse
2021-10-02,FNGS,113.0,7743.0,0,1436.92,0,10,5,275,4,1,Nuwara Eliya Main Warehouse
2021-10-02,OP,65.8,5667.0,0,2970.01,0,10,5,275,4,1,Nuwara Eliya Main Warehouse
2021-10-03,BOP,175.1,14170.7,0,1842.52,0,10,6,276,4,1,Nuwara Eliya Main Warehouse
2021-10-03,BOPF,122.9,11558.4,0,1694.27,0,10,6,276,4,1,Nuwara Eliya Main Warehouse
2021-10-03,DUST,149.3,10014.3,0,1496.88,0,10,6,276,4,1,Nuwara Eliya Main Warehouse
2021-10-03,FNGS,70.1,7747.8,0,1369.78,0,10,6,276,4,1,Nuwara Eliya Main Warehouse
2021-10-03,OP,49.9,5666.6,0,2944.73,0,10,6,276,4,1,Nuwara Eliya Main Warehouse
2021-10-04,BOP,329.3,14124.7,0,1940.5,1,10,0,277,4,0,Nuwara Eliya Main Warehouse
2021-10-04,BOPF,285.6,11531.1,0,1679.6,1,10,0,277,4,0,Nuwara Eliya Main Warehouse
2021-10-04,DUST,238.8,9982.7,0,1533.27,1,10,0,277,4,0,Nuwara Eliya Main Warehouse
2021-10-04,FNGS,182.7,7763.0,0,1423.29,1,10,0,277,4,0,Nuwara Eliya Main Warehouse
2021-10-04,OP,105.6,5652.0,0,2816.81,1,10,0,277,4,0,Nuwara Eliya Main Warehouse
2021-10-05,BOP,329.2,14093.1,0,1930.72,0,10,1,278,4,0,Nuwara Eliya Main Warehouse
2021-10-05,BOPF,278.8,11518.3,0,1640.31,0,10,1,278,4,0,Nuwara Eliya Main Warehouse
2021-10-05,DUST,221.4,9976.8,0,1694.92,0,10,1,278,4,0,Nuwara Eliya Main Warehouse
2021-10-05,FNGS,165.9,7764.8,0,1454.26,0,10,1,278,4,0,Nuwara Eliya Main Warehouse
2021-10-05,OP,121.5,5659.9,0,2878.71,0,10,1,278,4,0,Nuwara Eliya Main Warehouse
2021-10-06,BOP,334.9,14171.9,0,1871.48,1,10,2,279,4,0,Nuwara Eliya Main Warehouse
2021-10-06,BOPF,287.4,11519.4,0,1705.52,1,10,2,279,4,0,Nuwara Eliya Main Warehouse
2021-10-06,DUST,261.4,10008.7,0,1609.85,1,10,2,279,4,0,Nuwara Eliya Main Warehouse
2021-10-06,FNGS,180.6,7806.3,0,1381.64,1,10,2,279,4,0,Nuwara Eliya Main Warehouse
2021-10-06,OP,113.6,5684.8,0,2860.15,1,10,2,279,4,0,Nuwara Eliya Main Warehouse
2021-10-07,BOP,319.1,14194.2,0,1966.06,0,10,3,280,4,0,Nuwara Eliya Main Warehouse
2021-10-07,BOPF,288.2,11584.9,0,1646.78,0,10,3,280,4,0,Nuwara Eliya Main Warehouse
2021-10-07,DUST,227.8,10026.0,0,1670.78,0,10,3,280,4,0,Nuwara Eliya Main Warehouse
2021-10-07,FNGS,163.9,7832.7,0,1420.7,0,10,3,280,4,0,Nuwara Eliya Main Warehouse
2021-10-07,OP,95.4,5693.3,0,2805.69,0,10,3,280,4,0,Nuwara Eliya Main Warehouse
2021-10-08,BOP,292.7,14263.4,0,1865.38,1,10,4,281,4,0,Nuwara Eliya Main Warehouse
2021-10-08,BOPF,248.0,11608.3,0,1611.78,1,10,4,281,4,0,Nuwara Eliya Main Warehouse
2021-10-08,DUST,226.5,10031.6,0,1620.29,1,10,4,281,4,0,Nuwara Eliya Main Warehouse
2021-10-08,FNGS,148.2,7827.3,0,1462.26,1,10,4,281,4,0,Nuwara Eliya Main Warehouse
2021-10-08,OP,96.6,5716.3,0,2867.68,1,10,4,281,4,0,Nuwara Eliya Main Warehouse
2021-10-09,BOP,222.6,14268.5,0,1867.99,0,10,5,282,4,1,Nuwara Eliya Main Warehouse
2021-10-09,BOPF,172.0,11639.9,0,1616.4,0,10,5,282,4,1,Nuwara Eliya Main Warehouse
2021-10-09,DUST,152.5,10041.6,0,1547.35,0,10,5,282,4,1,Nuwara Eliya Main Warehouse
2021-10-09,FNGS,111.9,7848.3,0,1453.51,0,10,5,282,4,1,Nuwara Eliya Main Warehouse
2021-10-09,OP,66.5,5710.0,0,2820.34,0,10,5,282,4,1,Nuwara Eliya Main Warehouse
2021-10-10,BOP,191.6,14263.6,0,1695.49,0,10,6,283,4,1,Nuwara Eliya Main Warehouse
2021-10-10,BOPF,116.6,11655.5,0,1605.84,0,10,6,283,4,1,Nuwara Eliya Main Warehouse
2021-10-10,DUST,91.5,10035.1,0,1564.21,0,10,6,283,4,1,Nuwara Eliya Main Warehouse
2021-10-10,FNGS,84.4,7850.3,0,1380.25,0,10,6,283,4,1,Nuwara Eliya Main Warehouse
2021-10-10,OP,40.3,5713.1,0,2940.09,0,10,6,283,4,1,Nuwara Eliya Main Warehouse
2021-10-11,BOP,296.8,14279.2,0,1910.99,1,10,0,284,4,0,Nuwara Eliya Main Warehouse
2021-10-11,BOPF,277.4,11626.4,0,1640.29,1,10,0,284,4,0,Nuwara Eliya Main Warehouse
2021-10-11,DUST,237.2,10040.4,0,1609.44,1,10,0,284,4,0,Nuwara Eliya Main Warehouse
2021-10-11,FNGS,182.5,7883.4,0,1444.67,1,10,0,284,4,0,Nuwara Eliya Main Warehouse
2021-10-11,OP,92.0,5728.7,0,2840.24,1,10,0,284,4,0,Nuwara Eliya Main Warehouse
2021-10-12,BOP,376.9,14288.9,0,1814.85,0,10,1,285,4,0,Nuwara Eliya Main Warehouse
2021-10-12,BOPF,255.7,11663.3,0,1713.6,0,10,1,285,4,0,Nuwara Eliya Main Warehouse
2021-10-12,DUST,247.5,10053.0,0,1602.53,0,10,1,285,4,0,Nuwara Eliya Main Warehouse
2021-10-12,FNGS,175.6,7914.9,0,1452.54,0,10,1,285,4,0,Nuwara Eliya Main Warehouse
2021-10-12,OP,108.2,5735.2,0,3058.95,0,10,1,285,4,0,Nuwara Eliya Main Warehouse
2021-10-13,BOP,291.4,14257.5,0,1857.99,1,10,2,286,4,0,Nuwara Eliya Main Warehouse
2021-10-13,BOPF,272.6,11652.4,0,1614.63,1,10,2,286,4,0,Nuwara Eliya Main Warehouse
2021-10-13,DUST,256.0,10106.9,0,1555.46,1,10,2,286,4,0,Nuwara Eliya Main Warehouse
2021-10-13,FNGS,175.5,7901.8,0,1433.71,1,10,2,286,4,0,Nuwara Eliya Main Warehouse
2021-10-13,OP,105.0,5723.3,0,2851.82,1,10,2,286,4,0,Nuwara Eliya Main Warehouse
2021-10-14,BOP,319.0,14291.5,0,1831.74,0,10,3,287,4,0,Nuwara Eliya Main Warehouse
2021-10-14,BOPF,262.4,11680.2,0,1663.04,0,10,3,287,4,0,Nuwara Eliya Main Warehouse
2021-10-14,DUST,241.5,10095.8,0,1512.2,0,10,3,287,4,0,Nuwara Eliya Main Warehouse
2021-10-14,FNGS,163.3,7923.1,0,1475.03,0,10,3,287,4,0,Nuwara Eliya Main Warehouse
2021-10-14,OP,94.0,5731.1,0,2868.03,0,10,3,287,4,0,Nuwara Eliya Main Warehouse
2021-10-15,BOP,297.5,14272.5,0,1868.5,1,10,4,288,4,0,Nuwara Eliya Main Warehouse
2021-10-15,BOPF,242.6,11676.9,0,1622.08,1,10,4,288,4,0,Nuwara Eliya Main Warehouse
2021-10-15,DUST,189.2,10133.1,0,1735.41,1,10,4,288,4,0,Nuwara Eliya Main Warehouse
2021-10-15,FNGS,149.6,7918.0,0,1404.63,1,10,4,288,4,0,Nuwara Eliya Main Warehouse
2021-10-15,OP,77.8,5738.4,0,2903.13,1,10,4,288,4,0,Nuwara Eliya Main Warehouse
2021-10-16,BOP,211.0,14293.2,0,1913.6,0,10,5,289,4,1,Nuwara Eliya Main Warehouse
2021-10-16,BOPF,172.5,11719.8,0,1641.47,0,10,5,289,4,1,Nuwara Eliya Main Warehouse
2021-10-16,DUST,160.9,10150.4,0,1576.08,0,10,5,289,4,1,Nuwara Eliya Main Warehouse
2021-10-16,FNGS,106.9,7914.7,0,1446.81,0,10,5,289,4,1,Nuwara Eliya Main Warehouse
2021-10-16,OP,57.1,5746.5,0,2929.28,0,10,5,289,4,1,Nuwara Eliya Main Warehouse
2021-10-17,BOP,145.2,14309.2,0,1889.72,0,10,6,290,4,1,Nuwara Eliya Main Warehouse
2021-10-17,BOPF,149.7,11713.1,0,1580.85,0,10,6,290,4,1,Nuwara Eliya Main Warehouse
2021-10-17,DUST,104.0,10135.7,0,1567.61,0,10,6,290,4,1,Nuwara Eliya Main Warehouse
2021-10-17,FNGS,73.5,7912.4,0,1380.65,0,10,6,290,4,1,Nuwara Eliya Main Warehouse
2021-10-17,OP,37.5,5752.3,0,2865.72,0,10,6,290,4,1,Nuwara Eliya Main Warehouse
2021-10-18,BOP,312.7,14281.3,0,1928.62,1,10,0,291,4,0,Nuwara Eliya Main Warehouse
2021-10-18,BOPF,299.7,11701.7,0,1643.64,1,10,0,291,4,0,Nuwara Eliya Main Warehouse
2021-10-18,DUST,254.3,10171.3,0,1588.14,1,10,0,291,4,0,Nuwara Eliya Main Warehouse
2021-10-18,FNGS,144.6,7932.7,0,1362.46,1,10,0,291,4,0,Nuwara Eliya Main Warehouse
2021-10-18,OP,95.7,5767.5,0,2901.91,1,10,0,291,4,0,Nuwara Eliya Main Warehouse
2021-10-19,BOP,322.8,14240.8,0,1959.61,0,10,1,292,4,0,Nuwara Eliya Main Warehouse
2021-10-19,BOPF,267.8,11761.2,0,1645.06,0,10,1,292,4,0,Nuwara Eliya Main Warehouse
2021-10-19,DUST,235.9,10139.2,0,1571.7,0,10,1,292,4,0,Nuwara Eliya Main Warehouse
2021-10-19,FNGS,176.2,7922.5,0,1462.6,0,10,1,292,4,0,Nuwara Eliya Main Warehouse
2021-10-19,OP,103.6,5779.4,0,2874.94,0,10,1,292,4,0,Nuwara Eliya Main Warehouse
2021-10-20,BOP,314.1,14291.8,0,1869.03,1,10,2,293,4,0,Nuwara Eliya Main Warehouse
2021-10-20,BOPF,314.1,11717.2,0,1680.85,1,10,2,293,4,0,Nuwara Eliya Main Warehouse
2021-10-20,DUST,232.8,10197.2,0,1588.8,1,10,2,293,4,0,Nuwara Eliya Main Warehouse
2021-10-20,FNGS,172.5,7896.7,0,1430.76,1,10,2,293,4,0,Nuwara Eliya Main Warehouse
2021-10-20,OP,93.5,5773.5,0,2794.39,1,10,2,293,4,0,Nuwara Eliya Main Warehouse
2021-10-21,BOP,334.9,14303.1,0,1863.08,0,10,3,294,4,0,Nuwara Eliya Main Warehouse
2021-10-21,BOPF,261.5,11750.8,0,1665.56,0,10,3,294,4,0,Nuwara Eliya Main Warehouse
2021-10-21,DUST,218.8,10240.7,0,1643.05,0,10,3,294,4,0,Nuwara Eliya Main Warehouse
2021-10-21,FNGS,157.3,7918.1,0,1410.53,0,10,3,294,4,0,Nuwara Eliya Main Warehouse
2021-10-21,OP,95.5,5774.6,0,2771.95,0,10,3,294,4,0,Nuwara Eliya Main Warehouse
2021-10-22,BOP,289.9,14266.4,0,1942.93,1,10,4,295,4,0,Nuwara Eliya Main Warehouse
2021-10-22,BOPF,246.4,11785.3,0,1596.59,1,10,4,295,4,0,Nuwara Eliya Main Warehouse
2021-10-22,DUST,196.7,10234.6,0,1577.53,1,10,4,295,4,0,Nuwara Eliya Main Warehouse
2021-10-22,FNGS,130.6,7907.4,0,1385.36,1,10,4,295,4,0,Nuwara Eliya Main Warehouse
2021-10-22,OP,88.9,5788.8,0,2918.93,1,10,4,295,4,0,Nuwara Eliya Main Warehouse
2021-10-23,BOP,189.5,14313.4,0,1947.46,0,10,5,296,4,1,Nuwara Eliya Main Warehouse
2021-10-23,BOPF,181.7,11818.9,0,1707.64,0,10,5,296,4,1,Nuwara Eliya Main Warehouse
2021-10-23,DUST,132.6,10228.4,0,1529.37,0,10,5,296,4,1,Nuwara Eliya Main Warehouse
2021-10-23,FNGS,115.1,7895.0,0,1464.94,0,10,5,296,4,1,Nuwara Eliya Main Warehouse
2021-10-23,OP,52.2,5800.9,0,2987.85,0,10,5,296,4,1,Nuwara Eliya Main Warehouse
2021-10-24,BOP,171.8,14291.6,0,1931.15,0,10,6,297,4,1,Nuwara Eliya Main Warehouse
2021-10-24,BOPF,171.9,11860.1,0,1665.29,0,10,6,297,4,1,Nuwara Eliya Main Warehouse
2021-10-24,DUST,124.2,10228.7,0,1576.03,0,10,6,297,4,1,Nuwara Eliya Main Warehouse
2021-10-24,FNGS,77.1,7890.7,0,1366.97,0,10,6,297,4,1,Nuwara Eliya Main Warehouse
2021-10-24,OP,36.0,5796.7,0,2723.61,0,10,6,297,4,1,Nuwara Eliya Main Warehouse
2021-10-25,BOP,320.2,14332.6,0,1837.33,1,10,0,298,4,0,Nuwara Eliya Main Warehouse
2021-10-25,BOPF,261.5,11922.9,0,1664.83,1,10,0,298,4,0,Nuwara Eliya Main Warehouse
2021-10-25,DUST,207.8,10227.1,0,1562.07,1,10,0,298,4,0,Nuwara Eliya Main Warehouse
2021-10-25,FNGS,159.1,7891.0,0,1472.11,1,10,0,298,4,0,Nuwara Eliya Main Warehouse
2021-10-25,OP,92.7,5802.6,0,2740.31,1,10,0,298,4,0,Nuwara Eliya Main Warehouse
2021-10-26,BOP,345.7,14416.7,0,1913.77,0,10,1,299,4,0,Nuwara Eliya Main Warehouse
2021-10-26,BOPF,254.2,11891.4,0,1654.86,0,10,1,299,4,0,Nuwara Eliya Main Warehouse
2021-10-26,DUST,250.4,10226.9,0,1649.99,0,10,1,299,4,0,Nuwara Eliya Main Warehouse
2021-10-26,FNGS,158.1,7897.4,0,1449.45,0,10,1,299,4,0,Nuwara Eliya Main Warehouse
2021-10-26,OP,94.2,5800.3,0,2739.7,0,10,1,299,4,0,Nuwara Eliya Main Warehouse
2021-10-27,BOP,335.6,14398.5,0,1896.53,1,10,2,300,4,0,Nuwara Eliya Main Warehouse
2021-10-27,BOPF,303.7,11945.7,0,1630.26,1,10,2,300,4,0,Nuwara Eliya Main Warehouse
2021-10-27,DUST,245.7,10221.3,0,1638.35,1,10,2,300,4,0,Nuwara Eliya Main Warehouse
2021-10-27,FNGS,157.7,7876.6,0,1369.38,1,10,2,300,4,0,Nuwara Eliya Main Warehouse
2021-10-27,OP,101.2,5794.2,0,2926.33,1,10,2,300,4,0,Nuwara Eliya Main Warehouse
2021-10-28,BOP,301.0,14370.5,0,1949.0,0,10,3,301,4,0,Nuwara Eliya Main Warehouse
2021-10-28,BOPF,258.9,11973.8,0,1666.12,0,10,3,301,4,0,Nuwara Eliya Main Warehouse
2021-10-28,DUST,248.7,10245.8,0,1589.0,0,10,3,301,4,0,Nuwara Eliya Main Warehouse
2021-10-28,FNGS,176.9,7918.7,0,1436.0,0,10,3,301,4,0,Nuwara Eliya Main Warehouse
2021-10-28,OP,99.0,5799.4,0,2933.55,0,10,3,301,4,0,Nuwara Eliya Main Warehouse
2021-10-29,BOP,270.9,14343.0,0,1858.93,1,10,4,302,4,0,Nuwara Eliya Main Warehouse
2021-10-29,BOPF,235.9,11999.5,0,1678.77,1,10,4,302,4,0,Nuwara Eliya Main Warehouse
2021-10-29,DUST,203.0,10228.7,0,1524.66,1,10,4,302,4,0,Nuwara Eliya Main Warehouse
2021-10-29,FNGS,144.4,7938.4,0,1542.27,1,10,4,302,4,0,Nuwara Eliya Main Warehouse
2021-10-29,OP,71.5,5806.0,0,2779.62,1,10,4,302,4,0,Nuwara Eliya Main Warehouse
2021-10-30,BOP,216.0,14336.8,0,1798.36,0,10,5,303,4,1,Nuwara Eliya Main Warehouse
2021-10-30,BOPF,153.2,11984.4,0,1570.88,0,10,5,303,4,1,Nuwara Eliya Main Warehouse
2021-10-30,DUST,127.5,10252.7,0,1527.23,0,10,5,303,4,1,Nuwara Eliya Main Warehouse
2021-10-30,FNGS,91.9,7936.5,0,1480.87,0,10,5,303,4,1,Nuwara Eliya Main Warehouse
2021-10-30,OP,58.8,5797.4,0,3047.12,0,10,5,303,4,1,Nuwara Eliya Main Warehouse
2021-10-31,BOP,165.3,14318.7,0,1929.3,0,10,6,304,4,1,Nuwara Eliya Main Warehouse
2021-10-31,BOPF,123.9,11998.0,0,1629.71,0,10,6,304,4,1,Nuwara Eliya Main Warehouse
2021-10-31,DUST,103.8,10270.9,0,1585.05,0,10,6,304,4,1,Nuwara Eliya Main Warehouse
2021-10-31,FNGS,76.3,7934.8,0,1396.24,0,10,6,304,4,1,Nuwara Eliya Main Warehouse
2021-10-31,OP,36.0,5803.2,0,2829.7,0,10,6,304,4,1,Nuwara Eliya Main Warehouse
2021-11-01,BOP,329.2,14360.4,0,1749.14,1,11,0,305,4,0,Nuwara Eliya Main Warehouse
2021-11-01,BOPF,269.8,12063.6,0,1643.62,1,11,0,305,4,0,Nuwara Eliya Main Warehouse
2021-11-01,DUST,246.8,10280.9,0,1600.1,1,11,0,305,4,0,Nuwara Eliya Main Warehouse
2021-11-01,FNGS,161.0,7939.5,0,1461.22,1,11,0,305,4,0,Nuwara Eliya Main Warehouse
2021-11-01,OP,112.5,5823.3,0,2982.84,1,11,0,305,4,0,Nuwara Eliya Main Warehouse
2021-11-02,BOP,347.9,14316.9,0,1850.66,0,11,1,306,4,0,Nuwara Eliya Main Warehouse
2021-11-02,BOPF,309.4,12130.0,0,1668.58,0,11,1,306,4,0,Nuwara Eliya Main Warehouse
2021-11-02,DUST,251.5,10328.9,0,1567.15,0,11,1,306,4,0,Nuwara Eliya Main Warehouse
2021-11-02,FNGS,195.0,7959.1,0,1371.76,0,11,1,306,4,0,Nuwara Eliya Main Warehouse
2021-11-02,OP,107.0,5848.5,0,2930.37,0,11,1,306,4,0,Nuwara Eliya Main Warehouse
2021-11-03,BOP,363.9,14336.5,0,1834.61,1,11,2,307,4,0,Nuwara Eliya Main Warehouse
2021-11-03,BOPF,293.9,12137.6,0,1714.25,1,11,2,307,4,0,Nuwara Eliya Main Warehouse
2021-11-03,DUST,250.9,10316.1,0,1562.36,1,11,2,307,4,0,Nuwara Eliya Main Warehouse
2021-11-03,FNGS,189.9,7941.8,0,1373.73,1,11,2,307,4,0,Nuwara Eliya Main Warehouse
2021-11-03,OP,96.0,5841.1,0,2782.17,1,11,2,307,4,0,Nuwara Eliya Main Warehouse
2021-11-04,BOP,321.8,14416.5,0,1834.37,0,11,3,308,4,0,Nuwara Eliya Main Warehouse
2021-11-04,BOPF,275.6,12100.6,0,1618.86,0,11,3,308,4,0,Nuwara Eliya Main Warehouse
2021-11-04,DUST,260.6,10278.8,0,1557.23,0,11,3,308,4,0,Nuwara Eliya Main Warehouse
2021-11-04,FNGS,166.8,7929.3,0,1428.6,0,11,3,308,4,0,Nuwara Eliya Main Warehouse
2021-11-04,OP,94.5,5849.4,0,2827.74,0,11,3,308,4,0,Nuwara Eliya Main Warehouse
2021-11-05,BOP,308.6,14470.7,0,1850.1,1,11,4,309,4,0,Nuwara Eliya Main Warehouse
2021-11-05,BOPF,273.1,12099.2,0,1632.29,1,11,4,309,4,0,Nuwara Eliya Main Warehouse
2021-11-05,DUST,223.1,10300.6,0,1583.82,1,11,4,309,4,0,Nuwara Eliya Main Warehouse
2021-11-05,FNGS,145.4,7957.5,0,1454.7,1,11,4,309,4,0,Nuwara Eliya Main Warehouse
2021-11-05,OP,92.1,5851.3,0,2789.78,1,11,4,309,4,0,Nuwara Eliya Main Warehouse
2021-11-06,BOP,214.4,14491.3,0,1959.37,0,11,5,310,4,1,Nuwara Eliya Main Warehouse
2021-11-06,BOPF,190.9,12133.7,0,1631.7,0,11,5,310,4,1,Nuwara Eliya Main Warehouse
2021-11-06,DUST,157.8,10305.9,0,1474.23,0,11,5,310,4,1,Nuwara Eliya Main Warehouse
2021-11-06,FNGS,79.1,7953.8,0,1465.71,0,11,5,310,4,1,Nuwara Eliya Main Warehouse
2021-11-06,OP,57.0,5850.3,0,2750.35,0,11,5,310,4,1,Nuwara Eliya Main Warehouse
2021-11-07,BOP,166.4,14486.7,0,1937.48,0,11,6,311,4,1,Nuwara Eliya Main Warehouse
2021-11-07,BOPF,113.8,12148.6,0,1617.77,0,11,6,311,4,1,Nuwara Eliya Main Warehouse
2021-11-07,DUST,92.6,10313.0,0,1533.93,0,11,6,311,4,1,Nuwara Eliya Main Warehouse
2021-11-07,FNGS,64.6,7953.9,0,1466.39,0,11,6,311,4,1,Nuwara Eliya Main Warehouse
2021-11-07,OP,41.4,5853.5,0,2842.2,0,11,6,311,4,1,Nuwara Eliya Main Warehouse
2021-11-08,BOP,352.0,14521.8,0,1878.1,1,11,0,312,4,0,Nuwara Eliya Main Warehouse
2021-11-08,BOPF,300.6,12158.7,0,1639.97,1,11,0,312,4,0,Nuwara Eliya Main Warehouse
2021-11-08,DUST,228.2,10360.9,0,1556.09,1,11,0,312,4,0,Nuwara Eliya Main Warehouse
2021-11-08,FNGS,156.4,7984.9,0,1452.62,1,11,0,312,4,0,Nuwara Eliya Main Warehouse
2021-11-08,OP,113.9,5872.1,0,2763.0,1,11,0,312,4,0,Nuwara Eliya Main Warehouse
2021-11-09,BOP,363.0,14543.9,0,1955.12,0,11,1,313,4,0,Nuwara Eliya Main Warehouse
2021-11-09,BOPF,302.6,12120.0,0,1694.42,0,11,1,313,4,0,Nuwara Eliya Main Warehouse
2021-11-09,DUST,245.9,10419.4,0,1641.51,0,11,1,313,4,0,Nuwara Eliya Main Warehouse
2021-11-09,FNGS,181.7,8005.9,0,1364.15,0,11,1,313,4,0,Nuwara Eliya Main Warehouse
2021-11-09,OP,103.6,5857.5,0,2849.19,0,11,1,313,4,0,Nuwara Eliya Main Warehouse
2021-11-10,BOP,356.8,14551.1,0,1833.39,1,11,2,314,4,0,Nuwara Eliya Main Warehouse
2021-11-10,BOPF,317.6,12126.6,0,1605.86,1,11,2,314,4,0,Nuwara Eliya Main Warehouse
2021-11-10,DUST,218.9,10442.1,0,1547.63,1,11,2,314,4,0,Nuwara Eliya Main Warehouse
2021-11-10,FNGS,173.4,8003.6,0,1429.48,1,11,2,314,4,0,Nuwara Eliya Main Warehouse
2021-11-10,OP,107.0,5882.9,0,3026.46,1,11,2,314,4,0,Nuwara Eliya Main Warehouse
2021-11-11,BOP,360.2,14515.9,0,1825.97,0,11,3,315,4,0,Nuwara Eliya Main Warehouse
2021-11-11,BOPF,291.1,12137.5,0,1677.99,0,11,3,315,4,0,Nuwara Eliya Main Warehouse
2021-11-11,DUST,226.9,10477.4,0,1593.98,0,11,3,315,4,0,Nuwara Eliya Main Warehouse
2021-11-11,FNGS,159.2,8023.2,0,1472.83,0,11,3,315,4,0,Nuwara Eliya Main Warehouse
2021-11-11,OP,114.8,5902.9,0,2922.81,0,11,3,315,4,0,Nuwara Eliya Main Warehouse
2021-11-12,BOP,300.8,14577.5,0,1940.54,1,11,4,316,4,0,Nuwara Eliya Main Warehouse
2021-11-12,BOPF,245.4,12191.9,0,1574.6,1,11,4,316,4,0,Nuwara Eliya Main Warehouse
2021-11-12,DUST,213.1,10452.6,0,1596.24,1,11,4,316,4,0,Nuwara Eliya Main Warehouse
2021-11-12,FNGS,151.3,8001.7,0,1450.87,1,11,4,316,4,0,Nuwara Eliya Main Warehouse
2021-11-12,OP,93.7,5917.0,0,2817.7,1,11,4,316,4,0,Nuwara Eliya Main Warehouse
2021-11-13,BOP,234.0,14584.5,0,1924.92,0,11,5,317,4,1,Nuwara Eliya Main Warehouse
2021-11-13,BOPF,185.7,12211.6,0,1630.15,0,11,5,317,4,1,Nuwara Eliya Main Warehouse
2021-11-13,DUST,155.9,10439.2,0,1646.17,0,11,5,317,4,1,Nuwara Eliya Main Warehouse
2021-11-13,FNGS,115.3,8018.4,0,1440.0,0,11,5,317,4,1,Nuwara Eliya Main Warehouse
2021-11-13,OP,50.7,5924.8,0,2811.05,0,11,5,317,4,1,Nuwara Eliya Main Warehouse
2021-11-14,BOP,167.4,14572.4,0,1867.34,0,11,6,318,4,1,Nuwara Eliya Main Warehouse
2021-11-14,BOPF,161.2,12207.5,0,1641.54,0,11,6,318,4,1,Nuwara Eliya Main Warehouse
2021-11-14,DUST,129.2,10457.7,0,1644.64,0,11,6,318,4,1,Nuwara Eliya Main Warehouse
2021-11-14,FNGS,89.0,8022.3,0,1446.28,0,11,6,318,4,1,Nuwara Eliya Main Warehouse
2021-11-14,OP,48.4,5925.1,0,2831.21,0,11,6,318,4,1,Nuwara Eliya Main Warehouse
2021-11-15,BOP,340.2,14571.4,0,1830.0,1,11,0,319,4,0,Nuwara Eliya Main Warehouse
2021-11-15,BOPF,275.3,12224.1,0,1739.07,1,11,0,319,4,0,Nuwara Eliya Main Warehouse
2021-11-15,DUST,239.5,10463.1,0,1583.37,1,11,0,319,4,0,Nuwara Eliya Main Warehouse
2021-11-15,FNGS,153.3,8049.2,0,1445.68,1,11,0,319,4,0,Nuwara Eliya Main Warehouse
2021-11-15,OP,96.9,5939.7,0,3039.09,1,11,0,319,4,0,Nuwara Eliya Main Warehouse
2021-11-16,BOP,348.0,14576.9,0,1974.17,0,11,1,320,4,0,Nuwara Eliya Main Warehouse
2021-11-16,BOPF,295.4,12187.6,0,1644.43,0,11,1,320,4,0,Nuwara Eliya Main Warehouse
2021-11-16,DUST,258.6,10470.5,0,1564.05,0,11,1,320,4,0,Nuwara Eliya Main Warehouse
2021-11-16,FNGS,182.0,8091.4,0,1350.13,0,11,1,320,4,0,Nuwara Eliya Main Warehouse
2021-11-16,OP,121.9,5940.2,0,2773.89,0,11,1,320,4,0,Nuwara Eliya Main Warehouse
2021-11-17,BOP,346.6,14639.6,0,1797.82,1,11,2,321,4,0,Nuwara Eliya Main Warehouse
2021-11-17,BOPF,294.1,12257.9,0,1550.93,1,11,2,321,4,0,Nuwara Eliya Main Warehouse
2021-11-17,DUST,244.8,10464.0,0,1555.4,1,11,2,321,4,0,Nuwara Eliya Main Warehouse
2021-11-17,FNGS,165.5,8127.9,0,1481.27,1,11,2,321,4,0,Nuwara Eliya Main Warehouse
2021-11-17,OP,104.1,5962.1,0,2865.37,1,11,2,321,4,0,Nuwara Eliya Main Warehouse
2021-11-18,BOP,350.4,14689.9,0,1860.21,0,11,3,322,4,0,Nuwara Eliya Main Warehouse
2021-11-18,BOPF,273.5,12256.2,0,1560.88,0,11,3,322,4,0,Nuwara Eliya Main Warehouse
2021-11-18,DUST,247.3,10487.0,0,1575.17,0,11,3,322,4,0,Nuwara Eliya Main Warehouse
2021-11-18,FNGS,187.2,8167.9,0,1428.22,0,11,3,322,4,0,Nuwara Eliya Main Warehouse
2021-11-18,OP,129.6,5951.8,0,2904.82,0,11,3,322,4,0,Nuwara Eliya Main Warehouse
2021-11-19,BOP,288.8,14735.4,0,1906.25,1,11,4,323,4,0,Nuwara Eliya Main Warehouse
2021-11-19,BOPF,250.0,12266.5,0,1659.8,1,11,4,323,4,0,Nuwara Eliya Main Warehouse
2021-11-19,DUST,227.4,10469.7,0,1566.31,1,11,4,323,4,0,Nuwara Eliya Main Warehouse
2021-11-19,FNGS,166.8,8177.0,0,1462.68,1,11,4,323,4,0,Nuwara Eliya Main Warehouse
2021-11-19,OP,106.2,5948.3,0,2968.03,1,11,4,323,4,0,Nuwara Eliya Main Warehouse
2021-11-20,BOP,265.4,14696.8,0,1993.72,0,11,5,324,4,1,Nuwara Eliya Main Warehouse
2021-11-20,BOPF,196.3,12265.0,0,1688.09,0,11,5,324,4,1,Nuwara Eliya Main Warehouse
2021-11-20,DUST,182.9,10488.1,0,1612.35,0,11,5,324,4,1,Nuwara Eliya Main Warehouse
2021-11-20,FNGS,104.3,8176.4,0,1336.23,0,11,5,324,4,1,Nuwara Eliya Main Warehouse
2021-11-20,OP,60.6,5952.6,0,2838.19,0,11,5,324,4,1,Nuwara Eliya Main Warehouse
2021-11-21,BOP,158.6,14699.4,0,1915.09,0,11,6,325,4,1,Nuwara Eliya Main Warehouse
2021-11-21,BOPF,172.4,12286.2,0,1676.63,0,11,6,325,4,1,Nuwara Eliya Main Warehouse
2021-11-21,DUST,119.0,10478.5,0,1606.27,0,11,6,325,4,1,Nuwara Eliya Main Warehouse
2021-11-21,FNGS,79.4,8179.3,0,1502.93,0,11,6,325,4,1,Nuwara Eliya Main Warehouse
2021-11-21,OP,49.2,5951.5,0,2785.48,0,11,6,325,4,1,Nuwara Eliya Main Warehouse
2021-11-22,BOP,315.4,14712.8,0,1920.62,1,11,0,326,4,0,Nuwara Eliya Main Warehouse
2021-11-22,BOPF,298.2,12320.5,0,1666.64,1,11,0,326,4,0,Nuwara Eliya Main Warehouse
2021-11-22,DUST,249.2,10447.5,0,1614.36,1,11,0,326,4,0,Nuwara Eliya Main Warehouse
2021-11-22,FNGS,173.5,8201.1,0,1384.7,1,11,0,326,4,0,Nuwara Eliya Main Warehouse
2021-11-22,OP,115.2,5953.7,0,2890.86,1,11,0,326,4,0,Nuwara Eliya Main Warehouse
2021-11-23,BOP,377.7,14659.1,0,1862.5,0,11,1,327,4,0,Nuwara Eliya Main Warehouse
2021-11-23,BOPF,306.9,12362.2,0,1715.11,0,11,1,327,4,0,Nuwara Eliya Main Warehouse
2021-11-23,DUST,272.4,10442.7,0,1645.51,0,11,1,327,4,0,Nuwara Eliya Main Warehouse
2021-11-23,FNGS,163.9,8234.5,0,1540.11,0,11,1,327,4,0,Nuwara Eliya Main Warehouse
2021-11-23,OP,122.2,5959.5,0,2977.18,0,11,1,327,4,0,Nuwara Eliya Main Warehouse
2021-11-24,BOP,365.1,14642.2,0,1925.79,1,11,2,328,4,0,Nuwara Eliya Main Warehouse
2021-11-24,BOPF,289.0,12349.9,0,1632.51,1,11,2,328,4,0,Nuwara Eliya Main Warehouse
2021-11-24,DUST,235.2,10429.1,0,1673.69,1,11,2,328,4,0,Nuwara Eliya Main Warehouse
2021-11-24,FNGS,189.1,8221.8,0,1522.49,1,11,2,328,4,0,Nuwara Eliya Main Warehouse
2021-11-24,OP,118.1,5982.2,0,2844.03,1,11,2,328,4,0,Nuwara Eliya Main Warehouse
2021-11-25,BOP,356.3,14697.2,0,1900.22,0,11,3,329,4,0,Nuwara Eliya Main Warehouse
2021-11-25,BOPF,316.6,12342.4,0,1702.35,0,11,3,329,4,0,Nuwara Eliya Main Warehouse
2021-11-25,DUST,280.7,10486.8,0,1592.97,0,11,3,329,4,0,Nuwara Eliya Main Warehouse
2021-11-25,FNGS,179.7,8260.8,0,1377.93,0,11,3,329,4,0,Nuwara Eliya Main Warehouse
2021-11-25,OP,122.4,5989.5,0,2796.65,0,11,3,329,4,0,Nuwara Eliya Main Warehouse
2021-11-26,BOP,322.1,14666.5,0,1806.35,1,11,4,330,4,0,Nuwara Eliya Main Warehouse
2021-11-26,BOPF,275.5,12314.8,0,1579.66,1,11,4,330,4,0,Nuwara Eliya Main Warehouse
2021-11-26,DUST,243.4,10455.7,0,1638.42,1,11,4,330,4,0,Nuwara Eliya Main Warehouse
2021-11-26,FNGS,174.2,8291.5,0,1468.0,1,11,4,330,4,0,Nuwara Eliya Main Warehouse
2021-11-26,OP,100.1,5989.0,0,2876.62,1,11,4,330,4,0,Nuwara Eliya Main Warehouse
2021-11-27,BOP,230.7,14681.3,0,1938.65,0,11,5,331,4,1,Nuwara Eliya Main Warehouse
2021-11-27,BOPF,187.2,12335.8,0,1615.11,0,11,5,331,4,1,Nuwara Eliya Main Warehouse
2021-11-27,DUST,142.6,10444.4,0,1571.05,0,11,5,331,4,1,Nuwara Eliya Main Warehouse
2021-11-27,FNGS,107.7,8317.5,0,1391.06,0,11,5,331,4,1,Nuwara Eliya Main Warehouse
2021-11-27,OP,69.2,5985.4,0,2731.19,0,11,5,331,4,1,Nuwara Eliya Main Warehouse
2021-11-28,BOP,166.6,14670.7,0,1948.64,0,11,6,332,4,1,Nuwara Eliya Main Warehouse
2021-11-28,BOPF,173.1,12312.6,0,1571.39,0,11,6,332,4,1,Nuwara Eliya Main Warehouse
2021-11-28,DUST,137.5,10453.9,0,1642.62,0,11,6,332,4,1,Nuwara Eliya Main Warehouse
2021-11-28,FNGS,86.8,8335.1,0,1407.03,0,11,6,332,4,1,Nuwara Eliya Main Warehouse
2021-11-28,OP,52.2,5986.1,0,2849.41,0,11,6,332,4,1,Nuwara Eliya Main Warehouse
2021-11-29,BOP,346.2,14620.4,0,1939.5,1,11,0,333,4,0,Nuwara Eliya Main Warehouse
2021-11-29,BOPF,308.3,12340.1,0,1645.97,1,11,0,333,4,0,Nuwara Eliya Main Warehouse
2021-11-29,DUST,245.0,10464.3,0,1636.99,1,11,0,333,4,0,Nuwara Eliya Main Warehouse
2021-11-29,FNGS,168.1,8328.7,0,1408.08,1,11,0,333,4,0,Nuwara Eliya Main Warehouse
2021-11-29,OP,121.8,5993.0,0,2966.93,1,11,0,333,4,0,Nuwara Eliya Main Warehouse
2021-11-30,BOP,348.7,14601.7,0,1896.9,0,11,1,334,4,0,Nuwara Eliya Main Warehouse
2021-11-30,BOPF,300.2,12399.5,0,1657.2,0,11,1,334,4,0,Nuwara Eliya Main Warehouse
2021-11-30,DUST,260.3,10430.0,0,1634.64,0,11,1,334,4,0,Nuwara Eliya Main Warehouse
2021-11-30,FNGS,183.4,8308.9,0,1452.9,0,11,1,334,4,0,Nuwara Eliya Main Warehouse
2021-11-30,OP,125.2,6011.6,0,2941.67,0,11,1,334,4,0,Nuwara Eliya Main Warehouse
2021-12-01,BOP,375.0,14691.9,0,1842.12,1,12,2,335,4,0,Nuwara Eliya Main Warehouse
2021-12-01,BOPF,307.5,12463.0,0,1665.11,1,12,2,335,4,0,Nuwara Eliya Main Warehouse
2021-12-01,DUST,267.2,10390.7,0,1592.23,1,12,2,335,4,0,Nuwara Eliya Main Warehouse
2021-12-01,FNGS,178.9,8290.1,0,1447.83,1,12,2,335,4,0,Nuwara Eliya Main Warehouse
2021-12-01,OP,123.2,5999.1,0,2856.3,1,12,2,335,4,0,Nuwara Eliya Main Warehouse
2021-12-02,BOP,348.0,14751.2,0,1767.16,0,12,3,336,4,0,Nuwara Eliya Main Warehouse
2021-12-02,BOPF,296.3,12471.7,0,1662.69,0,12,3,336,4,0,Nuwara Eliya Main Warehouse
2021-12-02,DUST,273.5,10457.8,0,1556.89,0,12,3,336,4,0,Nuwara Eliya Main Warehouse
2021-12-02,FNGS,199.7,8283.4,0,1383.83,0,12,3,336,4,0,Nuwara Eliya Main Warehouse
2021-12-02,OP,125.4,5991.4,0,3007.98,0,12,3,336,4,0,Nuwara Eliya Main Warehouse
2021-12-03,BOP,300.8,14821.6,0,1904.17,1,12,4,337,4,0,Nuwara Eliya Main Warehouse
2021-12-03,BOPF,319.0,12482.5,0,1614.72,1,12,4,337,4,0,Nuwara Eliya Main Warehouse
2021-12-03,DUST,226.2,10483.5,0,1523.24,1,12,4,337,4,0,Nuwara Eliya Main Warehouse
2021-12-03,FNGS,162.6,8299.0,0,1452.88,1,12,4,337,4,0,Nuwara Eliya Main Warehouse
2021-12-03,OP,92.6,5991.6,0,3029.23,1,12,4,337,4,0,Nuwara Eliya Main Warehouse
2021-12-04,BOP,231.4,14832.0,0,1955.64,0,12,5,338,4,1,Nuwara Eliya Main Warehouse
2021-12-04,BOPF,214.7,12456.9,0,1650.68,0,12,5,338,4,1,Nuwara Eliya Main Warehouse
2021-12-04,DUST,167.4,10482.8,0,1586.34,0,12,5,338,4,1,Nuwara Eliya Main Warehouse
2021-12-04,FNGS,127.5,8320.9,0,1425.93,0,12,5,338,4,1,Nuwara Eliya Main Warehouse
2021-12-04,OP,80.6,5991.1,0,2924.79,0,12,5,338,4,1,Nuwara Eliya Main Warehouse
2021-12-05,BOP,198.5,14811.0,0,1950.98,0,12,6,339,4,1,Nuwara Eliya Main Warehouse
2021-12-05,BOPF,167.9,12476.8,0,1587.27,0,12,6,339,4,1,Nuwara Eliya Main Warehouse
2021-12-05,DUST,144.3,10488.3,0,1659.6,0,12,6,339,4,1,Nuwara Eliya Main Warehouse
2021-12-05,FNGS,96.0,8341.0,0,1358.14,0,12,6,339,4,1,Nuwara Eliya Main Warehouse
2021-12-05,OP,62.9,5991.5,0,2745.91,0,12,6,339,4,1,Nuwara Eliya Main Warehouse
2021-12-06,BOP,340.8,14834.5,0,1941.15,1,12,0,340,4,0,Nuwara Eliya Main Warehouse
2021-12-06,BOPF,313.7,12532.7,0,1726.41,1,12,0,340,4,0,Nuwara Eliya Main Warehouse
2021-12-06,DUST,268.2,10476.7,0,1574.02,1,12,0,340,4,0,Nuwara Eliya Main Warehouse
2021-12-06,FNGS,177.4,8358.7,0,1416.48,1,12,0,340,4,0,Nuwara Eliya Main Warehouse
2021-12-06,OP,134.4,6014.0,0,2711.5,1,12,0,340,4,0,Nuwara Eliya Main Warehouse
2021-12-07,BOP,352.9,14845.7,0,1891.88,0,12,1,341,4,0,Nuwara Eliya Main Warehouse
2021-12-07,BOPF,344.0,12514.8,0,1645.52,0,12,1,341,4,0,Nuwara Eliya Main Warehouse
2021-12-07,DUST,258.4,10473.6,0,1625.05,0,12,1,341,4,0,Nuwara Eliya Main Warehouse
2021-12-07,FNGS,199.3,8329.2,0,1504.55,0,12,1,341,4,0,Nuwara Eliya Main Warehouse
2021-12-07,OP,118.3,6011.6,0,2985.83,0,12,1,341,4,0,Nuwara Eliya Main Warehouse
2021-12-08,BOP,368.0,14914.8,0,1956.49,1,12,2,342,4,0,Nuwara Eliya Main Warehouse
2021-12-08,BOPF,314.8,12520.6,0,1636.64,1,12,2,342,4,0,Nuwara Eliya Main Warehouse
2021-12-08,DUST,294.0,10505.8,0,1627.89,1,12,2,342,4,0,Nuwara Eliya Main Warehouse
2021-12-08,FNGS,205.0,8313.8,0,1418.1,1,12,2,342,4,0,Nuwara Eliya Main Warehouse
2021-12-08,OP,139.2,6018.7,0,2890.38,1,12,2,342,4,0,Nuwara Eliya Main Warehouse
2021-12-09,BOP,362.6,14874.7,0,1947.56,0,12,3,343,4,0,Nuwara Eliya Main Warehouse
2021-12-09,BOPF,301.7,12576.6,0,1737.74,0,12,3,343,4,0,Nuwara Eliya Main Warehouse
2021-12-09,DUST,256.1,10557.8,0,1575.57,0,12,3,343,4,0,Nuwara Eliya Main Warehouse
2021-12-09,FNGS,182.9,8293.6,0,1357.92,0,12,3,343,4,0,Nuwara Eliya Main Warehouse
2021-12-09,OP,127.1,6031.3,0,3007.41,0,12,3,343,4,0,Nuwara Eliya Main Warehouse
2021-12-10,BOP,314.0,14888.9,0,1872.95,1,12,4,344,4,0,Nuwara Eliya Main Warehouse
2021-12-10,BOPF,296.1,12636.1,0,1600.26,1,12,4,344,4,0,Nuwara Eliya Main Warehouse
2021-12-10,DUST,253.9,10538.5,0,1650.09,1,12,4,344,4,0,Nuwara Eliya Main Warehouse
2021-12-10,FNGS,185.9,8292.7,0,1469.32,1,12,4,344,4,0,Nuwara Eliya Main Warehouse
2021-12-10,OP,117.9,6024.6,0,2757.78,1,12,4,344,4,0,Nuwara Eliya Main Warehouse
2021-12-11,BOP,235.8,14867.7,0,1934.09,0,12,5,345,4,1,Nuwara Eliya Main Warehouse
2021-12-11,BOPF,210.0,12625.0,0,1606.05,0,12,5,345,4,1,Nuwara Eliya Main Warehouse
2021-12-11,DUST,187.5,10573.4,0,1453.74,0,12,5,345,4,1,Nuwara Eliya Main Warehouse
2021-12-11,FNGS,124.0,8299.0,0,1396.26,0,12,5,345,4,1,Nuwara Eliya Main Warehouse
2021-12-11,OP,97.4,6038.0,0,2856.9,0,12,5,345,4,1,Nuwara Eliya Main Warehouse
2021-12-12,BOP,202.3,14863.6,0,1866.93,0,12,6,346,4,1,Nuwara Eliya Main Warehouse
2021-12-12,BOPF,154.0,12635.8,0,1607.59,0,12,6,346,4,1,Nuwara Eliya Main Warehouse
2021-12-12,DUST,154.8,10557.7,0,1532.25,0,12,6,346,4,1,Nuwara Eliya Main Warehouse
2021-12-12,FNGS,102.0,8285.5,0,1444.33,0,12,6,346,4,1,Nuwara Eliya Main Warehouse
2021-12-12,OP,72.4,6043.0,0,2957.09,0,12,6,346,4,1,Nuwara Eliya Main Warehouse
2021-12-13,BOP,331.1,14911.6,0,1926.78,1,12,0,347,4,0,Nuwara Eliya Main Warehouse
2021-12-13,BOPF,291.8,12614.5,0,1657.69,1,12,0,347,4,0,Nuwara Eliya Main Warehouse
2021-12-13,DUST,258.1,10541.1,0,1546.64,1,12,0,347,4,0,Nuwara Eliya Main Warehouse
2021-12-13,FNGS,204.0,8283.3,0,1428.2,1,12,0,347,4,0,Nuwara Eliya Main Warehouse
2021-12-13,OP,132.3,6046.8,0,2809.54,1,12,0,347,4,0,Nuwara Eliya Main Warehouse
2021-12-14,BOP,348.9,14925.7,0,1824.84,0,12,1,348,4,0,Nuwara Eliya Main Warehouse
2021-12-14,BOPF,353.7,12575.9,0,1682.08,0,12,1,348,4,0,Nuwara Eliya Main Warehouse
2021-12-14,DUST,255.3,10506.7,0,1551.21,0,12,1,348,4,0,Nuwara Eliya Main Warehouse
2021-12-14,FNGS,201.1,8267.6,0,1509.51,0,12,1,348,4,0,Nuwara Eliya Main Warehouse
2021-12-14,OP,138.2,6070.8,0,2956.29,0,12,1,348,4,0,Nuwara Eliya Main Warehouse
2021-12-15,BOP,356.8,14925.8,0,1829.25,1,12,2,349,4,0,Nuwara Eliya Main Warehouse
2021-12-15,BOPF,325.7,12645.7,0,1697.17,1,12,2,349,4,0,Nuwara Eliya Main Warehouse
2021-12-15,DUST,276.0,10480.8,0,1605.08,1,12,2,349,4,0,Nuwara Eliya Main Warehouse
2021-12-15,FNGS,206.1,8290.0,0,1428.43,1,12,2,349,4,0,Nuwara Eliya Main Warehouse
2021-12-15,OP,131.5,6063.9,0,2860.94,1,12,2,349,4,0,Nuwara Eliya Main Warehouse
2021-12-16,BOP,361.1,14928.6,0,1955.94,0,12,3,350,4,0,Nuwara Eliya Main Warehouse
2021-12-16,BOPF,309.0,12700.8,0,1786.34,0,12,3,350,4,0,Nuwara Eliya Main Warehouse
2021-12-16,DUST,272.3,10539.9,0,1603.04,0,12,3,350,4,0,Nuwara Eliya Main Warehouse
2021-12-16,FNGS,199.7,8297.1,0,1387.66,0,12,3,350,4,0,Nuwara Eliya Main Warehouse
2021-12-16,OP,133.4,6091.0,0,2873.82,0,12,3,350,4,0,Nuwara Eliya Main Warehouse
2021-12-17,BOP,337.0,14940.0,0,1949.38,1,12,4,351,4,0,Nuwara Eliya Main Warehouse
2021-12-17,BOPF,285.2,12744.7,0,1552.14,1,12,4,351,4,0,Nuwara Eliya Main Warehouse
2021-12-17,DUST,233.4,10547.7,0,1607.99,1,12,4,351,4,0,Nuwara Eliya Main Warehouse
2021-12-17,FNGS,185.7,8306.1,0,1416.14,1,12,4,351,4,0,Nuwara Eliya Main Warehouse
2021-12-17,OP,116.3,6099.6,0,2772.24,1,12,4,351,4,0,Nuwara Eliya Main Warehouse
2021-12-18,BOP,280.4,14986.0,0,1932.65,0,12,5,352,4,1,Nuwara Eliya Main Warehouse
2021-12-18,BOPF,233.7,12714.2,0,1691.17,0,12,5,352,4,1,Nuwara Eliya Main Warehouse
2021-12-18,DUST,201.4,10523.8,0,1617.5,0,12,5,352,4,1,Nuwara Eliya Main Warehouse
2021-12-18,FNGS,114.6,8308.5,0,1384.33,0,12,5,352,4,1,Nuwara Eliya Main Warehouse
2021-12-18,OP,92.1,6108.3,0,2892.98,0,12,5,352,4,1,Nuwara Eliya Main Warehouse
2021-12-19,BOP,221.5,15031.8,0,1902.5,0,12,6,353,4,1,Nuwara Eliya Main Warehouse
2021-12-19,BOPF,174.2,12746.9,0,1634.62,0,12,6,353,4,1,Nuwara Eliya Main Warehouse
2021-12-19,DUST,152.4,10559.4,0,1545.72,0,12,6,353,4,1,Nuwara Eliya Main Warehouse
2021-12-19,FNGS,94.5,8330.4,0,1427.25,0,12,6,353,4,1,Nuwara Eliya Main Warehouse
2021-12-19,OP,58.6,6120.0,0,3056.27,0,12,6,353,4,1,Nuwara Eliya Main Warehouse
2021-12-20,BOP,411.0,15127.2,0,1765.04,1,12,0,354,4,0,Nuwara Eliya Main Warehouse
2021-12-20,BOPF,337.7,12755.4,0,1633.32,1,12,0,354,4,0,Nuwara Eliya Main Warehouse
2021-12-20,DUST,298.5,10619.6,0,1533.37,1,12,0,354,4,0,Nuwara Eliya Main Warehouse
2021-12-20,FNGS,238.9,8315.1,0,1510.47,1,12,0,354,4,0,Nuwara Eliya Main Warehouse
2021-12-20,OP,157.4,6147.9,0,2904.87,1,12,0,354,4,0,Nuwara Eliya Main Warehouse
2021-12-21,BOP,430.6,15198.2,0,1893.73,0,12,1,355,4,0,Nuwara Eliya Main Warehouse
2021-12-21,BOPF,382.5,12750.4,0,1631.82,0,12,1,355,4,0,Nuwara Eliya Main Warehouse
2021-12-21,DUST,331.6,10670.0,0,1608.55,0,12,1,355,4,0,Nuwara Eliya Main Warehouse
2021-12-21,FNGS,253.4,8329.5,0,1488.68,0,12,1,355,4,0,Nuwara Eliya Main Warehouse
2021-12-21,OP,160.4,6162.4,0,2805.98,0,12,1,355,4,0,Nuwara Eliya Main Warehouse
2021-12-22,BOP,406.3,15188.5,0,1923.23,1,12,2,356,4,0,Nuwara Eliya Main Warehouse
2021-12-22,BOPF,392.7,12777.4,0,1617.89,1,12,2,356,4,0,Nuwara Eliya Main Warehouse
2021-12-22,DUST,328.1,10743.3,0,1560.93,1,12,2,356,4,0,Nuwara Eliya Main Warehouse
2021-12-22,FNGS,229.7,8362.7,0,1522.07,1,12,2,356,4,0,Nuwara Eliya Main Warehouse
2021-12-22,OP,157.4,6186.2,0,2989.91,1,12,2,356,4,0,Nuwara Eliya Main Warehouse
2021-12-23,BOP,419.8,15241.1,0,1868.48,0,12,3,357,4,0,Nuwara Eliya Main Warehouse
2021-12-23,BOPF,387.0,12733.4,0,1744.04,0,12,3,357,4,0,Nuwara Eliya Main Warehouse
2021-12-23,DUST,305.1,10724.4,0,1517.32,0,12,3,357,4,0,Nuwara Eliya Main Warehouse
2021-12-23,FNGS,234.3,8379.7,0,1456.57,0,12,3,357,4,0,Nuwara Eliya Main Warehouse
2021-12-23,OP,160.0,6189.9,0,2808.92,0,12,3,357,4,0,Nuwara Eliya Main Warehouse
2021-12-24,BOP,380.3,15250.6,0,1858.75,1,12,4,358,4,0,Nuwara Eliya Main Warehouse
2021-12-24,BOPF,328.5,12783.6,0,1703.23,1,12,4,358,4,0,Nuwara Eliya Main Warehouse
2021-12-24,DUST,307.7,10781.2,0,1635.63,1,12,4,358,4,0,Nuwara Eliya Main Warehouse
2021-12-24,FNGS,221.2,8428.7,0,1442.56,1,12,4,358,4,0,Nuwara Eliya Main Warehouse
2021-12-24,OP,135.8,6199.3,0,3017.67,1,12,4,358,4,0,Nuwara Eliya Main Warehouse
2021-12-25,BOP,313.0,15235.5,0,1978.6,0,12,5,359,4,1,Nuwara Eliya Main Warehouse
2021-12-25,BOPF,290.2,12807.7,0,1663.54,0,12,5,359,4,1,Nuwara Eliya Main Warehouse
2021-12-25,DUST,263.2,10814.3,0,1655.45,0,12,5,359,4,1,Nuwara Eliya Main Warehouse
2021-12-25,FNGS,181.4,8428.9,0,1394.72,0,12,5,359,4,1,Nuwara Eliya Main Warehouse
2021-12-25,OP,130.9,6182.9,0,2766.21,0,12,5,359,4,1,Nuwara Eliya Main Warehouse
2021-12-26,BOP,243.8,15281.0,0,1895.22,0,12,6,360,4,1,Nuwara Eliya Main Warehouse
2021-12-26,BOPF,231.3,12790.2,0,1728.19,0,12,6,360,4,1,Nuwara Eliya Main Warehouse
2021-12-26,DUST,180.1,10850.0,0,1663.1,0,12,6,360,4,1,Nuwara Eliya Main Warehouse
2021-12-26,FNGS,125.9,8433.4,0,1448.08,0,12,6,360,4,1,Nuwara Eliya Main Warehouse
2021-12-26,OP,99.1,6171.6,0,2896.41,0,12,6,360,4,1,Nuwara Eliya Main Warehouse
2021-12-27,BOP,430.6,15223.0,0,1923.94,1,12,0,361,4,0,Nuwara Eliya Main Warehouse
2021-12-27,BOPF,389.5,12761.1,0,1589.14,1,12,0,361,4,0,Nuwara Eliya Main Warehouse
2021-12-27,DUST,314.0,10903.0,0,1599.5,1,12,0,361,4,0,Nuwara Eliya Main Warehouse
2021-12-27,FNGS,229.1,8407.2,0,1431.38,1,12,0,361,4,0,Nuwara Eliya Main Warehouse
2021-12-27,OP,159.7,6200.6,0,3001.92,1,12,0,361,4,0,Nuwara Eliya Main Warehouse
2021-12-28,BOP,466.9,15321.4,0,1941.8,0,12,1,362,4,0,Nuwara Eliya Main Warehouse
2021-12-28,BOPF,393.1,12731.1,0,1598.09,0,12,1,362,4,0,Nuwara Eliya Main Warehouse
2021-12-28,DUST,334.4,10899.1,0,1620.02,0,12,1,362,4,0,Nuwara Eliya Main Warehouse
2021-12-28,FNGS,245.0,8430.1,0,1469.66,0,12,1,362,4,0,Nuwara Eliya Main Warehouse
2021-12-28,OP,160.6,6180.4,0,2801.1,0,12,1,362,4,0,Nuwara Eliya Main Warehouse
2021-12-29,BOP,429.8,15336.2,0,1843.39,1,12,2,363,4,0,Nuwara Eliya Main Warehouse
2021-12-29,BOPF,353.2,12686.2,0,1557.03,1,12,2,363,4,0,Nuwara Eliya Main Warehouse
2021-12-29,DUST,358.4,10956.4,0,1654.73,1,12,2,363,4,0,Nuwara Eliya Main Warehouse
2021-12-29,FNGS,253.4,8421.3,0,1389.93,1,12,2,363,4,0,Nuwara Eliya Main Warehouse
2021-12-29,OP,166.2,6166.7,0,2881.11,1,12,2,363,4,0,Nuwara Eliya Main Warehouse
2021-12-30,BOP,434.1,15381.8,0,1909.83,0,12,3,364,4,0,Nuwara Eliya Main Warehouse
2021-12-30,BOPF,403.3,12720.5,0,1629.01,0,12,3,364,4,0,Nuwara Eliya Main Warehouse
2021-12-30,DUST,311.0,10942.4,0,1561.32,0,12,3,364,4,0,Nuwara Eliya Main Warehouse
2021-12-30,FNGS,270.0,8398.1,0,1439.38,0,12,3,364,4,0,Nuwara Eliya Main Warehouse
2021-12-30,OP,174.4,6196.1,0,2971.54,0,12,3,364,4,0,Nuwara Eliya Main Warehouse
2021-12-31,BOP,405.2,15427.9,0,1972.48,1,12,4,365,4,0,Nuwara Eliya Main Warehouse
2021-12-31,BOPF,344.8,12784.7,0,1670.98,1,12,4,365,4,0,Nuwara Eliya Main Warehouse
2021-12-31,DUST,282.4,10937.2,0,1642.9,1,12,4,365,4,0,Nuwara Eliya Main Warehouse
2021-12-31,FNGS,221.5,8413.1,0,1371.18,1,12,4,365,4,0,Nuwara Eliya Main Warehouse
2021-12-31,OP,159.4,6172.2,0,2685.07,1,12,4,365,4,0,Nuwara Eliya Main Warehouse
2022-01-01,BOP,289.1,15488.0,0,2000.35,0,1,5,1,1,1,Nuwara Eliya Main Warehouse
2022-01-01,BOPF,270.4,12746.1,0,1668.24,0,1,5,1,1,1,Nuwara Eliya Main Warehouse
2022-01-01,DUST,211.1,10914.6,0,1604.18,0,1,5,1,1,1,Nuwara Eliya Main Warehouse
2022-01-01,FNGS,155.6,8422.9,0,1451.55,0,1,5,1,1,1,Nuwara Eliya Main Warehouse
2022-01-01,OP,122.9,6167.7,0,2952.59,0,1,5,1,1,1,Nuwara Eliya Main Warehouse
2022-01-02,BOP,253.8,15514.6,0,1901.73,0,1,6,2,1,1,Nuwara Eliya Main Warehouse
2022-01-02,BOPF,196.9,12720.4,0,1670.62,0,1,6,2,1,1,Nuwara Eliya Main Warehouse
2022-01-02,DUST,207.1,10961.0,0,1633.97,0,1,6,2,1,1,Nuwara Eliya Main Warehouse
2022-01-02,FNGS,148.8,8405.1,0,1465.85,0,1,6,2,1,1,Nuwara Eliya Main Warehouse
2022-01-02,OP,103.4,6176.3,0,2867.55,0,1,6,2,1,1,Nuwara Eliya Main Warehouse
2022-01-03,BOP,410.5,15553.8,0,1886.44,1,1,0,3,1,0,Nuwara Eliya Main Warehouse
2022-01-03,BOPF,368.8,12749.6,0,1594.9,1,1,0,3,1,0,Nuwara Eliya Main Warehouse
2022-01-03,DUST,300.1,10950.9,0,1600.25,1,1,0,3,1,0,Nuwara Eliya Main Warehouse
2022-01-03,FNGS,249.5,8437.4,0,1369.47,1,1,0,3,1,0,Nuwara Eliya Main Warehouse
2022-01-03,OP,157.6,6190.2,0,2996.27,1,1,0,3,1,0,Nuwara Eliya Main Warehouse
2022-01-04,BOP,428.9,15500.9,0,1914.72,0,1,1,4,1,0,Nuwara Eliya Main Warehouse
2022-01-04,BOPF,393.5,12819.5,0,1702.63,0,1,1,4,1,0,Nuwara Eliya Main Warehouse
2022-01-04,DUST,310.7,10969.0,0,1651.99,0,1,1,4,1,0,Nuwara Eliya Main Warehouse
2022-01-04,FNGS,246.1,8461.9,0,1381.4,0,1,1,4,1,0,Nuwara Eliya Main Warehouse
2022-01-04,OP,156.5,6215.4,0,2805.84,0,1,1,4,1,0,Nuwara Eliya Main Warehouse
2022-01-05,BOP,406.5,15524.2,0,1913.44,1,1,2,5,1,0,Nuwara Eliya Main Warehouse
2022-01-05,BOPF,402.6,12811.8,0,1675.36,1,1,2,5,1,0,Nuwara Eliya Main Warehouse
2022-01-05,DUST,322.2,10971.1,0,1602.22,1,1,2,5,1,0,Nuwara Eliya Main Warehouse
2022-01-05,FNGS,232.2,8444.6,0,1383.35,1,1,2,5,1,0,Nuwara Eliya Main Warehouse
2022-01-05,OP,163.7,6224.0,0,2759.06,1,1,2,5,1,0,Nuwara Eliya Main Warehouse
2022-01-06,BOP,416.0,15486.8,0,1977.02,0,1,3,6,1,0,Nuwara Eliya Main Warehouse
2022-01-06,BOPF,388.7,12807.8,0,1699.46,0,1,3,6,1,0,Nuwara Eliya Main Warehouse
2022-01-06,DUST,319.2,11045.8,0,1522.93,0,1,3,6,1,0,Nuwara Eliya Main Warehouse
2022-01-06,FNGS,249.4,8454.0,0,1430.42,0,1,3,6,1,0,Nuwara Eliya Main Warehouse
2022-01-06,OP,161.7,6232.7,0,2830.14,0,1,3,6,1,0,Nuwara Eliya Main Warehouse
2022-01-07,BOP,390.6,15543.4,0,1844.89,1,1,4,7,1,0,Nuwara Eliya Main Warehouse
2022-01-07,BOPF,344.3,12838.3,0,1571.96,1,1,4,7,1,0,Nuwara Eliya Main Warehouse
2022-01-07,DUST,304.4,11040.9,0,1659.57,1,1,4,7,1,0,Nuwara Eliya Main Warehouse
2022-01-07,FNGS,227.1,8485.4,0,1379.29,1,1,4,7,1,0,Nuwara Eliya Main Warehouse
2022-01-07,OP,158.4,6254.9,0,2828.59,1,1,4,7,1,0,Nuwara Eliya Main Warehouse
2022-01-08,BOP,297.5,15559.8,0,1884.79,0,1,5,8,1,1,Nuwara Eliya Main Warehouse
2022-01-08,BOPF,211.7,12829.8,0,1679.21,0,1,5,8,1,1,Nuwara Eliya Main Warehouse
2022-01-08,DUST,206.9,11074.3,0,1548.1,0,1,5,8,1,1,Nuwara Eliya Main Warehouse
2022-01-08,FNGS,146.4,8494.4,0,1495.98,0,1,5,8,1,1,Nuwara Eliya Main Warehouse
2022-01-08,OP,111.7,6260.4,0,2858.82,0,1,5,8,1,1,Nuwara Eliya Main Warehouse
2022-01-09,BOP,240.7,15589.1,0,1838.46,0,1,6,9,1,1,Nuwara Eliya Main Warehouse
2022-01-09,BOPF,198.4,12802.1,0,1606.46,0,1,6,9,1,1,Nuwara Eliya Main Warehouse
2022-01-09,DUST,173.8,11107.7,0,1650.55,0,1,6,9,1,1,Nuwara Eliya Main Warehouse
2022-01-09,FNGS,135.2,8495.5,0,1456.5,0,1,6,9,1,1,Nuwara Eliya Main Warehouse
2022-01-09,OP,103.6,6270.1,0,2837.01,0,1,6,9,1,1,Nuwara Eliya Main Warehouse
2022-01-10,BOP,424.2,15532.6,0,1844.42,1,1,0,10,1,0,Nuwara Eliya Main Warehouse
2022-01-10,BOPF,326.8,12849.2,0,1645.0,1,1,0,10,1,0,Nuwara Eliya Main Warehouse
2022-01-10,DUST,289.2,11114.7,0,1588.19,1,1,0,10,1,0,Nuwara Eliya Main Warehouse
2022-01-10,FNGS,232.4,8490.6,0,1463.45,1,1,0,10,1,0,Nuwara Eliya Main Warehouse
2022-01-10,OP,161.2,6303.8,0,2707.91,1,1,0,10,1,0,Nuwara Eliya Main Warehouse
2022-01-11,BOP,384.7,15487.9,0,1921.63,0,1,1,11,1,0,Nuwara Eliya Main Warehouse
2022-01-11,BOPF,355.3,12884.8,0,1690.39,0,1,1,11,1,0,Nuwara Eliya Main Warehouse
2022-01-11,DUST,284.5,11115.1,0,1647.19,0,1,1,11,1,0,Nuwara Eliya Main Warehouse
2022-01-11,FNGS,244.0,8513.6,0,1371.65,0,1,1,11,1,0,Nuwara Eliya Main Warehouse
2022-01-11,OP,155.8,6305.4,0,2868.81,0,1,1,11,1,0,Nuwara Eliya Main Warehouse
2022-01-12,BOP,410.3,15543.9,0,1945.81,1,1,2,12,1,0,Nuwara Eliya Main Warehouse
2022-01-12,BOPF,325.8,12911.6,0,1668.97,1,1,2,12,1,0,Nuwara Eliya Main Warehouse
2022-01-12,DUST,296.1,11159.3,0,1645.38,1,1,2,12,1,0,Nuwara Eliya Main Warehouse
2022-01-12,FNGS,227.4,8564.9,0,1492.81,1,1,2,12,1,0,Nuwara Eliya Main Warehouse
2022-01-12,OP,144.3,6306.0,0,2896.46,1,1,2,12,1,0,Nuwara Eliya Main Warehouse
2022-01-13,BOP,391.2,15496.5,0,1864.96,0,1,3,13,1,0,Nuwara Eliya Main Warehouse
2022-01-13,BOPF,337.6,12961.2,0,1623.28,0,1,3,13,1,0,Nuwara Eliya Main Warehouse
2022-01-13,DUST,295.6,11222.9,0,1612.73,0,1,3,13,1,0,Nuwara Eliya Main Warehouse
2022-01-13,FNGS,221.1,8591.2,0,1465.88,0,1,3,13,1,0,Nuwara Eliya Main Warehouse
2022-01-13,OP,165.3,6281.4,0,2860.96,0,1,3,13,1,0,Nuwara Eliya Main Warehouse
2022-01-14,BOP,395.0,15448.6,0,1943.99,1,1,4,14,1,0,Nuwara Eliya Main Warehouse
2022-01-14,BOPF,302.2,12997.4,0,1665.08,1,1,4,14,1,0,Nuwara Eliya Main Warehouse
2022-01-14,DUST,262.4,11262.7,0,1616.49,1,1,4,14,1,0,Nuwara Eliya Main Warehouse
2022-01-14,FNGS,218.9,8564.9,0,1410.04,1,1,4,14,1,0,Nuwara Eliya Main Warehouse
2022-01-14,OP,152.3,6296.0,0,2901.49,1,1,4,14,1,0,Nuwara Eliya Main Warehouse
2022-01-15,BOP,257.9,15411.1,0,1962.97,0,1,5,15,1,1,Nuwara Eliya Main Warehouse
2022-01-15,BOPF,232.1,12981.7,0,1590.47,0,1,5,15,1,1,Nuwara Eliya Main Warehouse
2022-01-15,DUST,186.7,11251.7,0,1612.61,0,1,5,15,1,1,Nuwara Eliya Main Warehouse
2022-01-15,FNGS,148.0,8569.9,0,1374.05,0,1,5,15,1,1,Nuwara Eliya Main Warehouse
2022-01-15,OP,103.1,6281.7,0,2884.74,0,1,5,15,1,1,Nuwara Eliya Main Warehouse
2022-01-16,BOP,209.7,15459.9,0,2008.78,0,1,6,16,1,1,Nuwara Eliya Main Warehouse
2022-01-16,BOPF,190.7,12980.0,0,1720.92,0,1,6,16,1,1,Nuwara Eliya Main Warehouse
2022-01-16,DUST,157.3,11284.0,0,1499.43,0,1,6,16,1,1,Nuwara Eliya Main Warehouse
2022-01-16,FNGS,139.3,8598.7,0,1435.71,0,1,6,16,1,1,Nuwara Eliya Main Warehouse
2022-01-16,OP,106.3,6287.2,0,2761.72,0,1,6,16,1,1,Nuwara Eliya Main Warehouse
2022-01-17,BOP,374.7,15514.2,0,1905.41,1,1,0,17,1,0,Nuwara Eliya Main Warehouse
2022-01-17,BOPF,337.9,12946.4,0,1655.16,1,1,0,17,1,0,Nuwara Eliya Main Warehouse
2022-01-17,DUST,293.5,11285.5,0,1598.69,1,1,0,17,1,0,Nuwara Eliya Main Warehouse
2022-01-17,FNGS,210.1,8575.1,0,1419.42,1,1,0,17,1,0,Nuwara Eliya Main Warehouse
2022-01-17,OP,158.5,6314.4,0,2852.74,1,1,0,17,1,0,Nuwara Eliya Main Warehouse
2022-01-18,BOP,361.8,15511.1,0,1866.17,0,1,1,18,1,0,Nuwara Eliya Main Warehouse
2022-01-18,BOPF,359.3,12911.2,0,1719.61,0,1,1,18,1,0,Nuwara Eliya Main Warehouse
2022-01-18,DUST,319.9,11311.2,0,1541.4,0,1,1,18,1,0,Nuwara Eliya Main Warehouse
2022-01-18,FNGS,245.8,8635.5,0,1421.26,0,1,1,18,1,0,Nuwara Eliya Main Warehouse
2022-01-18,OP,163.3,6325.9,0,2887.78,0,1,1,18,1,0,Nuwara Eliya Main Warehouse
2022-01-19,BOP,386.5,15498.9,0,1846.18,1,1,2,19,1,0,Nuwara Eliya Main Warehouse
2022-01-19,BOPF,307.3,12948.2,0,1639.78,1,1,2,19,1,0,Nuwara Eliya Main Warehouse
2022-01-19,DUST,326.2,11370.8,0,1601.37,1,1,2,19,1,0,Nuwara Eliya Main Warehouse
2022-01-19,FNGS,228.2,8687.9,0,1409.58,1,1,2,19,1,0,Nuwara Eliya Main Warehouse
2022-01-19,OP,171.7,6318.6,0,2858.5,1,1,2,19,1,0,Nuwara Eliya Main Warehouse
2022-01-20,BOP,375.9,15495.1,0,1840.8,0,1,3,20,1,0,Nuwara Eliya Main Warehouse
2022-01-20,BOPF,304.1,13007.0,0,1640.04,0,1,3,20,1,0,Nuwara Eliya Main Warehouse
2022-01-20,DUST,294.9,11348.8,0,1540.38,0,1,3,20,1,0,Nuwara Eliya Main Warehouse
2022-01-20,FNGS,241.5,8659.2,0,1469.61,0,1,3,20,1,0,Nuwara Eliya Main Warehouse
2022-01-20,OP,167.7,6346.2,0,2753.23,0,1,3,20,1,0,Nuwara Eliya Main Warehouse
2022-01-21,BOP,358.5,15552.5,0,1971.45,1,1,4,21,1,0,Nuwara Eliya Main Warehouse
2022-01-21,BOPF,307.8,13079.4,0,1628.47,1,1,4,21,1,0,Nuwara Eliya Main Warehouse
2022-01-21,DUST,261.1,11391.5,0,1538.54,1,1,4,21,1,0,Nuwara Eliya Main Warehouse
2022-01-21,FNGS,213.6,8706.9,0,1330.19,1,1,4,21,1,0,Nuwara Eliya Main Warehouse
2022-01-21,OP,149.8,6339.9,0,2981.57,1,1,4,21,1,0,Nuwara Eliya Main Warehouse
2022-01-22,BOP,282.5,15584.8,0,1818.13,0,1,5,22,1,1,Nuwara Eliya Main Warehouse
2022-01-22,BOPF,240.5,13103.7,0,1708.31,0,1,5,22,1,1,Nuwara Eliya Main Warehouse
2022-01-22,DUST,206.3,11409.8,0,1668.38,0,1,5,22,1,1,Nuwara Eliya Main Warehouse
2022-01-22,FNGS,150.3,8706.2,0,1499.57,0,1,5,22,1,1,Nuwara Eliya Main Warehouse
2022-01-22,OP,118.8,6356.9,0,2797.37,0,1,5,22,1,1,Nuwara Eliya Main Warehouse
2022-01-23,BOP,264.2,15564.8,0,1969.94,0,1,6,23,1,1,Nuwara Eliya Main Warehouse
2022-01-23,BOPF,205.3,13088.1,0,1631.37,0,1,6,23,1,1,Nuwara Eliya Main Warehouse
2022-01-23,DUST,160.9,11443.1,0,1643.59,0,1,6,23,1,1,Nuwara Eliya Main Warehouse
2022-01-23,FNGS,152.2,8734.8,0,1481.54,0,1,6,23,1,1,Nuwara Eliya Main Warehouse
2022-01-23,OP,102.0,6366.5,0,2774.89,0,1,6,23,1,1,Nuwara Eliya Main Warehouse
2022-01-24,BOP,406.7,15532.1,0,1854.29,1,1,0,24,1,0,Nuwara Eliya Main Warehouse
2022-01-24,BOPF,330.1,13052.5,0,1697.29,1,1,0,24,1,0,Nuwara Eliya Main Warehouse
2022-01-24,DUST,307.6,11418.2,0,1593.79,1,1,0,24,1,0,Nuwara Eliya Main Warehouse
2022-01-24,FNGS,243.8,8739.0,0,1448.57,1,1,0,24,1,0,Nuwara Eliya Main Warehouse
2022-01-24,OP,155.0,6353.8,0,2882.87,1,1,0,24,1,0,Nuwara Eliya Main Warehouse
2022-01-25,BOP,393.6,15488.5,0,1864.6,0,1,1,25,1,0,Nuwara Eliya Main Warehouse
2022-01-25,BOPF,356.7,13115.0,0,1647.5,0,1,1,25,1,0,Nuwara Eliya Main Warehouse
2022-01-25,DUST,339.2,11424.4,0,1602.68,0,1,1,25,1,0,Nuwara Eliya Main Warehouse
2022-01-25,FNGS,245.8,8745.5,0,1433.77,0,1,1,25,1,0,Nuwara Eliya Main Warehouse
2022-01-25,OP,163.7,6388.5,0,2853.13,0,1,1,25,1,0,Nuwara Eliya Main Warehouse
2022-01-26,BOP,381.3,15532.0,0,1894.35,1,1,2,26,1,0,Nuwara Eliya Main Warehouse
2022-01-26,BOPF,353.3,13143.8,0,1570.17,1,1,2,26,1,0,Nuwara Eliya Main Warehouse
2022-01-26,DUST,293.9,11478.2,0,1582.68,1,1,2,26,1,0,Nuwara Eliya Main Warehouse
2022-01-26,FNGS,224.6,8768.8,0,1485.42,1,1,2,26,1,0,Nuwara Eliya Main Warehouse
2022-01-26,OP,155.3,6377.7,0,2930.37,1,1,2,26,1,0,Nuwara Eliya Main Warehouse
2022-01-27,BOP,401.8,15594.6,0,1863.84,0,1,3,27,1,0,Nuwara Eliya Main Warehouse
2022-01-27,BOPF,333.5,13176.2,0,1638.6,0,1,3,27,1,0,Nuwara Eliya Main Warehouse
2022-01-27,DUST,282.1,11438.0,0,1620.82,0,1,3,27,1,0,Nuwara Eliya Main Warehouse
2022-01-27,FNGS,226.1,8804.9,0,1438.25,0,1,3,27,1,0,Nuwara Eliya Main Warehouse
2022-01-27,OP,157.2,6416.3,0,2953.36,0,1,3,27,1,0,Nuwara Eliya Main Warehouse
2022-01-28,BOP,332.0,15580.0,0,1954.76,1,1,4,28,1,0,Nuwara Eliya Main Warehouse
2022-01-28,BOPF,332.2,13230.2,0,1609.13,1,1,4,28,1,0,Nuwara Eliya Main Warehouse
2022-01-28,DUST,287.5,11407.8,0,1562.99,1,1,4,28,1,0,Nuwara Eliya Main Warehouse
2022-01-28,FNGS,211.4,8776.1,0,1428.44,1,1,4,28,1,0,Nuwara Eliya Main Warehouse
2022-01-28,OP,143.9,6395.2,0,2940.79,1,1,4,28,1,0,Nuwara Eliya Main Warehouse
2022-01-29,BOP,312.7,15535.7,0,2003.81,0,1,5,29,1,1,Nuwara Eliya Main Warehouse
2022-01-29,BOPF,248.3,13262.8,0,1668.2,0,1,5,29,1,1,Nuwara Eliya Main Warehouse
2022-01-29,DUST,217.8,11461.4,0,1640.75,0,1,5,29,1,1,Nuwara Eliya Main Warehouse
2022-01-29,FNGS,157.3,8789.8,0,1488.06,0,1,5,29,1,1,Nuwara Eliya Main Warehouse
2022-01-29,OP,112.1,6390.2,0,2880.32,0,1,5,29,1,1,Nuwara Eliya Main Warehouse
2022-01-30,BOP,252.3,15506.2,0,1866.81,0,1,6,30,1,1,Nuwara Eliya Main Warehouse
2022-01-30,BOPF,212.7,13301.9,0,1608.82,0,1,6,30,1,1,Nuwara Eliya Main Warehouse
2022-01-30,DUST,182.1,11454.5,0,1582.89,0,1,6,30,1,1,Nuwara Eliya Main Warehouse
2022-01-30,FNGS,156.4,8778.0,0,1528.26,0,1,6,30,1,1,Nuwara Eliya Main Warehouse
2022-01-30,OP,99.8,6383.2,0,2927.15,0,1,6,30,1,1,Nuwara Eliya Main Warehouse
2022-01-31,BOP,380.8,15596.5,0,1879.45,1,1,0,31,1,0,Nuwara Eliya Main Warehouse
2022-01-31,BOPF,344.8,13258.0,0,1711.8,1,1,0,31,1,0,Nuwara Eliya Main Warehouse
2022-01-31,DUST,320.3,11531.5,0,1575.25,1,1,0,31,1,0,Nuwara Eliya Main Warehouse
2022-01-31,FNGS,229.8,8775.3,0,1399.66,1,1,0,31,1,0,Nuwara Eliya Main Warehouse
2022-01-31,OP,156.6,6360.6,0,2749.84,1,1,0,31,1,0,Nuwara Eliya Main Warehouse
2022-02-01,BOP,357.0,15585.1,0,1894.51,0,2,1,32,1,0,Nuwara Eliya Main Warehouse
2022-02-01,BOPF,379.1,13314.4,0,1662.49,0,2,1,32,1,0,Nuwara Eliya Main Warehouse
2022-02-01,DUST,277.9,11510.1,0,1595.89,0,2,1,32,1,0,Nuwara Eliya Main Warehouse
2022-02-01,FNGS,199.1,8773.2,0,1458.38,0,2,1,32,1,0,Nuwara Eliya Main Warehouse
2022-02-01,OP,162.7,6383.8,0,2973.01,0,2,1,32,1,0,Nuwara Eliya Main Warehouse
2022-02-02,BOP,409.6,15649.7,0,1933.74,1,2,2,33,1,0,Nuwara Eliya Main Warehouse
2022-02-02,BOPF,348.2,13380.7,0,1658.4,1,2,2,33,1,0,Nuwara Eliya Main Warehouse
2022-02-02,DUST,272.8,11508.6,0,1567.51,1,2,2,33,1,0,Nuwara Eliya Main Warehouse
2022-02-02,FNGS,228.4,8781.8,0,1395.02,1,2,2,33,1,0,Nuwara Eliya Main Warehouse
2022-02-02,OP,145.0,6402.3,0,2847.28,1,2,2,33,1,0,Nuwara Eliya Main Warehouse
2022-02-03,BOP,375.1,15687.2,0,1895.32,0,2,3,34,1,0,Nuwara Eliya Main Warehouse
2022-02-03,BOPF,324.5,13369.2,0,1699.03,0,2,3,34,1,0,Nuwara Eliya Main Warehouse
2022-02-03,DUST,285.8,11551.8,0,1610.4,0,2,3,34,1,0,Nuwara Eliya Main Warehouse
2022-02-03,FNGS,217.5,8778.2,0,1461.81,0,2,3,34,1,0,Nuwara Eliya Main Warehouse
2022-02-03,OP,153.6,6427.9,0,3046.97,0,2,3,34,1,0,Nuwara Eliya Main Warehouse
2022-02-04,BOP,365.9,15688.2,0,1980.97,1,2,4,35,1,0,Nuwara Eliya Main Warehouse
2022-02-04,BOPF,315.8,13402.7,0,1714.11,1,2,4,35,1,0,Nuwara Eliya Main Warehouse
2022-02-04,DUST,262.7,11581.5,0,1570.24,1,2,4,35,1,0,Nuwara Eliya Main Warehouse
2022-02-04,FNGS,200.7,8756.7,0,1408.16,1,2,4,35,1,0,Nuwara Eliya Main Warehouse
2022-02-04,OP,142.2,6421.2,0,2976.18,1,2,4,35,1,0,Nuwara Eliya Main Warehouse
2022-02-05,BOP,231.6,15672.5,0,1967.75,0,2,5,36,1,1,Nuwara Eliya Main Warehouse
2022-02-05,BOPF,204.5,13397.7,0,1666.41,0,2,5,36,1,1,Nuwara Eliya Main Warehouse
2022-02-05,DUST,196.7,11597.7,0,1617.12,0,2,5,36,1,1,Nuwara Eliya Main Warehouse
2022-02-05,FNGS,152.6,8742.7,0,1491.84,0,2,5,36,1,1,Nuwara Eliya Main Warehouse
2022-02-05,OP,109.0,6424.2,0,2865.33,0,2,5,36,1,1,Nuwara Eliya Main Warehouse
2022-02-06,BOP,202.8,15651.9,0,1838.46,0,2,6,37,1,1,Nuwara Eliya Main Warehouse
2022-02-06,BOPF,192.1,13442.5,0,1630.02,0,2,6,37,1,1,Nuwara Eliya Main Warehouse
2022-02-06,DUST,201.3,11610.2,0,1652.0,0,2,6,37,1,1,Nuwara Eliya Main Warehouse
2022-02-06,FNGS,138.3,8723.8,0,1436.85,0,2,6,37,1,1,Nuwara Eliya Main Warehouse
2022-02-06,OP,92.1,6434.7,0,2883.9,0,2,6,37,1,1,Nuwara Eliya Main Warehouse
2022-02-07,BOP,374.4,15687.9,0,1933.3,1,2,0,38,1,0,Nuwara Eliya Main Warehouse
2022-02-07,BOPF,335.5,13396.7,0,1581.41,1,2,0,38,1,0,Nuwara Eliya Main Warehouse
2022-02-07,DUST,281.5,11662.9,0,1562.12,1,2,0,38,1,0,Nuwara Eliya Main Warehouse
2022-02-07,FNGS,231.7,8732.7,0,1443.11,1,2,0,38,1,0,Nuwara Eliya Main Warehouse
2022-02-07,OP,141.9,6438.4,0,2981.77,1,2,0,38,1,0,Nuwara Eliya Main Warehouse
2022-02-08,BOP,391.3,15750.4,0,1988.9,0,2,1,39,1,0,Nuwara Eliya Main Warehouse
2022-02-08,BOPF,346.4,13425.1,0,1634.4,0,2,1,39,1,0,Nuwara Eliya Main Warehouse
2022-02-08,DUST,290.0,11646.7,0,1589.61,0,2,1,39,1,0,Nuwara Eliya Main Warehouse
2022-02-08,FNGS,231.7,8786.4,0,1509.76,0,2,1,39,1,0,Nuwara Eliya Main Warehouse
2022-02-08,OP,161.9,6459.2,0,2692.67,0,2,1,39,1,0,Nuwara Eliya Main Warehouse
2022-02-09,BOP,375.4,15790.8,0,1877.19,1,2,2,40,1,0,Nuwara Eliya Main Warehouse
2022-02-09,BOPF,333.0,13397.3,0,1637.86,1,2,2,40,1,0,Nuwara Eliya Main Warehouse
2022-02-09,DUST,295.0,11654.6,0,1617.24,1,2,2,40,1,0,Nuwara Eliya Main Warehouse
2022-02-09,FNGS,221.4,8763.4,0,1410.57,1,2,2,40,1,0,Nuwara Eliya Main Warehouse
2022-02-09,OP,161.6,6476.0,0,2869.26,1,2,2,40,1,0,Nuwara Eliya Main Warehouse
2022-02-10,BOP,389.6,15815.0,0,1888.46,0,2,3,41,1,0,Nuwara Eliya Main Warehouse
2022-02-10,BOPF,316.0,13439.9,0,1673.18,0,2,3,41,1,0,Nuwara Eliya Main Warehouse
2022-02-10,DUST,302.4,11628.1,0,1575.64,0,2,3,41,1,0,Nuwara Eliya Main Warehouse
2022-02-10,FNGS,221.0,8813.9,0,1470.23,0,2,3,41,1,0,Nuwara Eliya Main Warehouse
2022-02-10,OP,158.1,6459.5,0,3025.84,0,2,3,41,1,0,Nuwara Eliya Main Warehouse
2022-02-11,BOP,321.9,15772.1,0,1875.62,1,2,4,42,1,0,Nuwara Eliya Main Warehouse
2022-02-11,BOPF,289.0,13416.9,0,1651.32,1,2,4,42,1,0,Nuwara Eliya Main Warehouse
2022-02-11,DUST,251.5,11650.3,0,1617.61,1,2,4,42,1,0,Nuwara Eliya Main Warehouse
2022-02-11,FNGS,201.9,8842.9,0,1414.96,1,2,4,42,1,0,Nuwara Eliya Main Warehouse
2022-02-11,OP,148.8,6483.7,0,2954.1,1,2,4,42,1,0,Nuwara Eliya Main Warehouse
2022-02-12,BOP,259.7,15833.8,0,1876.92,0,2,5,43,1,1,Nuwara Eliya Main Warehouse
2022-02-12,BOPF,233.9,13403.8,0,1701.65,0,2,5,43,1,1,Nuwara Eliya Main Warehouse
2022-02-12,DUST,199.9,11640.4,0,1621.96,0,2,5,43,1,1,Nuwara Eliya Main Warehouse
2022-02-12,FNGS,148.0,8858.4,0,1491.91,0,2,5,43,1,1,Nuwara Eliya Main Warehouse
2022-02-12,OP,112.7,6499.3,0,2812.97,0,2,5,43,1,1,Nuwara Eliya Main Warehouse
2022-02-13,BOP,216.8,15870.5,0,1812.6,0,2,6,44,1,1,Nuwara Eliya Main Warehouse
2022-02-13,BOPF,171.5,13412.0,0,1638.54,0,2,6,44,1,1,Nuwara Eliya Main Warehouse
2022-02-13,DUST,180.4,11637.4,0,1646.62,0,2,6,44,1,1,Nuwara Eliya Main Warehouse
2022-02-13,FNGS,135.9,8873.1,0,1516.81,0,2,6,44,1,1,Nuwara Eliya Main Warehouse
2022-02-13,OP,96.7,6510.1,0,2909.96,0,2,6,44,1,1,Nuwara Eliya Main Warehouse
2022-02-14,BOP,384.3,15857.9,0,1831.61,1,2,0,45,1,0,Nuwara Eliya Main Warehouse
2022-02-14,BOPF,360.0,13489.8,0,1665.68,1,2,0,45,1,0,Nuwara Eliya Main Warehouse
2022-02-14,DUST,301.2,11649.0,0,1568.18,1,2,0,45,1,0,Nuwara Eliya Main Warehouse
2022-02-14,FNGS,224.6,8913.7,0,1430.83,1,2,0,45,1,0,Nuwara Eliya Main Warehouse
2022-02-14,OP,154.4,6496.5,0,2801.7,1,2,0,45,1,0,Nuwara Eliya Main Warehouse
2022-02-15,BOP,404.1,15955.7,0,1909.77,0,2,1,46,1,0,Nuwara Eliya Main Warehouse
2022-02-15,BOPF,299.8,13470.2,0,1726.11,0,2,1,46,1,0,Nuwara Eliya Main Warehouse
2022-02-15,DUST,301.1,11607.0,0,1552.63,0,2,1,46,1,0,Nuwara Eliya Main Warehouse
2022-02-15,FNGS,245.2,8887.4,0,1349.82,0,2,1,46,1,0,Nuwara Eliya Main Warehouse
2022-02-15,OP,164.2,6489.5,0,2855.27,0,2,1,46,1,0,Nuwara Eliya Main Warehouse
2022-02-16,BOP,362.5,15988.6,0,1989.61,1,2,2,47,1,0,Nuwara Eliya Main Warehouse
2022-02-16,BOPF,333.2,13439.4,0,1685.3,1,2,2,47,1,0,Nuwara Eliya Main Warehouse
2022-02-16,DUST,328.0,11569.9,0,1582.28,1,2,2,47,1,0,Nuwara Eliya Main Warehouse
2022-02-16,FNGS,238.5,8899.8,0,1413.18,1,2,2,47,1,0,Nuwara Eliya Main Warehouse
2022-02-16,OP,145.4,6490.6,0,2912.2,1,2,2,47,1,0,Nuwara Eliya Main Warehouse
2022-02-17,BOP,348.2,16017.5,0,1871.7,0,2,3,48,1,0,Nuwara Eliya Main Warehouse
2022-02-17,BOPF,334.8,13490.9,0,1665.89,0,2,3,48,1,0,Nuwara Eliya Main Warehouse
2022-02-17,DUST,316.8,11609.3,0,1551.7,0,2,3,48,1,0,Nuwara Eliya Main Warehouse
2022-02-17,FNGS,213.9,8927.3,0,1544.35,0,2,3,48,1,0,Nuwara Eliya Main Warehouse
2022-02-17,OP,147.9,6485.0,0,2927.18,0,2,3,48,1,0,Nuwara Eliya Main Warehouse
2022-02-18,BOP,367.0,16072.2,0,1870.2,1,2,4,49,1,0,Nuwara Eliya Main Warehouse
2022-02-18,BOPF,310.7,13506.5,0,1639.67,1,2,4,49,1,0,Nuwara Eliya Main Warehouse
2022-02-18,DUST,241.6,11614.5,0,1623.06,1,2,4,49,1,0,Nuwara Eliya Main Warehouse
2022-02-18,FNGS,210.4,8945.1,0,1417.41,1,2,4,49,1,0,Nuwara Eliya Main Warehouse
2022-02-18,OP,152.5,6476.0,0,2945.83,1,2,4,49,1,0,Nuwara Eliya Main Warehouse
2022-02-19,BOP,268.8,16119.2,0,2000.44,0,2,5,50,1,1,Nuwara Eliya Main Warehouse
2022-02-19,BOPF,216.8,13553.0,0,1638.27,0,2,5,50,1,1,Nuwara Eliya Main Warehouse
2022-02-19,DUST,177.5,11649.3,0,1542.9,0,2,5,50,1,1,Nuwara Eliya Main Warehouse
2022-02-19,FNGS,146.2,8971.9,0,1516.77,0,2,5,50,1,1,Nuwara Eliya Main Warehouse
2022-02-19,OP,93.3,6492.0,0,2988.41,0,2,5,50,1,1,Nuwara Eliya Main Warehouse
2022-02-20,BOP,200.0,16141.7,0,1844.63,0,2,6,51,1,1,Nuwara Eliya Main Warehouse
2022-02-20,BOPF,209.2,13533.9,0,1627.82,0,2,6,51,1,1,Nuwara Eliya Main Warehouse
2022-02-20,DUST,177.3,11672.0,0,1705.52,0,2,6,51,1,1,Nuwara Eliya Main Warehouse
2022-02-20,FNGS,137.0,8955.3,0,1417.02,0,2,6,51,1,1,Nuwara Eliya Main Warehouse
2022-02-20,OP,92.0,6501.7,0,2784.7,0,2,6,51,1,1,Nuwara Eliya Main Warehouse
2022-02-21,BOP,404.2,16101.8,0,1814.08,1,2,0,52,1,0,Nuwara Eliya Main Warehouse
2022-02-21,BOPF,306.7,13567.1,0,1642.99,1,2,0,52,1,0,Nuwara Eliya Main Warehouse
2022-02-21,DUST,305.5,11627.1,0,1657.41,1,2,0,52,1,0,Nuwara Eliya Main Warehouse
2022-02-21,FNGS,213.8,8982.3,0,1416.09,1,2,0,52,1,0,Nuwara Eliya Main Warehouse
2022-02-21,OP,161.4,6514.0,0,2887.2,1,2,0,52,1,0,Nuwara Eliya Main Warehouse
2022-02-22,BOP,392.6,16096.0,0,1860.43,0,2,1,53,1,0,Nuwara Eliya Main Warehouse
2022-02-22,BOPF,334.6,13548.1,0,1706.12,0,2,1,53,1,0,Nuwara Eliya Main Warehouse
2022-02-22,DUST,294.6,11655.6,0,1597.85,0,2,1,53,1,0,Nuwara Eliya Main Warehouse
2022-02-22,FNGS,217.3,8996.1,0,1475.42,0,2,1,53,1,0,Nuwara Eliya Main Warehouse
2022-02-22,OP,158.3,6504.6,0,2813.95,0,2,1,53,1,0,Nuwara Eliya Main Warehouse
2022-02-23,BOP,406.6,16186.0,0,1869.76,1,2,2,54,1,0,Nuwara Eliya Main Warehouse
2022-02-23,BOPF,348.9,13517.7,0,1658.73,1,2,2,54,1,0,Nuwara Eliya Main Warehouse
2022-02-23,DUST,285.7,11623.5,0,1637.71,1,2,2,54,1,0,Nuwara Eliya Main Warehouse
2022-02-23,FNGS,227.8,8996.5,0,1470.49,1,2,2,54,1,0,Nuwara Eliya Main Warehouse
2022-02-23,OP,153.6,6537.9,0,2852.08,1,2,2,54,1,0,Nuwara Eliya Main Warehouse
2022-02-24,BOP,378.9,16163.2,0,1809.7,0,2,3,55,1,0,Nuwara Eliya Main Warehouse
2022-02-24,BOPF,350.3,13560.9,0,1604.04,0,2,3,55,1,0,Nuwara Eliya Main Warehouse
2022-02-24,DUST,276.3,11668.3,0,1521.38,0,2,3,55,1,0,Nuwara Eliya Main Warehouse
2022-02-24,FNGS,192.2,8993.8,0,1478.69,0,2,3,55,1,0,Nuwara Eliya Main Warehouse
2022-02-24,OP,155.0,6526.5,0,2822.42,0,2,3,55,1,0,Nuwara Eliya Main Warehouse
2022-02-25,BOP,381.9,16162.8,0,1899.71,1,2,4,56,1,0,Nuwara Eliya Main Warehouse
2022-02-25,BOPF,278.5,13585.2,0,1755.69,1,2,4,56,1,0,Nuwara Eliya Main Warehouse
2022-02-25,DUST,244.9,11728.7,0,1714.94,1,2,4,56,1,0,Nuwara Eliya Main Warehouse
2022-02-25,FNGS,182.4,9011.8,0,1443.2,1,2,4,56,1,0,Nuwara Eliya Main Warehouse
2022-02-25,OP,138.3,6549.8,0,2927.95,1,2,4,56,1,0,Nuwara Eliya Main Warehouse
2022-02-26,BOP,296.0,16169.5,0,1959.59,0,2,5,57,1,1,Nuwara Eliya Main Warehouse
2022-02-26,BOPF,276.5,13627.3,0,1685.42,0,2,5,57,1,1,Nuwara Eliya Main Warehouse
2022-02-26,DUST,218.1,11742.4,0,1570.27,0,2,5,57,1,1,Nuwara Eliya Main Warehouse
2022-02-26,FNGS,154.3,9043.6,0,1486.54,0,2,5,57,1,1,Nuwara Eliya Main Warehouse
2022-02-26,OP,111.0,6576.1,0,2974.65,0,2,5,57,1,1,Nuwara Eliya Main Warehouse
2022-02-27,BOP,209.6,16174.9,0,1835.72,0,2,6,58,1,1,Nuwara Eliya Main Warehouse
2022-02-27,BOPF,174.9,13622.7,0,1601.61,0,2,6,58,1,1,Nuwara Eliya Main Warehouse
2022-02-27,DUST,160.2,11762.1,0,1592.23,0,2,6,58,1,1,Nuwara Eliya Main Warehouse
2022-02-27,FNGS,130.1,9049.9,0,1483.59,0,2,6,58,1,1,Nuwara Eliya Main Warehouse
2022-02-27,OP,87.8,6588.4,0,2979.4,0,2,6,58,1,1,Nuwara Eliya Main Warehouse
2022-02-28,BOP,393.0,16212.3,0,1912.09,1,2,0,59,1,0,Nuwara Eliya Main Warehouse
2022-02-28,BOPF,308.0,13631.7,0,1648.64,1,2,0,59,1,0,Nuwara Eliya Main Warehouse
2022-02-28,DUST,290.0,11746.1,0,1511.64,1,2,0,59,1,0,Nuwara Eliya Main Warehouse
2022-02-28,FNGS,215.2,9088.6,0,1491.56,1,2,0,59,1,0,Nuwara Eliya Main Warehouse
2022-02-28,OP,160.7,6628.1,0,2793.78,1,2,0,59,1,0,Nuwara Eliya Main Warehouse
2022-03-01,BOP,402.7,16303.8,0,1929.33,0,3,1,60,1,0,Nuwara Eliya Main Warehouse
2022-03-01,BOPF,352.5,13636.0,0,1675.62,0,3,1,60,1,0,Nuwara Eliya Main Warehouse
2022-03-01,DUST,271.4,11752.9,0,1620.67,0,3,1,60,1,0,Nuwara Eliya Main Warehouse
2022-03-01,FNGS,211.1,9090.9,0,1417.22,0,3,1,60,1,0,Nuwara Eliya Main Warehouse
2022-03-01,OP,169.0,6646.8,0,2876.46,0,3,1,60,1,0,Nuwara Eliya Main Warehouse
2022-03-02,BOP,410.2,16281.8,0,1902.87,1,3,2,61,1,0,Nuwara Eliya Main Warehouse
2022-03-02,BOPF,332.6,13717.0,0,1753.19,1,3,2,61,1,0,Nuwara Eliya Main Warehouse
2022-03-02,DUST,307.3,11812.0,0,1546.73,1,3,2,61,1,0,Nuwara Eliya Main Warehouse
2022-03-02,FNGS,215.8,9067.4,0,1486.92,1,3,2,61,1,0,Nuwara Eliya Main Warehouse
2022-03-02,OP,155.3,6637.0,0,2791.86,1,3,2,61,1,0,Nuwara Eliya Main Warehouse
2022-03-03,BOP,359.0,16245.4,0,1917.94,0,3,3,62,1,0,Nuwara Eliya Main Warehouse
2022-03-03,BOPF,324.5,13706.2,0,1616.61,0,3,3,62,1,0,Nuwara Eliya Main Warehouse
2022-03-03,DUST,296.6,11787.4,0,1603.01,0,3,3,62,1,0,Nuwara Eliya Main Warehouse
2022-03-03,FNGS,225.2,9039.2,0,1421.72,0,3,3,62,1,0,Nuwara Eliya Main Warehouse
2022-03-03,OP,143.9,6627.2,0,2789.26,0,3,3,62,1,0,Nuwara Eliya Main Warehouse
2022-03-04,BOP,355.6,16220.1,0,1918.72,1,3,4,63,1,0,Nuwara Eliya Main Warehouse
2022-03-04,BOPF,312.0,13696.2,0,1718.02,1,3,4,63,1,0,Nuwara Eliya Main Warehouse
2022-03-04,DUST,242.3,11776.8,0,1573.09,1,3,4,63,1,0,Nuwara Eliya Main Warehouse
2022-03-04,FNGS,207.5,9012.3,0,1437.12,1,3,4,63,1,0,Nuwara Eliya Main Warehouse
2022-03-04,OP,136.9,6624.4,0,2831.84,1,3,4,63,1,0,Nuwara Eliya Main Warehouse
2022-03-05,BOP,282.7,16278.0,0,1862.79,0,3,5,64,1,1,Nuwara Eliya Main Warehouse
2022-03-05,BOPF,206.4,13694.5,0,1738.72,0,3,5,64,1,1,Nuwara Eliya Main Warehouse
2022-03-05,DUST,205.4,11782.6,0,1548.4,0,3,5,64,1,1,Nuwara Eliya Main Warehouse
2022-03-05,FNGS,156.0,9012.6,0,1436.36,0,3,5,64,1,1,Nuwara Eliya Main Warehouse
2022-03-05,OP,109.3,6608.3,0,2916.47,0,3,5,64,1,1,Nuwara Eliya Main Warehouse
2022-03-06,BOP,180.7,16297.6,0,1991.21,0,3,6,65,1,1,Nuwara Eliya Main Warehouse
2022-03-06,BOPF,161.5,13706.8,0,1640.27,0,3,6,65,1,1,Nuwara Eliya Main Warehouse
2022-03-06,DUST,165.8,11805.0,0,1561.22,0,3,6,65,1,1,Nuwara Eliya Main Warehouse
2022-03-06,FNGS,141.7,9010.5,0,1402.0,0,3,6,65,1,1,Nuwara Eliya Main Warehouse
2022-03-06,OP,96.3,6620.1,0,2931.43,0,3,6,65,1,1,Nuwara Eliya Main Warehouse
2022-03-07,BOP,351.7,16285.1,0,1977.42,1,3,0,66,1,0,Nuwara Eliya Main Warehouse
2022-03-07,BOPF,320.1,13691.1,0,1657.45,1,3,0,66,1,0,Nuwara Eliya Main Warehouse
2022-03-07,DUST,279.3,11805.1,0,1609.24,1,3,0,66,1,0,Nuwara Eliya Main Warehouse
2022-03-07,FNGS,223.5,9041.1,0,1371.13,1,3,0,66,1,0,Nuwara Eliya Main Warehouse
2022-03-07,OP,145.4,6613.9,0,2943.0,1,3,0,66,1,0,Nuwara Eliya Main Warehouse
2022-03-08,BOP,351.3,16347.0,0,1974.35,0,3,1,67,1,0,Nuwara Eliya Main Warehouse
2022-03-08,BOPF,362.2,13769.4,0,1620.69,0,3,1,67,1,0,Nuwara Eliya Main Warehouse
2022-03-08,DUST,256.0,11861.7,0,1539.26,0,3,1,67,1,0,Nuwara Eliya Main Warehouse
2022-03-08,FNGS,220.1,9073.5,0,1495.52,0,3,1,67,1,0,Nuwara Eliya Main Warehouse
2022-03-08,OP,153.1,6640.9,0,2938.01,0,3,1,67,1,0,Nuwara Eliya Main Warehouse
2022-03-09,BOP,379.0,16420.8,0,1964.7,1,3,2,68,1,0,Nuwara Eliya Main Warehouse
2022-03-09,BOPF,329.3,13755.0,0,1661.29,1,3,2,68,1,0,Nuwara Eliya Main Warehouse
2022-03-09,DUST,283.5,11829.8,0,1564.15,1,3,2,68,1,0,Nuwara Eliya Main Warehouse
2022-03-09,FNGS,221.6,9044.8,0,1414.73,1,3,2,68,1,0,Nuwara Eliya Main Warehouse
2022-03-09,OP,160.0,6639.9,0,2817.23,1,3,2,68,1,0,Nuwara Eliya Main Warehouse
2022-03-10,BOP,391.5,16494.6,0,1821.17,0,3,3,69,1,0,Nuwara Eliya Main Warehouse
2022-03-10,BOPF,359.9,13829.9,0,1669.52,0,3,3,69,1,0,Nuwara Eliya Main Warehouse
2022-03-10,DUST,292.6,11829.4,0,1629.92,0,3,3,69,1,0,Nuwara Eliya Main Warehouse
2022-03-10,FNGS,205.9,9032.1,0,1433.0,0,3,3,69,1,0,Nuwara Eliya Main Warehouse
2022-03-10,OP,160.7,6646.6,0,2988.01,0,3,3,69,1,0,Nuwara Eliya Main Warehouse
2022-03-11,BOP,371.5,16575.4,0,1960.11,1,3,4,70,1,0,Nuwara Eliya Main Warehouse
2022-03-11,BOPF,322.4,13794.9,0,1703.47,1,3,4,70,1,0,Nuwara Eliya Main Warehouse
2022-03-11,DUST,254.0,11863.3,0,1720.21,1,3,4,70,1,0,Nuwara Eliya Main Warehouse
2022-03-11,FNGS,200.1,9024.1,0,1413.74,1,3,4,70,1,0,Nuwara Eliya Main Warehouse
2022-03-11,OP,136.2,6678.8,0,2956.34,1,3,4,70,1,0,Nuwara Eliya Main Warehouse
2022-03-12,BOP,264.1,16562.5,0,1945.23,0,3,5,71,1,1,Nuwara Eliya Main Warehouse
2022-03-12,BOPF,237.0,13821.6,0,1724.51,0,3,5,71,1,1,Nuwara Eliya Main Warehouse
2022-03-12,DUST,198.7,11851.4,0,1621.51,0,3,5,71,1,1,Nuwara Eliya Main Warehouse
2022-03-12,FNGS,168.3,9035.7,0,1433.75,0,3,5,71,1,1,Nuwara Eliya Main Warehouse
2022-03-12,OP,101.1,6673.4,0,2854.4,0,3,5,71,1,1,Nuwara Eliya Main Warehouse
2022-03-13,BOP,246.0,16599.8,0,1823.71,0,3,6,72,1,1,Nuwara Eliya Main Warehouse
2022-03-13,BOPF,196.0,13863.3,0,1635.29,0,3,6,72,1,1,Nuwara Eliya Main Warehouse
2022-03-13,DUST,187.5,11872.5,0,1556.77,0,3,6,72,1,1,Nuwara Eliya Main Warehouse
2022-03-13,FNGS,136.8,9023.1,0,1423.39,0,3,6,72,1,1,Nuwara Eliya Main Warehouse
2022-03-13,OP,116.4,6689.6,0,2857.78,0,3,6,72,1,1,Nuwara Eliya Main Warehouse
2022-03-14,BOP,348.3,16611.8,0,1897.19,1,3,0,73,1,0,Nuwara Eliya Main Warehouse
2022-03-14,BOPF,335.1,13835.7,0,1576.16,1,3,0,73,1,0,Nuwara Eliya Main Warehouse
2022-03-14,DUST,284.9,11848.5,0,1582.46,1,3,0,73,1,0,Nuwara Eliya Main Warehouse
2022-03-14,FNGS,234.5,9000.5,0,1498.46,1,3,0,73,1,0,Nuwara Eliya Main Warehouse
2022-03-14,OP,158.4,6713.6,0,2834.24,1,3,0,73,1,0,Nuwara Eliya Main Warehouse
2022-03-15,BOP,358.1,16678.7,0,1924.62,0,3,1,74,1,0,Nuwara Eliya Main Warehouse
2022-03-15,BOPF,347.1,13918.1,0,1670.85,0,3,1,74,1,0,Nuwara Eliya Main Warehouse
2022-03-15,DUST,267.8,11814.4,0,1601.11,0,3,1,74,1,0,Nuwara Eliya Main Warehouse
2022-03-15,FNGS,225.2,9051.7,0,1420.04,0,3,1,74,1,0,Nuwara Eliya Main Warehouse
2022-03-15,OP,156.9,6704.0,0,2781.17,0,3,1,74,1,0,Nuwara Eliya Main Warehouse
2022-03-16,BOP,383.4,16732.9,0,2001.76,1,3,2,75,1,0,Nuwara Eliya Main Warehouse
2022-03-16,BOPF,332.7,13928.4,0,1686.27,1,3,2,75,1,0,Nuwara Eliya Main Warehouse
2022-03-16,DUST,290.6,11784.8,0,1583.51,1,3,2,75,1,0,Nuwara Eliya Main Warehouse
2022-03-16,FNGS,239.4,9092.8,0,1516.95,1,3,2,75,1,0,Nuwara Eliya Main Warehouse
2022-03-16,OP,162.7,6712.2,0,2945.83,1,3,2,75,1,0,Nuwara Eliya Main Warehouse
2022-03-17,BOP,385.5,16794.8,0,1949.75,0,3,3,76,1,0,Nuwara Eliya Main Warehouse
2022-03-17,BOPF,329.1,14003.6,0,1684.25,0,3,3,76,1,0,Nuwara Eliya Main Warehouse
2022-03-17,DUST,290.0,11849.2,0,1641.86,0,3,3,76,1,0,Nuwara Eliya Main Warehouse
2022-03-17,FNGS,219.2,9075.8,0,1492.9,0,3,3,76,1,0,Nuwara Eliya Main Warehouse
2022-03-17,OP,153.2,6710.7,0,2959.14,0,3,3,76,1,0,Nuwara Eliya Main Warehouse
2022-03-18,BOP,342.4,16833.3,0,1861.68,1,3,4,77,1,0,Nuwara Eliya Main Warehouse
2022-03-18,BOPF,284.6,14037.9,0,1656.37,1,3,4,77,1,0,Nuwara Eliya Main Warehouse
2022-03-18,DUST,250.3,11866.9,0,1610.1,1,3,4,77,1,0,Nuwara Eliya Main Warehouse
2022-03-18,FNGS,217.5,9078.5,0,1425.22,1,3,4,77,1,0,Nuwara Eliya Main Warehouse
2022-03-18,OP,147.2,6734.0,0,2812.51,1,3,4,77,1,0,Nuwara Eliya Main Warehouse
2022-03-19,BOP,223.4,16815.6,0,2003.89,0,3,5,78,1,1,Nuwara Eliya Main Warehouse
2022-03-19,BOPF,195.6,14032.2,0,1678.42,0,3,5,78,1,1,Nuwara Eliya Main Warehouse
2022-03-19,DUST,212.8,11902.8,0,1642.31,0,3,5,78,1,1,Nuwara Eliya Main Warehouse
2022-03-19,FNGS,156.4,9077.3,0,1458.68,0,3,5,78,1,1,Nuwara Eliya Main Warehouse
2022-03-19,OP,112.1,6745.1,0,2787.02,0,3,5,78,1,1,Nuwara Eliya Main Warehouse
2022-03-20,BOP,213.5,16830.1,0,1912.36,0,3,6,79,1,1,Nuwara Eliya Main Warehouse
2022-03-20,BOPF,209.3,14016.5,0,1746.13,0,3,6,79,1,1,Nuwara Eliya Main Warehouse
2022-03-20,DUST,145.3,11900.3,0,1585.59,0,3,6,79,1,1,Nuwara Eliya Main Warehouse
2022-03-20,FNGS,137.3,9100.1,0,1467.17,0,3,6,79,1,1,Nuwara Eliya Main Warehouse
2022-03-20,OP,93.7,6748.9,0,2812.04,0,3,6,79,1,1,Nuwara Eliya Main Warehouse
2022-03-21,BOP,350.2,16915.5,0,1895.87,1,3,0,80,1,0,Nuwara Eliya Main Warehouse
2022-03-21,BOPF,333.5,14007.0,0,1691.15,1,3,0,80,1,0,Nuwara Eliya Main Warehouse
2022-03-21,DUST,284.4,11925.1,0,1661.96,1,3,0,80,1,0,Nuwara Eliya Main Warehouse
2022-03-21,FNGS,235.7,9112.9,0,1480.8,1,3,0,80,1,0,Nuwara Eliya Main Warehouse
2022-03-21,OP,152.3,6773.5,0,2900.17,1,3,0,80,1,0,Nuwara Eliya Main Warehouse
2022-03-22,BOP,404.2,17006.5,0,1892.05,0,3,1,81,1,0,Nuwara Eliya Main Warehouse
2022-03-22,BOPF,345.0,13968.1,0,1654.57,0,3,1,81,1,0,Nuwara Eliya Main Warehouse
2022-03-22,DUST,277.2,11938.4,0,1592.7,0,3,1,81,1,0,Nuwara Eliya Main Warehouse
2022-03-22,FNGS,226.7,9090.5,0,1485.06,0,3,1,81,1,0,Nuwara Eliya Main Warehouse
2022-03-22,OP,148.7,6765.2,0,2775.03,0,3,1,81,1,0,Nuwara Eliya Main Warehouse
2022-03-23,BOP,392.0,16954.4,0,1820.23,1,3,2,82,1,0,Nuwara Eliya Main Warehouse
2022-03-23,BOPF,346.0,13936.1,0,1648.53,1,3,2,82,1,0,Nuwara Eliya Main Warehouse
2022-03-23,DUST,289.4,12004.4,0,1555.39,1,3,2,82,1,0,Nuwara Eliya Main Warehouse
2022-03-23,FNGS,227.6,9123.6,0,1453.5,1,3,2,82,1,0,Nuwara Eliya Main Warehouse
2022-03-23,OP,170.7,6791.1,0,2986.06,1,3,2,82,1,0,Nuwara Eliya Main Warehouse
2022-03-24,BOP,360.6,16924.1,0,1904.38,0,3,3,83,1,0,Nuwara Eliya Main Warehouse
2022-03-24,BOPF,319.9,13901.5,0,1664.7,0,3,3,83,1,0,Nuwara Eliya Main Warehouse
2022-03-24,DUST,299.2,12049.0,0,1701.91,0,3,3,83,1,0,Nuwara Eliya Main Warehouse
2022-03-24,FNGS,235.6,9125.7,0,1405.68,0,3,3,83,1,0,Nuwara Eliya Main Warehouse
2022-03-24,OP,147.6,6820.0,0,2981.23,0,3,3,83,1,0,Nuwara Eliya Main Warehouse
2022-03-25,BOP,333.7,16891.7,0,1938.22,1,3,4,84,1,0,Nuwara Eliya Main Warehouse
2022-03-25,BOPF,286.3,13907.0,0,1752.62,1,3,4,84,1,0,Nuwara Eliya Main Warehouse
2022-03-25,DUST,260.3,12086.0,0,1515.92,1,3,4,84,1,0,Nuwara Eliya Main Warehouse
2022-03-25,FNGS,200.5,9116.7,0,1472.78,1,3,4,84,1,0,Nuwara Eliya Main Warehouse
2022-03-25,OP,131.5,6846.5,0,2927.37,1,3,4,84,1,0,Nuwara Eliya Main Warehouse
2022-03-26,BOP,243.3,16925.8,0,1889.35,0,3,5,85,1,1,Nuwara Eliya Main Warehouse
2022-03-26,BOPF,228.4,13945.5,0,1664.28,0,3,5,85,1,1,Nuwara Eliya Main Warehouse
2022-03-26,DUST,199.5,12059.8,0,1566.54,0,3,5,85,1,1,Nuwara Eliya Main Warehouse
2022-03-26,FNGS,142.7,9116.7,0,1436.03,0,3,5,85,1,1,Nuwara Eliya Main Warehouse
2022-03-26,OP,109.8,6864.5,0,2959.95,0,3,5,85,1,1,Nuwara Eliya Main Warehouse
2022-03-27,BOP,214.5,16963.8,0,1934.21,0,3,6,86,1,1,Nuwara Eliya Main Warehouse
2022-03-27,BOPF,214.2,13925.4,0,1672.35,0,3,6,86,1,1,Nuwara Eliya Main Warehouse
2022-03-27,DUST,167.1,12071.5,0,1571.85,0,3,6,86,1,1,Nuwara Eliya Main Warehouse
2022-03-27,FNGS,153.2,9124.2,0,1328.92,0,3,6,86,1,1,Nuwara Eliya Main Warehouse
2022-03-27,OP,86.4,6865.6,0,2897.07,0,3,6,86,1,1,Nuwara Eliya Main Warehouse
2022-03-28,BOP,394.1,16938.3,0,1863.04,1,3,0,87,1,0,Nuwara Eliya Main Warehouse
2022-03-28,BOPF,311.6,13894.9,0,1649.99,1,3,0,87,1,0,Nuwara Eliya Main Warehouse
2022-03-28,DUST,287.9,12082.1,0,1717.76,1,3,0,87,1,0,Nuwara Eliya Main Warehouse
2022-03-28,FNGS,215.0,9121.5,0,1462.56,1,3,0,87,1,0,Nuwara Eliya Main Warehouse
2022-03-28,OP,153.0,6902.7,0,2931.42,1,3,0,87,1,0,Nuwara Eliya Main Warehouse
2022-03-29,BOP,372.9,16957.9,0,1903.33,0,3,1,88,1,0,Nuwara Eliya Main Warehouse
2022-03-29,BOPF,301.2,13927.3,0,1726.96,0,3,1,88,1,0,Nuwara Eliya Main Warehouse
2022-03-29,DUST,308.8,12150.4,0,1685.25,0,3,1,88,1,0,Nuwara Eliya Main Warehouse
2022-03-29,FNGS,230.8,9109.2,0,1415.44,0,3,1,88,1,0,Nuwara Eliya Main Warehouse
2022-03-29,OP,164.4,6903.0,0,2783.33,0,3,1,88,1,0,Nuwara Eliya Main Warehouse
2022-03-30,BOP,395.1,17031.5,0,1928.85,1,3,2,89,1,0,Nuwara Eliya Main Warehouse
2022-03-30,BOPF,331.0,13903.7,0,1768.91,1,3,2,89,1,0,Nuwara Eliya Main Warehouse
2022-03-30,DUST,304.2,12136.1,0,1670.81,1,3,2,89,1,0,Nuwara Eliya Main Warehouse
2022-03-30,FNGS,238.1,9111.4,0,1427.12,1,3,2,89,1,0,Nuwara Eliya Main Warehouse
2022-03-30,OP,164.2,6920.4,0,3009.55,1,3,2,89,1,0,Nuwara Eliya Main Warehouse
2022-03-31,BOP,368.9,17084.3,0,1921.94,0,3,3,90,1,0,Nuwara Eliya Main Warehouse
2022-03-31,BOPF,353.4,13864.5,0,1695.68,0,3,3,90,1,0,Nuwara Eliya Main Warehouse
2022-03-31,DUST,309.8,12123.0,0,1586.08,0,3,3,90,1,0,Nuwara Eliya Main Warehouse
2022-03-31,FNGS,215.4,9080.8,0,1446.73,0,3,3,90,1,0,Nuwara Eliya Main Warehouse
2022-03-31,OP,160.5,6906.6,0,2852.02,0,3,3,90,1,0,Nuwara Eliya Main Warehouse
2022-04-01,BOP,328.7,17106.2,0,1822.45,1,4,4,91,2,0,Nuwara Eliya Main Warehouse
2022-04-01,BOPF,274.4,13841.7,0,1677.92,1,4,4,91,2,0,Nuwara Eliya Main Warehouse
2022-04-01,DUST,265.4,12126.9,0,1714.39,1,4,4,91,2,0,Nuwara Eliya Main Warehouse
2022-04-01,FNGS,191.3,9111.2,0,1381.33,1,4,4,91,2,0,Nuwara Eliya Main Warehouse
2022-04-01,OP,139.3,6940.4,0,2882.34,1,4,4,91,2,0,Nuwara Eliya Main Warehouse
2022-04-02,BOP,262.0,17128.8,0,1887.32,0,4,5,92,2,1,Nuwara Eliya Main Warehouse
2022-04-02,BOPF,213.7,13888.6,0,1675.81,0,4,5,92,2,1,Nuwara Eliya Main Warehouse
2022-04-02,DUST,179.1,12117.5,0,1618.81,0,4,5,92,2,1,Nuwara Eliya Main Warehouse
2022-04-02,FNGS,160.0,9098.1,0,1452.52,0,4,5,92,2,1,Nuwara Eliya Main Warehouse
2022-04-02,OP,111.9,6955.1,0,3102.29,0,4,5,92,2,1,Nuwara Eliya Main Warehouse
2022-04-03,BOP,196.2,17139.3,0,2004.92,0,4,6,93,2,1,Nuwara Eliya Main Warehouse
2022-04-03,BOPF,196.0,13923.6,0,1558.26,0,4,6,93,2,1,Nuwara Eliya Main Warehouse
2022-04-03,DUST,179.4,12099.8,0,1647.24,0,4,6,93,2,1,Nuwara Eliya Main Warehouse
2022-04-03,FNGS,110.9,9083.5,0,1433.48,0,4,6,93,2,1,Nuwara Eliya Main Warehouse
2022-04-03,OP,96.4,6969.7,0,2875.09,0,4,6,93,2,1,Nuwara Eliya Main Warehouse
2022-04-04,BOP,365.4,17128.0,0,1884.63,1,4,0,94,2,0,Nuwara Eliya Main Warehouse
2022-04-04,BOPF,374.7,13920.4,0,1710.47,1,4,0,94,2,0,Nuwara Eliya Main Warehouse
2022-04-04,DUST,306.5,12159.0,0,1610.27,1,4,0,94,2,0,Nuwara Eliya Main Warehouse
2022-04-04,FNGS,217.2,9107.7,0,1410.05,1,4,0,94,2,0,Nuwara Eliya Main Warehouse
2022-04-04,OP,140.9,6952.3,0,2955.89,1,4,0,94,2,0,Nuwara Eliya Main Warehouse
2022-04-05,BOP,369.1,17156.0,0,1912.97,0,4,1,95,2,0,Nuwara Eliya Main Warehouse
2022-04-05,BOPF,322.8,13956.7,0,1680.9,0,4,1,95,2,0,Nuwara Eliya Main Warehouse
2022-04-05,DUST,334.5,12183.5,0,1599.73,0,4,1,95,2,0,Nuwara Eliya Main Warehouse
2022-04-05,FNGS,231.9,9144.7,0,1448.93,0,4,1,95,2,0,Nuwara Eliya Main Warehouse
2022-04-05,OP,163.6,6977.7,0,2937.2,0,4,1,95,2,0,Nuwara Eliya Main Warehouse
2022-04-06,BOP,423.4,17209.2,0,1907.42,1,4,2,96,2,0,Nuwara Eliya Main Warehouse
2022-04-06,BOPF,316.5,13977.3,0,1695.31,1,4,2,96,2,0,Nuwara Eliya Main Warehouse
2022-04-06,DUST,315.2,12244.8,0,1590.43,1,4,2,96,2,0,Nuwara Eliya Main Warehouse
2022-04-06,FNGS,222.8,9183.8,0,1376.1,1,4,2,96,2,0,Nuwara Eliya Main Warehouse
2022-04-06,OP,146.6,7001.1,0,2782.23,1,4,2,96,2,0,Nuwara Eliya Main Warehouse
2022-04-07,BOP,380.0,17284.9,0,1999.4,0,4,3,97,2,0,Nuwara Eliya Main Warehouse
2022-04-07,BOPF,340.1,14018.4,0,1640.04,0,4,3,97,2,0,Nuwara Eliya Main Warehouse
2022-04-07,DUST,282.4,12296.3,0,1592.5,0,4,3,97,2,0,Nuwara Eliya Main Warehouse
2022-04-07,FNGS,205.4,9193.5,0,1450.37,0,4,3,97,2,0,Nuwara Eliya Main Warehouse
2022-04-07,OP,169.4,7021.2,0,2810.41,0,4,3,97,2,0,Nuwara Eliya Main Warehouse
2022-04-08,BOP,330.7,17319.5,0,1984.12,1,4,4,98,2,0,Nuwara Eliya Main Warehouse
2022-04-08,BOPF,323.8,14058.2,0,1656.05,1,4,4,98,2,0,Nuwara Eliya Main Warehouse
2022-04-08,DUST,265.7,12286.4,0,1630.66,1,4,4,98,2,0,Nuwara Eliya Main Warehouse
2022-04-08,FNGS,219.5,9178.6,0,1467.06,1,4,4,98,2,0,Nuwara Eliya Main Warehouse
2022-04-08,OP,138.5,7016.6,0,3065.61,1,4,4,98,2,0,Nuwara Eliya Main Warehouse
2022-04-09,BOP,268.2,17360.9,0,1957.45,0,4,5,99,2,1,Nuwara Eliya Main Warehouse
2022-04-09,BOPF,223.1,14080.8,0,1654.87,0,4,5,99,2,1,Nuwara Eliya Main Warehouse
2022-04-09,DUST,199.1,12300.2,0,1619.55,0,4,5,99,2,1,Nuwara Eliya Main Warehouse
2022-04-09,FNGS,158.3,9201.6,0,1460.22,0,4,5,99,2,1,Nuwara Eliya Main Warehouse
2022-04-09,OP,110.1,7021.7,0,2943.45,0,4,5,99,2,1,Nuwara Eliya Main Warehouse
2022-04-10,BOP,213.9,17342.5,0,1858.76,0,4,6,100,2,1,Nuwara Eliya Main Warehouse
2022-04-10,BOPF,164.3,14073.7,0,1724.62,0,4,6,100,2,1,Nuwara Eliya Main Warehouse
2022-04-10,DUST,161.1,12281.4,0,1601.13,0,4,6,100,2,1,Nuwara Eliya Main Warehouse
2022-04-10,FNGS,145.6,9220.5,0,1480.64,0,4,6,100,2,1,Nuwara Eliya Main Warehouse
2022-04-10,OP,87.8,7012.4,0,2893.59,0,4,6,100,2,1,Nuwara Eliya Main Warehouse
2022-04-11,BOP,307.8,17353.2,0,1932.84,1,4,0,101,2,0,Nuwara Eliya Main Warehouse
2022-04-11,BOPF,282.8,14035.7,0,1656.68,1,4,0,101,2,0,Nuwara Eliya Main Warehouse
2022-04-11,DUST,237.3,12332.7,0,1672.9,1,4,0,101,2,0,Nuwara Eliya Main Warehouse
2022-04-11,FNGS,181.3,9211.1,0,1496.55,1,4,0,101,2,0,Nuwara Eliya Main Warehouse
2022-04-11,OP,124.7,7017.2,0,2850.22,1,4,0,101,2,0,Nuwara Eliya Main Warehouse
2022-04-12,BOP,339.8,17303.5,0,1944.56,0,4,1,102,2,0,Nuwara Eliya Main Warehouse
2022-04-12,BOPF,299.8,14045.3,0,1776.42,0,4,1,102,2,0,Nuwara Eliya Main Warehouse
2022-04-12,DUST,269.4,12335.8,0,1464.86,0,4,1,102,2,0,Nuwara Eliya Main Warehouse
2022-04-12,FNGS,183.5,9249.9,0,1444.29,0,4,1,102,2,0,Nuwara Eliya Main Warehouse
2022-04-12,OP,151.6,7009.2,0,2922.3,0,4,1,102,2,0,Nuwara Eliya Main Warehouse
2022-04-13,BOP,272.1,17289.5,0,1874.4,1,4,2,103,2,0,Nuwara Eliya Main Warehouse
2022-04-13,BOPF,257.6,14098.5,0,1696.26,1,4,2,103,2,0,Nuwara Eliya Main Warehouse
2022-04-13,DUST,175.1,12337.1,0,1626.64,1,4,2,103,2,0,Nuwara Eliya Main Warehouse
2022-04-13,FNGS,156.3,9233.0,0,1493.82,1,4,2,103,2,0,Nuwara Eliya Main Warehouse
2022-04-13,OP,115.5,7008.0,0,2930.49,1,4,2,103,2,0,Nuwara Eliya Main Warehouse
2022-04-14,BOP,240.9,17323.4,0,1865.0,0,4,3,104,2,0,Nuwara Eliya Main Warehouse
2022-04-14,BOPF,233.1,14116.6,0,1613.44,0,4,3,104,2,0,Nuwara Eliya Main Warehouse
2022-04-14,DUST,178.7,12332.0,0,1636.42,0,4,3,104,2,0,Nuwara Eliya Main Warehouse
2022-04-14,FNGS,147.3,9268.8,0,1444.34,0,4,3,104,2,0,Nuwara Eliya Main Warehouse
2022-04-14,OP,95.1,7000.0,0,2914.85,0,4,3,104,2,0,Nuwara Eliya Main Warehouse
2022-04-15,BOP,268.7,17389.7,0,2008.08,1,4,4,105,2,0,Nuwara Eliya Main Warehouse
2022-04-15,BOPF,261.1,14164.4,0,1669.31,1,4,4,105,2,0,Nuwara Eliya Main Warehouse
2022-04-15,DUST,232.2,12339.9,0,1656.49,1,4,4,105,2,0,Nuwara Eliya Main Warehouse
2022-04-15,FNGS,153.0,9298.5,0,1418.64,1,4,4,105,2,0,Nuwara Eliya Main Warehouse
2022-04-15,OP,127.7,6992.6,0,2985.82,1,4,4,105,2,0,Nuwara Eliya Main Warehouse
2022-04-16,BOP,194.4,17368.2,0,1896.89,0,4,5,106,2,1,Nuwara Eliya Main Warehouse
2022-04-16,BOPF,172.7,14207.0,0,1644.01,0,4,5,106,2,1,Nuwara Eliya Main Warehouse
2022-04-16,DUST,175.4,12331.3,0,1600.26,0,4,5,106,2,1,Nuwara Eliya Main Warehouse
2022-04-16,FNGS,136.5,9315.6,0,1431.62,0,4,5,106,2,1,Nuwara Eliya Main Warehouse
2022-04-16,OP,95.4,6981.2,0,2823.42,0,4,5,106,2,1,Nuwara Eliya Main Warehouse
2022-04-17,BOP,171.4,17370.0,0,2003.35,0,4,6,107,2,1,Nuwara Eliya Main Warehouse
2022-04-17,BOPF,232.0,14187.4,0,1569.15,0,4,6,107,2,1,Nuwara Eliya Main Warehouse
2022-04-17,DUST,156.9,12331.3,0,1613.05,0,4,6,107,2,1,Nuwara Eliya Main Warehouse
2022-04-17,FNGS,122.8,9343.3,0,1459.43,0,4,6,107,2,1,Nuwara Eliya Main Warehouse
2022-04-17,OP,90.6,7000.9,0,2812.38,0,4,6,107,2,1,Nuwara Eliya Main Warehouse
2022-04-18,BOP,346.3,17428.9,0,1969.19,1,4,0,108,2,0,Nuwara Eliya Main Warehouse
2022-04-18,BOPF,324.2,14228.5,0,1753.65,1,4,0,108,2,0,Nuwara Eliya Main Warehouse
2022-04-18,DUST,310.0,12384.0,0,1649.35,1,4,0,108,2,0,Nuwara Eliya Main Warehouse
2022-04-18,FNGS,199.5,9371.0,0,1493.9,1,4,0,108,2,0,Nuwara Eliya Main Warehouse
2022-04-18,OP,154.7,7010.5,0,2984.26,1,4,0,108,2,0,Nuwara Eliya Main Warehouse
2022-04-19,BOP,417.5,17400.4,0,1936.63,0,4,1,109,2,0,Nuwara Eliya Main Warehouse
2022-04-19,BOPF,334.4,14268.5,0,1710.21,0,4,1,109,2,0,Nuwara Eliya Main Warehouse
2022-04-19,DUST,312.2,12441.3,0,1672.95,0,4,1,109,2,0,Nuwara Eliya Main Warehouse
2022-04-19,FNGS,242.6,9353.1,0,1448.49,0,4,1,109,2,0,Nuwara Eliya Main Warehouse
2022-04-19,OP,158.2,7011.9,0,3074.31,0,4,1,109,2,0,Nuwara Eliya Main Warehouse
2022-04-20,BOP,416.3,17430.4,0,1939.24,1,4,2,110,2,0,Nuwara Eliya Main Warehouse
2022-04-20,BOPF,369.3,14357.9,0,1702.07,1,4,2,110,2,0,Nuwara Eliya Main Warehouse
2022-04-20,DUST,289.3,12433.1,0,1589.75,1,4,2,110,2,0,Nuwara Eliya Main Warehouse
2022-04-20,FNGS,219.0,9359.0,0,1420.23,1,4,2,110,2,0,Nuwara Eliya Main Warehouse
2022-04-20,OP,169.9,7022.8,0,2967.83,1,4,2,110,2,0,Nuwara Eliya Main Warehouse
2022-04-21,BOP,373.4,17483.8,0,1836.54,0,4,3,111,2,0,Nuwara Eliya Main Warehouse
2022-04-21,BOPF,308.4,14433.2,0,1684.31,0,4,3,111,2,0,Nuwara Eliya Main Warehouse
2022-04-21,DUST,253.1,12442.6,0,1616.25,0,4,3,111,2,0,Nuwara Eliya Main Warehouse
2022-04-21,FNGS,214.1,9333.0,0,1509.29,0,4,3,111,2,0,Nuwara Eliya Main Warehouse
2022-04-21,OP,147.4,7037.7,0,3006.27,0,4,3,111,2,0,Nuwara Eliya Main Warehouse
2022-04-22,BOP,353.9,17518.0,0,1925.87,1,4,4,112,2,0,Nuwara Eliya Main Warehouse
2022-04-22,BOPF,271.1,14467.0,0,1609.22,1,4,4,112,2,0,Nuwara Eliya Main Warehouse
2022-04-22,DUST,237.5,12490.0,0,1682.01,1,4,4,112,2,0,Nuwara Eliya Main Warehouse
2022-04-22,FNGS,181.6,9334.0,0,1388.47,1,4,4,112,2,0,Nuwara Eliya Main Warehouse
2022-04-22,OP,140.8,7068.5,0,2891.18,1,4,4,112,2,0,Nuwara Eliya Main Warehouse
2022-04-23,BOP,268.6,17497.9,0,1993.17,0,4,5,113,2,1,Nuwara Eliya Main Warehouse
2022-04-23,BOPF,234.0,14454.7,0,1653.0,0,4,5,113,2,1,Nuwara Eliya Main Warehouse
2022-04-23,DUST,191.9,12465.3,0,1505.3,0,4,5,113,2,1,Nuwara Eliya Main Warehouse
2022-04-23,FNGS,174.2,9359.6,0,1420.81,0,4,5,113,2,1,Nuwara Eliya Main Warehouse
2022-04-23,OP,106.4,7060.2,0,2920.02,0,4,5,113,2,1,Nuwara Eliya Main Warehouse
2022-04-24,BOP,273.5,17495.7,0,1952.48,0,4,6,114,2,1,Nuwara Eliya Main Warehouse
2022-04-24,BOPF,189.7,14486.8,0,1717.54,0,4,6,114,2,1,Nuwara Eliya Main Warehouse
2022-04-24,DUST,176.1,12501.5,0,1572.09,0,4,6,114,2,1,Nuwara Eliya Main Warehouse
2022-04-24,FNGS,114.3,9360.1,0,1486.43,0,4,6,114,2,1,Nuwara Eliya Main Warehouse
2022-04-24,OP,80.9,7057.6,0,2919.1,0,4,6,114,2,1,Nuwara Eliya Main Warehouse
2022-04-25,BOP,395.6,17560.4,0,1923.37,1,4,0,115,2,0,Nuwara Eliya Main Warehouse
2022-04-25,BOPF,325.7,14451.9,0,1625.66,1,4,0,115,2,0,Nuwara Eliya Main Warehouse
2022-04-25,DUST,295.9,12483.1,0,1672.45,1,4,0,115,2,0,Nuwara Eliya Main Warehouse
2022-04-25,FNGS,218.6,9356.2,0,1523.23,1,4,0,115,2,0,Nuwara Eliya Main Warehouse
2022-04-25,OP,166.8,7097.7,0,2893.42,1,4,0,115,2,0,Nuwara Eliya Main Warehouse
2022-04-26,BOP,387.4,17588.2,0,2009.95,0,4,1,116,2,0,Nuwara Eliya Main Warehouse
2022-04-26,BOPF,360.0,14510.3,0,1553.82,0,4,1,116,2,0,Nuwara Eliya Main Warehouse
2022-04-26,DUST,289.9,12518.3,0,1655.21,0,4,1,116,2,0,Nuwara Eliya Main Warehouse
2022-04-26,FNGS,236.5,9377.0,0,1469.33,0,4,1,116,2,0,Nuwara Eliya Main Warehouse
2022-04-26,OP,148.2,7097.5,0,3016.83,0,4,1,116,2,0,Nuwara Eliya Main Warehouse
2022-04-27,BOP,364.9,17534.2,0,1904.8,1,4,2,117,2,0,Nuwara Eliya Main Warehouse
2022-04-27,BOPF,322.1,14579.3,0,1665.94,1,4,2,117,2,0,Nuwara Eliya Main Warehouse
2022-04-27,DUST,288.2,12542.2,0,1628.81,1,4,2,117,2,0,Nuwara Eliya Main Warehouse
2022-04-27,FNGS,227.4,9422.3,0,1459.74,1,4,2,117,2,0,Nuwara Eliya Main Warehouse
2022-04-27,OP,155.6,7075.5,0,2992.22,1,4,2,117,2,0,Nuwara Eliya Main Warehouse
2022-04-28,BOP,345.7,17587.6,0,1880.82,0,4,3,118,2,0,Nuwara Eliya Main Warehouse
2022-04-28,BOPF,332.6,14580.3,0,1670.21,0,4,3,118,2,0,Nuwara Eliya Main Warehouse
2022-04-28,DUST,286.0,12562.5,0,1583.77,0,4,3,118,2,0,Nuwara Eliya Main Warehouse
2022-04-28,FNGS,218.3,9393.7,0,1437.13,0,4,3,118,2,0,Nuwara Eliya Main Warehouse
2022-04-28,OP,138.8,7062.9,0,2865.16,0,4,3,118,2,0,Nuwara Eliya Main Warehouse
2022-04-29,BOP,345.0,17540.7,0,1923.88,1,4,4,119,2,0,Nuwara Eliya Main Warehouse
2022-04-29,BOPF,294.4,14610.4,0,1683.81,1,4,4,119,2,0,Nuwara Eliya Main Warehouse
2022-04-29,DUST,256.6,12612.3,0,1563.74,1,4,4,119,2,0,Nuwara Eliya Main Warehouse
2022-04-29,FNGS,180.4,9394.4,0,1472.47,1,4,4,119,2,0,Nuwara Eliya Main Warehouse
2022-04-29,OP,135.0,7044.1,0,2760.67,1,4,4,119,2,0,Nuwara Eliya Main Warehouse
2022-04-30,BOP,246.3,17577.2,0,1958.02,0,4,5,120,2,1,Nuwara Eliya Main Warehouse
2022-04-30,BOPF,215.1,14615.2,0,1712.74,0,4,5,120,2,1,Nuwara Eliya Main Warehouse
2022-04-30,DUST,201.8,12590.2,0,1577.37,0,4,5,120,2,1,Nuwara Eliya Main Warehouse
2022-04-30,FNGS,144.7,9381.9,0,1454.98,0,4,5,120,2,1,Nuwara Eliya Main Warehouse
2022-04-30,OP,110.5,7071.2,0,2893.76,0,4,5,120,2,1,Nuwara Eliya Main Warehouse
2022-05-01,BOP,159.5,17566.2,0,1820.27,0,5,6,121,2,1,Nuwara Eliya Main Warehouse
2022-05-01,BOPF,164.4,14619.3,0,1708.44,0,5,6,121,2,1,Nuwara Eliya Main Warehouse
2022-05-01,DUST,143.5,12588.6,0,1676.95,0,5,6,121,2,1,Nuwara Eliya Main Warehouse
2022-05-01,FNGS,113.8,9396.5,0,1417.96,0,5,6,121,2,1,Nuwara Eliya Main Warehouse
2022-05-01,OP,73.6,7068.4,0,2802.31,0,5,6,121,2,1,Nuwara Eliya Main Warehouse
2022-05-02,BOP,334.1,17644.1,0,1931.56,1,5,0,122,2,0,Nuwara Eliya Main Warehouse
2022-05-02,BOPF,319.4,14611.1,0,1690.15,1,5,0,122,2,0,Nuwara Eliya Main Warehouse
2022-05-02,DUST,239.5,12604.2,0,1575.86,1,5,0,122,2,0,Nuwara Eliya Main Warehouse
2022-05-02,FNGS,192.9,9375.7,0,1436.78,1,5,0,122,2,0,Nuwara Eliya Main Warehouse
2022-05-02,OP,143.4,7099.9,0,2901.5,1,5,0,122,2,0,Nuwara Eliya Main Warehouse
2022-05-03,BOP,341.4,17643.2,0,1960.86,0,5,1,123,2,0,Nuwara Eliya Main Warehouse
2022-05-03,BOPF,354.3,14665.9,0,1735.79,0,5,1,123,2,0,Nuwara Eliya Main Warehouse
2022-05-03,DUST,272.2,12651.7,0,1609.92,0,5,1,123,2,0,Nuwara Eliya Main Warehouse
2022-05-03,FNGS,212.2,9400.3,0,1413.42,0,5,1,123,2,0,Nuwara Eliya Main Warehouse
2022-05-03,OP,142.9,7135.4,0,2809.34,0,5,1,123,2,0,Nuwara Eliya Main Warehouse
2022-05-04,BOP,387.8,17635.7,0,1901.05,1,5,2,124,2,0,Nuwara Eliya Main Warehouse
2022-05-04,BOPF,322.5,14738.3,0,1603.99,1,5,2,124,2,0,Nuwara Eliya Main Warehouse
2022-05-04,DUST,269.7,12634.6,0,1570.27,1,5,2,124,2,0,Nuwara Eliya Main Warehouse
2022-05-04,FNGS,213.4,9392.7,0,1450.53,1,5,2,124,2,0,Nuwara Eliya Main Warehouse
2022-05-04,OP,150.4,7148.9,0,3005.47,1,5,2,124,2,0,Nuwara Eliya Main Warehouse
2022-05-05,BOP,269.6,17611.3,0,1977.59,0,5,3,125,2,0,Nuwara Eliya Main Warehouse
2022-05-05,BOPF,180.6,14779.2,0,1702.45,0,5,3,125,2,0,Nuwara Eliya Main Warehouse
2022-05-05,DUST,207.1,12670.1,0,1644.61,0,5,3,125,2,0,Nuwara Eliya Main Warehouse
2022-05-05,FNGS,158.5,9381.6,0,1456.86,0,5,3,125,2,0,Nuwara Eliya Main Warehouse
2022-05-05,OP,113.0,7133.4,0,2957.62,0,5,3,125,2,0,Nuwara Eliya Main Warehouse
2022-05-06,BOP,216.9,17605.3,0,1951.87,1,5,4,126,2,0,Nuwara Eliya Main Warehouse
2022-05-06,BOPF,190.9,14763.9,0,1708.5,1,5,4,126,2,0,Nuwara Eliya Main Warehouse
2022-05-06,DUST,154.1,12671.6,0,1580.49,1,5,4,126,2,0,Nuwara Eliya Main Warehouse
2022-05-06,FNGS,114.6,9407.3,0,1518.81,1,5,4,126,2,0,Nuwara Eliya Main Warehouse
2022-05-06,OP,85.4,7123.4,0,2955.78,1,5,4,126,2,0,Nuwara Eliya Main Warehouse
2022-05-07,BOP,261.1,17657.7,0,2035.27,0,5,5,127,2,1,Nuwara Eliya Main Warehouse
2022-05-07,BOPF,206.0,14805.1,0,1617.92,0,5,5,127,2,1,Nuwara Eliya Main Warehouse
2022-05-07,DUST,180.6,12658.2,0,1601.11,0,5,5,127,2,1,Nuwara Eliya Main Warehouse
2022-05-07,FNGS,160.2,9384.4,0,1425.18,0,5,5,127,2,1,Nuwara Eliya Main Warehouse
2022-05-07,OP,95.7,7127.5,0,2990.6,0,5,5,127,2,1,Nuwara Eliya Main Warehouse
2022-05-08,BOP,185.7,17703.9,0,1874.9,0,5,6,128,2,1,Nuwara Eliya Main Warehouse
2022-05-08,BOPF,178.5,14831.0,0,1605.24,0,5,6,128,2,1,Nuwara Eliya Main Warehouse
2022-05-08,DUST,149.4,12681.1,0,1527.49,0,5,6,128,2,1,Nuwara Eliya Main Warehouse
2022-05-08,FNGS,117.3,9387.4,0,1442.78,0,5,6,128,2,1,Nuwara Eliya Main Warehouse
2022-05-08,OP,78.1,7128.5,0,2933.59,0,5,6,128,2,1,Nuwara Eliya Main Warehouse
2022-05-09,BOP,327.3,17703.0,0,1962.8,1,5,0,129,2,0,Nuwara Eliya Main Warehouse
2022-05-09,BOPF,305.4,14816.0,0,1642.15,1,5,0,129,2,0,Nuwara Eliya Main Warehouse
2022-05-09,DUST,258.7,12651.7,0,1530.86,1,5,0,129,2,0,Nuwara Eliya Main Warehouse
2022-05-09,FNGS,198.5,9359.3,0,1503.36,1,5,0,129,2,0,Nuwara Eliya Main Warehouse
2022-05-09,OP,140.8,7141.5,0,2946.87,1,5,0,129,2,0,Nuwara Eliya Main Warehouse
2022-05-10,BOP,388.6,17714.4,0,1860.37,0,5,1,130,2,0,Nuwara Eliya Main Warehouse
2022-05-10,BOPF,336.9,14774.6,0,1646.37,0,5,1,130,2,0,Nuwara Eliya Main Warehouse
2022-05-10,DUST,247.1,12665.5,0,1606.35,0,5,1,130,2,0,Nuwara Eliya Main Warehouse
2022-05-10,FNGS,218.9,9368.8,0,1526.39,0,5,1,130,2,0,Nuwara Eliya Main Warehouse
2022-05-10,OP,141.9,7145.1,0,3021.66,0,5,1,130,2,0,Nuwara Eliya Main Warehouse
2022-05-11,BOP,362.9,17764.8,0,1827.31,1,5,2,131,2,0,Nuwara Eliya Main Warehouse
2022-05-11,BOPF,316.4,14761.0,0,1715.26,1,5,2,131,2,0,Nuwara Eliya Main Warehouse
2022-05-11,DUST,281.7,12630.5,0,1544.49,1,5,2,131,2,0,Nuwara Eliya Main Warehouse
2022-05-11,FNGS,228.6,9380.4,0,1470.61,1,5,2,131,2,0,Nuwara Eliya Main Warehouse
2022-05-11,OP,140.3,7176.5,0,2890.05,1,5,2,131,2,0,Nuwara Eliya Main Warehouse
2022-05-12,BOP,325.8,17831.4,0,1804.13,0,5,3,132,2,0,Nuwara Eliya Main Warehouse
2022-05-12,BOPF,330.0,14831.9,0,1648.89,0,5,3,132,2,0,Nuwara Eliya Main Warehouse
2022-05-12,DUST,272.6,12628.4,0,1704.11,0,5,3,132,2,0,Nuwara Eliya Main Warehouse
2022-05-12,FNGS,183.4,9376.5,0,1440.13,0,5,3,132,2,0,Nuwara Eliya Main Warehouse
2022-05-12,OP,134.3,7185.1,0,2952.39,0,5,3,132,2,0,Nuwara Eliya Main Warehouse
2022-05-13,BOP,306.4,17858.2,0,1947.11,1,5,4,133,2,0,Nuwara Eliya Main Warehouse
2022-05-13,BOPF,265.1,14859.3,0,1637.26,1,5,4,133,2,0,Nuwara Eliya Main Warehouse
2022-05-13,DUST,238.3,12650.0,0,1510.47,1,5,4,133,2,0,Nuwara Eliya Main Warehouse
2022-05-13,FNGS,176.3,9359.3,0,1431.01,1,5,4,133,2,0,Nuwara Eliya Main Warehouse
2022-05-13,OP,123.2,7200.8,0,2813.3,1,5,4,133,2,0,Nuwara Eliya Main Warehouse
2022-05-14,BOP,212.8,17859.6,0,1927.6,0,5,5,134,2,1,Nuwara Eliya Main Warehouse
2022-05-14,BOPF,204.5,14887.6,0,1649.27,0,5,5,134,2,1,Nuwara Eliya Main Warehouse
2022-05-14,DUST,175.1,12662.7,0,1569.24,0,5,5,134,2,1,Nuwara Eliya Main Warehouse
2022-05-14,FNGS,107.5,9359.4,0,1373.57,0,5,5,134,2,1,Nuwara Eliya Main Warehouse
2022-05-14,OP,101.3,7221.9,0,2908.63,0,5,5,134,2,1,Nuwara Eliya Main Warehouse
2022-05-15,BOP,154.5,17861.9,0,1890.92,0,5,6,135,2,1,Nuwara Eliya Main Warehouse
2022-05-15,BOPF,173.4,14879.4,0,1733.48,0,5,6,135,2,1,Nuwara Eliya Main Warehouse
2022-05-15,DUST,112.4,12664.0,0,1607.34,0,5,6,135,2,1,Nuwara Eliya Main Warehouse
2022-05-15,FNGS,107.8,9372.2,0,1412.12,0,5,6,135,2,1,Nuwara Eliya Main Warehouse
2022-05-15,OP,78.1,7214.8,0,3091.95,0,5,6,135,2,1,Nuwara Eliya Main Warehouse
2022-05-16,BOP,358.4,17907.8,0,1819.21,1,5,0,136,2,0,Nuwara Eliya Main Warehouse
2022-05-16,BOPF,289.4,14919.3,0,1679.87,1,5,0,136,2,0,Nuwara Eliya Main Warehouse
2022-05-16,DUST,268.7,12669.8,0,1589.69,1,5,0,136,2,0,Nuwara Eliya Main Warehouse
2022-05-16,FNGS,199.2,9404.7,0,1455.45,1,5,0,136,2,0,Nuwara Eliya Main Warehouse
2022-05-16,OP,137.9,7206.8,0,2970.82,1,5,0,136,2,0,Nuwara Eliya Main Warehouse
2022-05-17,BOP,392.8,17849.4,0,1879.46,0,5,1,137,2,0,Nuwara Eliya Main Warehouse
2022-05-17,BOPF,299.3,14877.8,0,1670.64,0,5,1,137,2,0,Nuwara Eliya Main Warehouse
2022-05-17,DUST,290.4,12652.6,0,1555.44,0,5,1,137,2,0,Nuwara Eliya Main Warehouse
2022-05-17,FNGS,203.3,9417.3,0,1443.69,0,5,1,137,2,0,Nuwara Eliya Main Warehouse
2022-05-17,OP,143.6,7191.4,0,2895.36,0,5,1,137,2,0,Nuwara Eliya Main Warehouse
2022-05-18,BOP,322.4,17881.0,0,1918.14,1,5,2,138,2,0,Nuwara Eliya Main Warehouse
2022-05-18,BOPF,295.9,14877.8,0,1674.12,1,5,2,138,2,0,Nuwara Eliya Main Warehouse
2022-05-18,DUST,247.7,12660.6,0,1562.36,1,5,2,138,2,0,Nuwara Eliya Main Warehouse
2022-05-18,FNGS,192.5,9433.9,0,1477.58,1,5,2,138,2,0,Nuwara Eliya Main Warehouse
2022-05-18,OP,134.3,7178.8,0,2925.01,1,5,2,138,2,0,Nuwara Eliya Main Warehouse
2022-05-19,BOP,353.1,17878.2,0,1962.07,0,5,3,139,2,0,Nuwara Eliya Main Warehouse
2022-05-19,BOPF,287.8,14906.8,0,1742.38,0,5,3,139,2,0,Nuwara Eliya Main Warehouse
2022-05-19,DUST,277.8,12724.9,0,1560.95,0,5,3,139,2,0,Nuwara Eliya Main Warehouse
2022-05-19,FNGS,173.3,9421.8,0,1443.3,0,5,3,139,2,0,Nuwara Eliya Main Warehouse
2022-05-19,OP,134.8,7186.2,0,2901.23,0,5,3,139,2,0,Nuwara Eliya Main Warehouse
2022-05-20,BOP,294.1,17927.5,0,1917.27,1,5,4,140,2,0,Nuwara Eliya Main Warehouse
2022-05-20,BOPF,277.8,14881.4,0,1643.3,1,5,4,140,2,0,Nuwara Eliya Main Warehouse
2022-05-20,DUST,247.8,12772.0,0,1593.79,1,5,4,140,2,0,Nuwara Eliya Main Warehouse
2022-05-20,FNGS,179.2,9415.5,0,1421.1,1,5,4,140,2,0,Nuwara Eliya Main Warehouse
2022-05-20,OP,111.0,7183.8,0,2922.66,1,5,4,140,2,0,Nuwara Eliya Main Warehouse
2022-05-21,BOP,216.8,17903.1,0,1932.31,0,5,5,141,2,1,Nuwara Eliya Main Warehouse
2022-05-21,BOPF,167.7,14911.4,0,1743.76,0,5,5,141,2,1,Nuwara Eliya Main Warehouse
2022-05-21,DUST,154.5,12757.8,0,1698.0,0,5,5,141,2,1,Nuwara Eliya Main Warehouse
2022-05-21,FNGS,145.3,9403.1,0,1466.04,0,5,5,141,2,1,Nuwara Eliya Main Warehouse
2022-05-21,OP,97.4,7185.7,0,2869.88,0,5,5,141,2,1,Nuwara Eliya Main Warehouse
2022-05-22,BOP,166.2,17917.3,0,1897.58,0,5,6,142,2,1,Nuwara Eliya Main Warehouse
2022-05-22,BOPF,129.9,14904.1,0,1690.17,0,5,6,142,2,1,Nuwara Eliya Main Warehouse
2022-05-22,DUST,128.8,12740.0,0,1610.98,0,5,6,142,2,1,Nuwara Eliya Main Warehouse
2022-05-22,FNGS,95.7,9398.3,0,1557.02,0,5,6,142,2,1,Nuwara Eliya Main Warehouse
2022-05-22,OP,49.7,7197.7,0,2945.17,0,5,6,142,2,1,Nuwara Eliya Main Warehouse
2022-05-23,BOP,320.5,17930.8,0,2015.67,1,5,0,143,2,0,Nuwara Eliya Main Warehouse
2022-05-23,BOPF,326.8,14940.4,0,1672.27,1,5,0,143,2,0,Nuwara Eliya Main Warehouse
2022-05-23,DUST,233.8,12792.2,0,1662.47,1,5,0,143,2,0,Nuwara Eliya Main Warehouse
2022-05-23,FNGS,196.3,9386.5,0,1438.58,1,5,0,143,2,0,Nuwara Eliya Main Warehouse
2022-05-23,OP,128.6,7186.5,0,2948.36,1,5,0,143,2,0,Nuwara Eliya Main Warehouse
2022-05-24,BOP,353.5,17968.6,0,1862.21,0,5,1,144,2,0,Nuwara Eliya Main Warehouse
2022-05-24,BOPF,296.8,14944.0,0,1801.72,0,5,1,144,2,0,Nuwara Eliya Main Warehouse
2022-05-24,DUST,264.5,12808.3,0,1631.15,0,5,1,144,2,0,Nuwara Eliya Main Warehouse
2022-05-24,FNGS,183.1,9397.1,0,1457.84,0,5,1,144,2,0,Nuwara Eliya Main Warehouse
2022-05-24,OP,142.9,7196.0,0,2904.57,0,5,1,144,2,0,Nuwara Eliya Main Warehouse
2022-05-25,BOP,329.7,17927.7,0,1880.05,1,5,2,145,2,0,Nuwara Eliya Main Warehouse
2022-05-25,BOPF,306.3,14971.1,0,1628.99,1,5,2,145,2,0,Nuwara Eliya Main Warehouse
2022-05-25,DUST,266.6,12825.7,0,1659.49,1,5,2,145,2,0,Nuwara Eliya Main Warehouse
2022-05-25,FNGS,200.9,9412.2,0,1487.68,1,5,2,145,2,0,Nuwara Eliya Main Warehouse
2022-05-25,OP,121.9,7182.5,0,2915.98,1,5,2,145,2,0,Nuwara Eliya Main Warehouse
2022-05-26,BOP,344.0,17955.9,0,1891.67,0,5,3,146,2,0,Nuwara Eliya Main Warehouse
2022-05-26,BOPF,271.8,14942.0,0,1663.23,0,5,3,146,2,0,Nuwara Eliya Main Warehouse
2022-05-26,DUST,235.8,12863.9,0,1477.61,0,5,3,146,2,0,Nuwara Eliya Main Warehouse
2022-05-26,FNGS,187.6,9454.9,0,1428.2,0,5,3,146,2,0,Nuwara Eliya Main Warehouse
2022-05-26,OP,131.7,7179.6,0,2933.05,0,5,3,146,2,0,Nuwara Eliya Main Warehouse
2022-05-27,BOP,302.1,17978.5,0,1949.25,1,5,4,147,2,0,Nuwara Eliya Main Warehouse
2022-05-27,BOPF,267.1,14903.7,0,1620.64,1,5,4,147,2,0,Nuwara Eliya Main Warehouse
2022-05-27,DUST,233.4,12858.3,0,1593.76,1,5,4,147,2,0,Nuwara Eliya Main Warehouse
2022-05-27,FNGS,163.3,9443.2,0,1505.77,1,5,4,147,2,0,Nuwara Eliya Main Warehouse
2022-05-27,OP,110.2,7186.3,0,2860.34,1,5,4,147,2,0,Nuwara Eliya Main Warehouse
2022-05-28,BOP,218.0,17994.7,0,1861.61,0,5,5,148,2,1,Nuwara Eliya Main Warehouse
2022-05-28,BOPF,182.9,14942.8,0,1726.94,0,5,5,148,2,1,Nuwara Eliya Main Warehouse
2022-05-28,DUST,176.6,12865.8,0,1668.81,0,5,5,148,2,1,Nuwara Eliya Main Warehouse
2022-05-28,FNGS,117.8,9455.8,0,1386.1,0,5,5,148,2,1,Nuwara Eliya Main Warehouse
2022-05-28,OP,81.9,7205.0,0,2945.6,0,5,5,148,2,1,Nuwara Eliya Main Warehouse
2022-05-29,BOP,156.7,18009.0,0,1926.93,0,5,6,149,2,1,Nuwara Eliya Main Warehouse
2022-05-29,BOPF,126.2,14937.5,0,1762.87,0,5,6,149,2,1,Nuwara Eliya Main Warehouse
2022-05-29,DUST,140.3,12899.2,0,1581.56,0,5,6,149,2,1,Nuwara Eliya Main Warehouse
2022-05-29,FNGS,94.2,9472.5,0,1435.39,0,5,6,149,2,1,Nuwara Eliya Main Warehouse
2022-05-29,OP,72.9,7205.5,0,2970.57,0,5,6,149,2,1,Nuwara Eliya Main Warehouse
2022-05-30,BOP,322.6,18047.9,0,1928.69,1,5,0,150,2,0,Nuwara Eliya Main Warehouse
2022-05-30,BOPF,314.5,14993.4,0,1762.05,1,5,0,150,2,0,Nuwara Eliya Main Warehouse
2022-05-30,DUST,256.9,12929.7,0,1690.21,1,5,0,150,2,0,Nuwara Eliya Main Warehouse
2022-05-30,FNGS,192.1,9486.7,0,1439.55,1,5,0,150,2,0,Nuwara Eliya Main Warehouse
2022-05-30,OP,127.0,7189.7,0,3028.29,1,5,0,150,2,0,Nuwara Eliya Main Warehouse
2022-05-31,BOP,363.7,18110.4,0,1881.13,0,5,1,151,2,0,Nuwara Eliya Main Warehouse
2022-05-31,BOPF,325.4,15074.7,0,1740.49,0,5,1,151,2,0,Nuwara Eliya Main Warehouse
2022-05-31,DUST,244.2,12908.1,0,1677.37,0,5,1,151,2,0,Nuwara Eliya Main Warehouse
2022-05-31,FNGS,182.3,9477.9,0,1459.07,0,5,1,151,2,0,Nuwara Eliya Main Warehouse
2022-05-31,OP,116.4,7190.3,0,2932.19,0,5,1,151,2,0,Nuwara Eliya Main Warehouse
2022-06-01,BOP,351.9,18095.6,0,1938.12,1,6,2,152,2,0,Nuwara Eliya Main Warehouse
2022-06-01,BOPF,297.7,15055.2,0,1671.52,1,6,2,152,2,0,Nuwara Eliya Main Warehouse
2022-06-01,DUST,254.9,12883.4,0,1586.67,1,6,2,152,2,0,Nuwara Eliya Main Warehouse
2022-06-01,FNGS,188.1,9469.5,0,1370.02,1,6,2,152,2,0,Nuwara Eliya Main Warehouse
2022-06-01,OP,121.1,7179.2,0,2858.98,1,6,2,152,2,0,Nuwara Eliya Main Warehouse
2022-06-02,BOP,316.7,18152.7,0,1864.01,0,6,3,153,2,0,Nuwara Eliya Main Warehouse
2022-06-02,BOPF,310.2,15041.6,0,1663.5,0,6,3,153,2,0,Nuwara Eliya Main Warehouse
2022-06-02,DUST,256.4,12865.9,0,1585.2,0,6,3,153,2,0,Nuwara Eliya Main Warehouse
2022-06-02,FNGS,187.9,9444.2,0,1509.74,0,6,3,153,2,0,Nuwara Eliya Main Warehouse
2022-06-02,OP,132.3,7171.6,0,2897.21,0,6,3,153,2,0,Nuwara Eliya Main Warehouse
2022-06-03,BOP,301.7,18167.5,0,1858.08,1,6,4,154,2,0,Nuwara Eliya Main Warehouse
2022-06-03,BOPF,294.1,15075.5,0,1600.15,1,6,4,154,2,0,Nuwara Eliya Main Warehouse
2022-06-03,DUST,245.5,12904.4,0,1561.58,1,6,4,154,2,0,Nuwara Eliya Main Warehouse
2022-06-03,FNGS,156.2,9439.9,0,1470.43,1,6,4,154,2,0,Nuwara Eliya Main Warehouse
2022-06-03,OP,114.8,7182.7,0,2810.05,1,6,4,154,2,0,Nuwara Eliya Main Warehouse
2022-06-04,BOP,233.8,18139.7,0,1925.74,0,6,5,155,2,1,Nuwara Eliya Main Warehouse
2022-06-04,BOPF,204.4,15123.7,0,1780.43,0,6,5,155,2,1,Nuwara Eliya Main Warehouse
2022-06-04,DUST,164.1,12899.2,0,1579.55,0,6,5,155,2,1,Nuwara Eliya Main Warehouse
2022-06-04,FNGS,142.0,9460.9,0,1500.29,0,6,5,155,2,1,Nuwara Eliya Main Warehouse
2022-06-04,OP,93.7,7171.2,0,2967.36,0,6,5,155,2,1,Nuwara Eliya Main Warehouse
2022-06-05,BOP,138.9,18122.1,0,1828.23,0,6,6,156,2,1,Nuwara Eliya Main Warehouse
2022-06-05,BOPF,157.3,15157.8,0,1704.39,0,6,6,156,2,1,Nuwara Eliya Main Warehouse
2022-06-05,DUST,133.8,12880.2,0,1551.62,0,6,6,156,2,1,Nuwara Eliya Main Warehouse
2022-06-05,FNGS,85.9,9449.6,0,1520.98,0,6,6,156,2,1,Nuwara Eliya Main Warehouse
2022-06-05,OP,74.8,7173.9,0,2733.45,0,6,6,156,2,1,Nuwara Eliya Main Warehouse
2022-06-06,BOP,340.9,18116.5,0,1801.45,1,6,0,157,2,0,Nuwara Eliya Main Warehouse
2022-06-06,BOPF,292.2,15172.7,0,1657.81,1,6,0,157,2,0,Nuwara Eliya Main Warehouse
2022-06-06,DUST,233.8,12933.5,0,1628.99,1,6,0,157,2,0,Nuwara Eliya Main Warehouse
2022-06-06,FNGS,177.5,9438.6,0,1422.23,1,6,0,157,2,0,Nuwara Eliya Main Warehouse
2022-06-06,OP,119.8,7185.1,0,2992.75,1,6,0,157,2,0,Nuwara Eliya Main Warehouse
2022-06-07,BOP,333.4,18171.2,0,1950.19,0,6,1,158,2,0,Nuwara Eliya Main Warehouse
2022-06-07,BOPF,313.4,15225.4,0,1746.38,0,6,1,158,2,0,Nuwara Eliya Main Warehouse
2022-06-07,DUST,242.2,12913.6,0,1541.46,0,6,1,158,2,0,Nuwara Eliya Main Warehouse
2022-06-07,FNGS,182.7,9462.8,0,1348.68,0,6,1,158,2,0,Nuwara Eliya Main Warehouse
2022-06-07,OP,145.8,7187.8,0,3003.09,0,6,1,158,2,0,Nuwara Eliya Main Warehouse
2022-06-08,BOP,350.3,18217.8,0,1978.97,1,6,2,159,2,0,Nuwara Eliya Main Warehouse
2022-06-08,BOPF,290.4,15197.6,0,1634.68,1,6,2,159,2,0,Nuwara Eliya Main Warehouse
2022-06-08,DUST,235.1,12879.2,0,1637.35,1,6,2,159,2,0,Nuwara Eliya Main Warehouse
2022-06-08,FNGS,208.7,9496.8,0,1501.69,1,6,2,159,2,0,Nuwara Eliya Main Warehouse
2022-06-08,OP,125.2,7170.0,0,2660.91,1,6,2,159,2,0,Nuwara Eliya Main Warehouse
2022-06-09,BOP,317.9,18270.4,0,1894.98,0,6,3,160,2,0,Nuwara Eliya Main Warehouse
2022-06-09,BOPF,285.8,15266.5,0,1701.84,0,6,3,160,2,0,Nuwara Eliya Main Warehouse
2022-06-09,DUST,242.4,12865.8,0,1638.6,0,6,3,160,2,0,Nuwara Eliya Main Warehouse
2022-06-09,FNGS,191.3,9503.0,0,1441.62,0,6,3,160,2,0,Nuwara Eliya Main Warehouse
2022-06-09,OP,115.3,7198.2,0,3014.41,0,6,3,160,2,0,Nuwara Eliya Main Warehouse
2022-06-10,BOP,262.4,18285.3,0,1883.95,1,6,4,161,2,0,Nuwara Eliya Main Warehouse
2022-06-10,BOPF,266.9,15329.4,0,1673.8,1,6,4,161,2,0,Nuwara Eliya Main Warehouse
2022-06-10,DUST,251.4,12851.8,0,1532.26,1,6,4,161,2,0,Nuwara Eliya Main Warehouse
2022-06-10,FNGS,155.0,9523.0,0,1406.15,1,6,4,161,2,0,Nuwara Eliya Main Warehouse
2022-06-10,OP,104.1,7197.8,0,2993.79,1,6,4,161,2,0,Nuwara Eliya Main Warehouse
2022-06-11,BOP,185.4,18290.2,0,1976.97,0,6,5,162,2,1,Nuwara Eliya Main Warehouse
2022-06-11,BOPF,181.0,15314.1,0,1713.35,0,6,5,162,2,1,Nuwara Eliya Main Warehouse
2022-06-11,DUST,155.5,12854.7,0,1681.69,0,6,5,162,2,1,Nuwara Eliya Main Warehouse
2022-06-11,FNGS,131.7,9523.7,0,1478.05,0,6,5,162,2,1,Nuwara Eliya Main Warehouse
2022-06-11,OP,62.0,7207.9,0,2883.34,0,6,5,162,2,1,Nuwara Eliya Main Warehouse
2022-06-12,BOP,169.3,18274.8,0,1857.72,0,6,6,163,2,1,Nuwara Eliya Main Warehouse
2022-06-12,BOPF,140.5,15309.8,0,1679.34,0,6,6,163,2,1,Nuwara Eliya Main Warehouse
2022-06-12,DUST,130.2,12883.1,0,1633.62,0,6,6,163,2,1,Nuwara Eliya Main Warehouse
2022-06-12,FNGS,94.6,9515.5,0,1557.42,0,6,6,163,2,1,Nuwara Eliya Main Warehouse
2022-06-12,OP,71.5,7206.4,0,2807.79,0,6,6,163,2,1,Nuwara Eliya Main Warehouse
2022-06-13,BOP,333.1,18268.5,0,1845.76,1,6,0,164,2,0,Nuwara Eliya Main Warehouse
2022-06-13,BOPF,286.4,15278.3,0,1612.03,1,6,0,164,2,0,Nuwara Eliya Main Warehouse
2022-06-13,DUST,252.7,12934.1,0,1644.71,1,6,0,164,2,0,Nuwara Eliya Main Warehouse
2022-06-13,FNGS,184.9,9517.3,0,1449.48,1,6,0,164,2,0,Nuwara Eliya Main Warehouse
2022-06-13,OP,131.1,7211.7,0,2837.74,1,6,0,164,2,0,Nuwara Eliya Main Warehouse
2022-06-14,BOP,326.4,18276.2,0,1960.84,0,6,1,165,2,0,Nuwara Eliya Main Warehouse
2022-06-14,BOPF,319.4,15265.2,0,1686.34,0,6,1,165,2,0,Nuwara Eliya Main Warehouse
2022-06-14,DUST,240.7,12941.9,0,1574.68,0,6,1,165,2,0,Nuwara Eliya Main Warehouse
2022-06-14,FNGS,187.1,9532.6,0,1494.1,0,6,1,165,2,0,Nuwara Eliya Main Warehouse
2022-06-14,OP,118.0,7212.3,0,2844.6,0,6,1,165,2,0,Nuwara Eliya Main Warehouse
2022-06-15,BOP,349.4,18236.2,0,1922.2,1,6,2,166,2,0,Nuwara Eliya Main Warehouse
2022-06-15,BOPF,275.2,15313.7,0,1733.76,1,6,2,166,2,0,Nuwara Eliya Main Warehouse
2022-06-15,DUST,245.1,12945.5,0,1639.01,1,6,2,166,2,0,Nuwara Eliya Main Warehouse
2022-06-15,FNGS,178.9,9573.6,0,1412.78,1,6,2,166,2,0,Nuwara Eliya Main Warehouse
2022-06-15,OP,121.0,7210.8,0,3019.07,1,6,2,166,2,0,Nuwara Eliya Main Warehouse
2022-06-16,BOP,298.6,18217.8,0,1980.94,0,6,3,167,2,0,Nuwara Eliya Main Warehouse
2022-06-16,BOPF,301.1,15314.1,0,1681.48,0,6,3,167,2,0,Nuwara Eliya Main Warehouse
2022-06-16,DUST,255.3,12963.8,0,1662.56,0,6,3,167,2,0,Nuwara Eliya Main Warehouse
2022-06-16,FNGS,186.8,9550.7,0,1383.52,0,6,3,167,2,0,Nuwara Eliya Main Warehouse
2022-06-16,OP,120.6,7193.7,0,2871.0,0,6,3,167,2,0,Nuwara Eliya Main Warehouse
2022-06-17,BOP,293.8,18244.0,0,1803.19,1,6,4,168,2,0,Nuwara Eliya Main Warehouse
2022-06-17,BOPF,270.7,15283.1,0,1720.69,1,6,4,168,2,0,Nuwara Eliya Main Warehouse
2022-06-17,DUST,225.8,12952.0,0,1605.71,1,6,4,168,2,0,Nuwara Eliya Main Warehouse
2022-06-17,FNGS,157.2,9559.0,0,1492.85,1,6,4,168,2,0,Nuwara Eliya Main Warehouse
2022-06-17,OP,99.6,7193.1,0,2984.98,1,6,4,168,2,0,Nuwara Eliya Main Warehouse
2022-06-18,BOP,191.6,18271.6,0,1844.37,0,6,5,169,2,1,Nuwara Eliya Main Warehouse
2022-06-18,BOPF,200.4,15280.4,0,1632.33,0,6,5,169,2,1,Nuwara Eliya Main Warehouse
2022-06-18,DUST,130.7,12935.1,0,1703.5,0,6,5,169,2,1,Nuwara Eliya Main Warehouse
2022-06-18,FNGS,137.5,9556.5,0,1477.5,0,6,5,169,2,1,Nuwara Eliya Main Warehouse
2022-06-18,OP,63.6,7206.2,0,2898.71,0,6,5,169,2,1,Nuwara Eliya Main Warehouse
2022-06-19,BOP,154.2,18310.1,0,1923.04,0,6,6,170,2,1,Nuwara Eliya Main Warehouse
2022-06-19,BOPF,131.4,15312.3,0,1681.98,0,6,6,170,2,1,Nuwara Eliya Main Warehouse
2022-06-19,DUST,131.8,12964.8,0,1612.58,0,6,6,170,2,1,Nuwara Eliya Main Warehouse
2022-06-19,FNGS,76.9,9560.6,0,1435.11,0,6,6,170,2,1,Nuwara Eliya Main Warehouse
2022-06-19,OP,56.5,7213.3,0,2913.96,0,6,6,170,2,1,Nuwara Eliya Main Warehouse
2022-06-20,BOP,327.5,18383.2,0,1945.56,1,6,0,171,2,0,Nuwara Eliya Main Warehouse
2022-06-20,BOPF,256.4,15338.4,0,1653.03,1,6,0,171,2,0,Nuwara Eliya Main Warehouse
2022-06-20,DUST,235.1,12947.1,0,1663.69,1,6,0,171,2,0,Nuwara Eliya Main Warehouse
2022-06-20,FNGS,197.1,9532.9,0,1526.43,1,6,0,171,2,0,Nuwara Eliya Main Warehouse
2022-06-20,OP,115.6,7202.7,0,2777.55,1,6,0,171,2,0,Nuwara Eliya Main Warehouse
2022-06-21,BOP,325.9,18418.1,0,1969.52,0,6,1,172,2,0,Nuwara Eliya Main Warehouse
2022-06-21,BOPF,308.1,15343.5,0,1719.8,0,6,1,172,2,0,Nuwara Eliya Main Warehouse
2022-06-21,DUST,247.4,12929.6,0,1624.38,0,6,1,172,2,0,Nuwara Eliya Main Warehouse
2022-06-21,FNGS,188.1,9528.3,0,1380.77,0,6,1,172,2,0,Nuwara Eliya Main Warehouse
2022-06-21,OP,120.9,7213.2,0,2813.39,0,6,1,172,2,0,Nuwara Eliya Main Warehouse
2022-06-22,BOP,328.5,18424.2,0,1932.35,1,6,2,173,2,0,Nuwara Eliya Main Warehouse
2022-06-22,BOPF,296.1,15318.8,0,1685.15,1,6,2,173,2,0,Nuwara Eliya Main Warehouse
2022-06-22,DUST,255.8,12939.6,0,1638.09,1,6,2,173,2,0,Nuwara Eliya Main Warehouse
2022-06-22,FNGS,188.8,9561.9,0,1403.31,1,6,2,173,2,0,Nuwara Eliya Main Warehouse
2022-06-22,OP,122.8,7238.6,0,3018.57,1,6,2,173,2,0,Nuwara Eliya Main Warehouse
2022-06-23,BOP,348.7,18460.6,0,1931.92,0,6,3,174,2,0,Nuwara Eliya Main Warehouse
2022-06-23,BOPF,304.1,15393.1,0,1717.27,0,6,3,174,2,0,Nuwara Eliya Main Warehouse
2022-06-23,DUST,267.0,12952.1,0,1533.26,0,6,3,174,2,0,Nuwara Eliya Main Warehouse
2022-06-23,FNGS,190.9,9575.5,0,1432.28,0,6,3,174,2,0,Nuwara Eliya Main Warehouse
2022-06-23,OP,129.0,7255.4,0,2897.08,0,6,3,174,2,0,Nuwara Eliya Main Warehouse
2022-06-24,BOP,283.1,18507.1,0,1901.31,1,6,4,175,2,0,Nuwara Eliya Main Warehouse
2022-06-24,BOPF,244.6,15436.8,0,1736.72,1,6,4,175,2,0,Nuwara Eliya Main Warehouse
2022-06-24,DUST,215.8,12921.3,0,1628.35,1,6,4,175,2,0,Nuwara Eliya Main Warehouse
2022-06-24,FNGS,155.2,9580.2,0,1440.21,1,6,4,175,2,0,Nuwara Eliya Main Warehouse
2022-06-24,OP,103.2,7246.0,0,2935.62,1,6,4,175,2,0,Nuwara Eliya Main Warehouse
2022-06-25,BOP,230.2,18483.4,0,2011.35,0,6,5,176,2,1,Nuwara Eliya Main Warehouse
2022-06-25,BOPF,199.1,15429.3,0,1717.58,0,6,5,176,2,1,Nuwara Eliya Main Warehouse
2022-06-25,DUST,175.6,12905.3,0,1577.03,0,6,5,176,2,1,Nuwara Eliya Main Warehouse
2022-06-25,FNGS,126.3,9575.7,0,1516.83,0,6,5,176,2,1,Nuwara Eliya Main Warehouse
2022-06-25,OP,76.5,7261.1,0,3062.3,0,6,5,176,2,1,Nuwara Eliya Main Warehouse
2022-06-26,BOP,144.4,18485.5,0,1861.97,0,6,6,177,2,1,Nuwara Eliya Main Warehouse
2022-06-26,BOPF,162.0,15409.6,0,1697.36,0,6,6,177,2,1,Nuwara Eliya Main Warehouse
2022-06-26,DUST,101.8,12905.5,0,1571.96,0,6,6,177,2,1,Nuwara Eliya Main Warehouse
2022-06-26,FNGS,60.7,9573.8,0,1457.45,0,6,6,177,2,1,Nuwara Eliya Main Warehouse
2022-06-26,OP,62.5,7259.3,0,2900.05,0,6,6,177,2,1,Nuwara Eliya Main Warehouse
2022-06-27,BOP,336.3,18548.0,0,1943.25,1,6,0,178,2,0,Nuwara Eliya Main Warehouse
2022-06-27,BOPF,282.7,15373.6,0,1635.69,1,6,0,178,2,0,Nuwara Eliya Main Warehouse
2022-06-27,DUST,244.4,12935.7,0,1692.53,1,6,0,178,2,0,Nuwara Eliya Main Warehouse
2022-06-27,FNGS,172.1,9574.4,0,1447.38,1,6,0,178,2,0,Nuwara Eliya Main Warehouse
2022-06-27,OP,121.2,7263.1,0,2895.5,1,6,0,178,2,0,Nuwara Eliya Main Warehouse
2022-06-28,BOP,369.8,18549.3,0,1868.64,0,6,1,179,2,0,Nuwara Eliya Main Warehouse
2022-06-28,BOPF,305.3,15342.5,0,1684.19,0,6,1,179,2,0,Nuwara Eliya Main Warehouse
2022-06-28,DUST,246.8,12921.2,0,1601.61,0,6,1,179,2,0,Nuwara Eliya Main Warehouse
2022-06-28,FNGS,178.9,9607.4,0,1402.25,0,6,1,179,2,0,Nuwara Eliya Main Warehouse
2022-06-28,OP,118.8,7270.3,0,3012.49,0,6,1,179,2,0,Nuwara Eliya Main Warehouse
2022-06-29,BOP,288.3,18572.0,0,1953.27,1,6,2,180,2,0,Nuwara Eliya Main Warehouse
2022-06-29,BOPF,299.2,15367.1,0,1658.54,1,6,2,180,2,0,Nuwara Eliya Main Warehouse
2022-06-29,DUST,253.9,12926.1,0,1565.01,1,6,2,180,2,0,Nuwara Eliya Main Warehouse
2022-06-29,FNGS,171.8,9648.1,0,1501.33,1,6,2,180,2,0,Nuwara Eliya Main Warehouse
2022-06-29,OP,121.5,7293.4,0,2912.42,1,6,2,180,2,0,Nuwara Eliya Main Warehouse
2022-06-30,BOP,314.1,18598.7,0,1866.17,0,6,3,181,2,0,Nuwara Eliya Main Warehouse
2022-06-30,BOPF,273.4,15427.7,0,1667.84,0,6,3,181,2,0,Nuwara Eliya Main Warehouse
2022-06-30,DUST,240.8,12943.6,0,1595.07,0,6,3,181,2,0,Nuwara Eliya Main Warehouse
2022-06-30,FNGS,179.5,9652.6,0,1408.06,0,6,3,181,2,0,Nuwara Eliya Main Warehouse
2022-06-30,OP,122.4,7320.6,0,2938.47,0,6,3,181,2,0,Nuwara Eliya Main Warehouse
2022-07-01,BOP,305.4,18575.5,0,1965.15,1,7,4,182,3,0,Nuwara Eliya Main Warehouse
2022-07-01,BOPF,265.5,15440.6,0,1666.48,1,7,4,182,3,0,Nuwara Eliya Main Warehouse
2022-07-01,DUST,199.4,12984.6,0,1551.42,1,7,4,182,3,0,Nuwara Eliya Main Warehouse
2022-07-01,FNGS,166.2,9653.8,0,1402.36,1,7,4,182,3,0,Nuwara Eliya Main Warehouse
2022-07-01,OP,97.2,7342.2,0,2995.53,1,7,4,182,3,0,Nuwara Eliya Main Warehouse
2022-07-02,BOP,210.5,18574.4,0,1930.22,0,7,5,183,3,1,Nuwara Eliya Main Warehouse
2022-07-02,BOPF,213.9,15480.6,0,1637.18,0,7,5,183,3,1,Nuwara Eliya Main Warehouse
2022-07-02,DUST,146.1,12981.7,0,1678.68,0,7,5,183,3,1,Nuwara Eliya Main Warehouse
2022-07-02,FNGS,124.7,9677.4,0,1439.19,0,7,5,183,3,1,Nuwara Eliya Main Warehouse
2022-07-02,OP,84.5,7329.8,0,2912.01,0,7,5,183,3,1,Nuwara Eliya Main Warehouse
2022-07-03,BOP,173.7,18571.6,0,2020.96,0,7,6,184,3,1,Nuwara Eliya Main Warehouse
2022-07-03,BOPF,145.1,15484.7,0,1589.79,0,7,6,184,3,1,Nuwara Eliya Main Warehouse
2022-07-03,DUST,99.3,12972.1,0,1579.76,0,7,6,184,3,1,Nuwara Eliya Main Warehouse
2022-07-03,FNGS,92.9,9679.3,0,1462.96,0,7,6,184,3,1,Nuwara Eliya Main Warehouse
2022-07-03,OP,67.9,7344.6,0,2978.36,0,7,6,184,3,1,Nuwara Eliya Main Warehouse
2022-07-04,BOP,315.1,18527.6,0,1908.67,1,7,0,185,3,0,Nuwara Eliya Main Warehouse
2022-07-04,BOPF,260.4,15519.5,0,1652.57,1,7,0,185,3,0,Nuwara Eliya Main Warehouse
2022-07-04,DUST,224.3,12982.4,0,1636.84,1,7,0,185,3,0,Nuwara Eliya Main Warehouse
2022-07-04,FNGS,173.2,9691.6,0,1425.96,1,7,0,185,3,0,Nuwara Eliya Main Warehouse
2022-07-04,OP,112.5,7330.2,0,2902.68,1,7,0,185,3,0,Nuwara Eliya Main Warehouse
2022-07-05,BOP,344.6,18479.3,0,1947.99,0,7,1,186,3,0,Nuwara Eliya Main Warehouse
2022-07-05,BOPF,287.5,15560.5,0,1694.55,0,7,1,186,3,0,Nuwara Eliya Main Warehouse
2022-07-05,DUST,262.2,13021.4,0,1675.4,0,7,1,186,3,0,Nuwara Eliya Main Warehouse
2022-07-05,FNGS,193.5,9680.4,0,1486.0,0,7,1,186,3,0,Nuwara Eliya Main Warehouse
2022-07-05,OP,125.2,7324.7,0,2995.03,0,7,1,186,3,0,Nuwara Eliya Main Warehouse
2022-07-06,BOP,333.7,18540.2,0,1881.27,1,7,2,187,3,0,Nuwara Eliya Main Warehouse
2022-07-06,BOPF,263.8,15539.3,0,1619.75,1,7,2,187,3,0,Nuwara Eliya Main Warehouse
2022-07-06,DUST,247.0,12995.2,0,1589.2,1,7,2,187,3,0,Nuwara Eliya Main Warehouse
2022-07-06,FNGS,187.5,9708.0,0,1444.52,1,7,2,187,3,0,Nuwara Eliya Main Warehouse
2022-07-06,OP,126.2,7331.8,0,2948.21,1,7,2,187,3,0,Nuwara Eliya Main Warehouse
2022-07-07,BOP,352.9,18525.8,0,1908.7,0,7,3,188,3,0,Nuwara Eliya Main Warehouse
2022-07-07,BOPF,310.0,15537.6,0,1686.15,0,7,3,188,3,0,Nuwara Eliya Main Warehouse
2022-07-07,DUST,249.4,13000.1,0,1637.31,0,7,3,188,3,0,Nuwara Eliya Main Warehouse
2022-07-07,FNGS,192.8,9720.1,0,1500.73,0,7,3,188,3,0,Nuwara Eliya Main Warehouse
2022-07-07,OP,115.4,7336.7,0,2894.09,0,7,3,188,3,0,Nuwara Eliya Main Warehouse
2022-07-08,BOP,300.4,18543.0,0,1930.68,1,7,4,189,3,0,Nuwara Eliya Main Warehouse
2022-07-08,BOPF,270.5,15566.0,0,1777.86,1,7,4,189,3,0,Nuwara Eliya Main Warehouse
2022-07-08,DUST,246.0,12965.0,0,1564.78,1,7,4,189,3,0,Nuwara Eliya Main Warehouse
2022-07-08,FNGS,171.5,9749.9,0,1477.83,1,7,4,189,3,0,Nuwara Eliya Main Warehouse
2022-07-08,OP,109.8,7346.7,0,2919.47,1,7,4,189,3,0,Nuwara Eliya Main Warehouse
2022-07-09,BOP,222.3,18536.2,0,1840.19,0,7,5,190,3,1,Nuwara Eliya Main Warehouse
2022-07-09,BOPF,179.5,15544.1,0,1735.35,0,7,5,190,3,1,Nuwara Eliya Main Warehouse
2022-07-09,DUST,155.9,12943.7,0,1726.52,0,7,5,190,3,1,Nuwara Eliya Main Warehouse
2022-07-09,FNGS,118.7,9769.2,0,1531.96,0,7,5,190,3,1,Nuwara Eliya Main Warehouse
2022-07-09,OP,77.8,7350.0,0,2708.11,0,7,5,190,3,1,Nuwara Eliya Main Warehouse
2022-07-10,BOP,160.1,18572.5,0,1846.4,0,7,6,191,3,1,Nuwara Eliya Main Warehouse
2022-07-10,BOPF,122.4,15543.5,0,1765.62,0,7,6,191,3,1,Nuwara Eliya Main Warehouse
2022-07-10,DUST,133.5,12949.5,0,1656.45,0,7,6,191,3,1,Nuwara Eliya Main Warehouse
2022-07-10,FNGS,81.9,9763.9,0,1438.25,0,7,6,191,3,1,Nuwara Eliya Main Warehouse
2022-07-10,OP,48.3,7360.8,0,3013.92,0,7,6,191,3,1,Nuwara Eliya Main Warehouse
2022-07-11,BOP,319.0,18557.7,0,1958.51,1,7,0,192,3,0,Nuwara Eliya Main Warehouse
2022-07-11,BOPF,272.5,15560.9,0,1704.87,1,7,0,192,3,0,Nuwara Eliya Main Warehouse
2022-07-11,DUST,245.0,12941.9,0,1604.06,1,7,0,192,3,0,Nuwara Eliya Main Warehouse
2022-07-11,FNGS,174.8,9787.8,0,1492.37,1,7,0,192,3,0,Nuwara Eliya Main Warehouse
2022-07-11,OP,122.4,7354.2,0,2808.45,1,7,0,192,3,0,Nuwara Eliya Main Warehouse
2022-07-12,BOP,336.3,18565.0,0,1917.25,0,7,1,193,3,0,Nuwara Eliya Main Warehouse
2022-07-12,BOPF,290.1,15633.0,0,1742.73,0,7,1,193,3,0,Nuwara Eliya Main Warehouse
2022-07-12,DUST,296.7,12997.7,0,1577.2,0,7,1,193,3,0,Nuwara Eliya Main Warehouse
2022-07-12,FNGS,185.2,9819.3,0,1381.98,0,7,1,193,3,0,Nuwara Eliya Main Warehouse
2022-07-12,OP,117.4,7349.5,0,2824.24,0,7,1,193,3,0,Nuwara Eliya Main Warehouse
2022-07-13,BOP,346.1,18634.0,0,1892.58,1,7,2,194,3,0,Nuwara Eliya Main Warehouse
2022-07-13,BOPF,297.3,15644.8,0,1650.92,1,7,2,194,3,0,Nuwara Eliya Main Warehouse
2022-07-13,DUST,209.0,13016.7,0,1607.95,1,7,2,194,3,0,Nuwara Eliya Main Warehouse
2022-07-13,FNGS,184.4,9817.1,0,1578.58,1,7,2,194,3,0,Nuwara Eliya Main Warehouse
2022-07-13,OP,130.0,7377.9,0,2877.46,1,7,2,194,3,0,Nuwara Eliya Main Warehouse
2022-07-14,BOP,324.4,18694.5,0,1884.72,0,7,3,195,3,0,Nuwara Eliya Main Warehouse
2022-07-14,BOPF,291.5,15696.2,0,1654.91,0,7,3,195,3,0,Nuwara Eliya Main Warehouse
2022-07-14,DUST,237.6,13024.2,0,1597.55,0,7,3,195,3,0,Nuwara Eliya Main Warehouse
2022-07-14,FNGS,187.4,9801.9,0,1490.57,0,7,3,195,3,0,Nuwara Eliya Main Warehouse
2022-07-14,OP,116.3,7364.0,0,2763.85,0,7,3,195,3,0,Nuwara Eliya Main Warehouse
2022-07-15,BOP,303.2,18671.6,0,1886.99,1,7,4,196,3,0,Nuwara Eliya Main Warehouse
2022-07-15,BOPF,282.3,15702.7,0,1553.22,1,7,4,196,3,0,Nuwara Eliya Main Warehouse
2022-07-15,DUST,231.3,13027.3,0,1704.29,1,7,4,196,3,0,Nuwara Eliya Main Warehouse
2022-07-15,FNGS,172.8,9776.2,0,1444.89,1,7,4,196,3,0,Nuwara Eliya Main Warehouse
2022-07-15,OP,107.1,7374.0,0,2953.94,1,7,4,196,3,0,Nuwara Eliya Main Warehouse
2022-07-16,BOP,257.8,18715.7,0,1932.14,0,7,5,197,3,1,Nuwara Eliya Main Warehouse
2022-07-16,BOPF,178.4,15732.8,0,1744.11,0,7,5,197,3,1,Nuwara Eliya Main Warehouse
2022-07-16,DUST,151.4,13034.7,0,1556.6,0,7,5,197,3,1,Nuwara Eliya Main Warehouse
2022-07-16,FNGS,119.8,9779.8,0,1446.55,0,7,5,197,3,1,Nuwara Eliya Main Warehouse
2022-07-16,OP,88.5,7384.9,0,2945.19,0,7,5,197,3,1,Nuwara Eliya Main Warehouse
2022-07-17,BOP,187.0,18722.0,0,1950.73,0,7,6,198,3,1,Nuwara Eliya Main Warehouse
2022-07-17,BOPF,123.1,15743.6,0,1761.44,0,7,6,198,3,1,Nuwara Eliya Main Warehouse
2022-07-17,DUST,134.7,13016.6,0,1619.97,0,7,6,198,3,1,Nuwara Eliya Main Warehouse
2022-07-17,FNGS,93.9,9779.0,0,1447.16,0,7,6,198,3,1,Nuwara Eliya Main Warehouse
2022-07-17,OP,64.5,7388.3,0,2874.2,0,7,6,198,3,1,Nuwara Eliya Main Warehouse
2022-07-18,BOP,324.4,18736.0,0,1810.05,1,7,0,199,3,0,Nuwara Eliya Main Warehouse
2022-07-18,BOPF,269.4,15798.7,0,1659.81,1,7,0,199,3,0,Nuwara Eliya Main Warehouse
2022-07-18,DUST,246.0,13067.6,0,1612.96,1,7,0,199,3,0,Nuwara Eliya Main Warehouse
2022-07-18,FNGS,185.6,9792.4,0,1534.92,1,7,0,199,3,0,Nuwara Eliya Main Warehouse
2022-07-18,OP,113.5,7402.8,0,2858.32,1,7,0,199,3,0,Nuwara Eliya Main Warehouse
2022-07-19,BOP,370.1,18700.2,0,2004.71,0,7,1,200,3,0,Nuwara Eliya Main Warehouse
2022-07-19,BOPF,302.8,15803.1,0,1674.47,0,7,1,200,3,0,Nuwara Eliya Main Warehouse
2022-07-19,DUST,271.7,13135.3,0,1608.47,0,7,1,200,3,0,Nuwara Eliya Main Warehouse
2022-07-19,FNGS,187.9,9778.3,0,1495.48,0,7,1,200,3,0,Nuwara Eliya Main Warehouse
2022-07-19,OP,120.3,7393.0,0,2857.24,0,7,1,200,3,0,Nuwara Eliya Main Warehouse
2022-07-20,BOP,333.2,18661.0,0,2000.9,1,7,2,201,3,0,Nuwara Eliya Main Warehouse
2022-07-20,BOPF,285.7,15829.3,0,1650.29,1,7,2,201,3,0,Nuwara Eliya Main Warehouse
2022-07-20,DUST,238.5,13116.9,0,1608.99,1,7,2,201,3,0,Nuwara Eliya Main Warehouse
2022-07-20,FNGS,180.2,9813.2,0,1439.22,1,7,2,201,3,0,Nuwara Eliya Main Warehouse
2022-07-20,OP,121.2,7416.2,0,2967.33,1,7,2,201,3,0,Nuwara Eliya Main Warehouse
2022-07-21,BOP,295.9,18702.7,0,1797.22,0,7,3,202,3,0,Nuwara Eliya Main Warehouse
2022-07-21,BOPF,287.8,15858.7,0,1705.65,0,7,3,202,3,0,Nuwara Eliya Main Warehouse
2022-07-21,DUST,252.9,13091.1,0,1608.76,0,7,3,202,3,0,Nuwara Eliya Main Warehouse
2022-07-21,FNGS,168.0,9805.4,0,1405.91,0,7,3,202,3,0,Nuwara Eliya Main Warehouse
2022-07-21,OP,126.4,7404.3,0,2782.02,0,7,3,202,3,0,Nuwara Eliya Main Warehouse
2022-07-22,BOP,280.9,18716.4,0,1986.97,1,7,4,203,3,0,Nuwara Eliya Main Warehouse
2022-07-22,BOPF,254.7,15863.0,0,1741.84,1,7,4,203,3,0,Nuwara Eliya Main Warehouse
2022-07-22,DUST,231.1,13069.7,0,1654.86,1,7,4,203,3,0,Nuwara Eliya Main Warehouse
2022-07-22,FNGS,160.0,9795.9,0,1508.28,1,7,4,203,3,0,Nuwara Eliya Main Warehouse
2022-07-22,OP,113.3,7405.5,0,2881.74,1,7,4,203,3,0,Nuwara Eliya Main Warehouse
2022-07-23,BOP,184.7,18721.0,0,1985.41,0,7,5,204,3,1,Nuwara Eliya Main Warehouse
2022-07-23,BOPF,209.3,15843.7,0,1602.59,0,7,5,204,3,1,Nuwara Eliya Main Warehouse
2022-07-23,DUST,166.7,13088.8,0,1642.7,0,7,5,204,3,1,Nuwara Eliya Main Warehouse
2022-07-23,FNGS,128.0,9801.3,0,1493.37,0,7,5,204,3,1,Nuwara Eliya Main Warehouse
2022-07-23,OP,75.0,7396.5,0,2787.83,0,7,5,204,3,1,Nuwara Eliya Main Warehouse
2022-07-24,BOP,166.3,18744.5,0,1927.0,0,7,6,205,3,1,Nuwara Eliya Main Warehouse
2022-07-24,BOPF,141.2,15827.8,0,1707.3,0,7,6,205,3,1,Nuwara Eliya Main Warehouse
2022-07-24,DUST,131.3,13103.8,0,1633.97,0,7,6,205,3,1,Nuwara Eliya Main Warehouse
2022-07-24,FNGS,88.7,9805.7,0,1487.92,0,7,6,205,3,1,Nuwara Eliya Main Warehouse
2022-07-24,OP,55.0,7400.2,0,2981.08,0,7,6,205,3,1,Nuwara Eliya Main Warehouse
2022-07-25,BOP,333.8,18796.7,0,1855.12,1,7,0,206,3,0,Nuwara Eliya Main Warehouse
2022-07-25,BOPF,285.2,15786.9,0,1674.08,1,7,0,206,3,0,Nuwara Eliya Main Warehouse
2022-07-25,DUST,266.9,13154.3,0,1473.53,1,7,0,206,3,0,Nuwara Eliya Main Warehouse
2022-07-25,FNGS,184.1,9793.9,0,1454.84,1,7,0,206,3,0,Nuwara Eliya Main Warehouse
2022-07-25,OP,125.8,7415.0,0,2888.47,1,7,0,206,3,0,Nuwara Eliya Main Warehouse
2022-07-26,BOP,382.0,18763.7,0,1983.59,0,7,1,207,3,0,Nuwara Eliya Main Warehouse
2022-07-26,BOPF,317.9,15850.3,0,1693.15,0,7,1,207,3,0,Nuwara Eliya Main Warehouse
2022-07-26,DUST,237.8,13190.2,0,1628.66,0,7,1,207,3,0,Nuwara Eliya Main Warehouse
2022-07-26,FNGS,201.1,9785.6,0,1445.87,0,7,1,207,3,0,Nuwara Eliya Main Warehouse
2022-07-26,OP,128.9,7444.2,0,2962.84,0,7,1,207,3,0,Nuwara Eliya Main Warehouse
2022-07-27,BOP,350.1,18796.6,0,1913.99,1,7,2,208,3,0,Nuwara Eliya Main Warehouse
2022-07-27,BOPF,291.2,15834.1,0,1710.07,1,7,2,208,3,0,Nuwara Eliya Main Warehouse
2022-07-27,DUST,259.3,13197.9,0,1537.85,1,7,2,208,3,0,Nuwara Eliya Main Warehouse
2022-07-27,FNGS,198.5,9769.3,0,1529.34,1,7,2,208,3,0,Nuwara Eliya Main Warehouse
2022-07-27,OP,143.7,7465.2,0,3022.08,1,7,2,208,3,0,Nuwara Eliya Main Warehouse
2022-07-28,BOP,333.6,18764.6,0,1957.98,0,7,3,209,3,0,Nuwara Eliya Main Warehouse
2022-07-28,BOPF,302.6,15814.4,0,1678.73,0,7,3,209,3,0,Nuwara Eliya Main Warehouse
2022-07-28,DUST,235.7,13220.3,0,1645.0,0,7,3,209,3,0,Nuwara Eliya Main Warehouse
2022-07-28,FNGS,178.0,9793.7,0,1533.35,0,7,3,209,3,0,Nuwara Eliya Main Warehouse
2022-07-28,OP,126.4,7473.6,0,3023.7,0,7,3,209,3,0,Nuwara Eliya Main Warehouse
2022-07-29,BOP,318.9,18812.6,0,2050.82,1,7,4,210,3,0,Nuwara Eliya Main Warehouse
2022-07-29,BOPF,270.6,15853.4,0,1682.96,1,7,4,210,3,0,Nuwara Eliya Main Warehouse
2022-07-29,DUST,238.0,13250.2,0,1683.62,1,7,4,210,3,0,Nuwara Eliya Main Warehouse
2022-07-29,FNGS,181.0,9822.3,0,1485.65,1,7,4,210,3,0,Nuwara Eliya Main Warehouse
2022-07-29,OP,126.3,7501.8,0,2831.67,1,7,4,210,3,0,Nuwara Eliya Main Warehouse
2022-07-30,BOP,180.9,18833.0,0,1941.76,0,7,5,211,3,1,Nuwara Eliya Main Warehouse
2022-07-30,BOPF,197.8,15849.1,0,1677.72,0,7,5,211,3,1,Nuwara Eliya Main Warehouse
2022-07-30,DUST,155.4,13258.7,0,1572.1,0,7,5,211,3,1,Nuwara Eliya Main Warehouse
2022-07-30,FNGS,137.7,9827.2,0,1499.6,0,7,5,211,3,1,Nuwara Eliya Main Warehouse
2022-07-30,OP,75.2,7504.9,0,2943.73,0,7,5,211,3,1,Nuwara Eliya Main Warehouse
2022-07-31,BOP,180.3,18875.0,0,1877.04,0,7,6,212,3,1,Nuwara Eliya Main Warehouse
2022-07-31,BOPF,134.7,15856.1,0,1735.39,0,7,6,212,3,1,Nuwara Eliya Main Warehouse
2022-07-31,DUST,96.2,13262.6,0,1603.11,0,7,6,212,3,1,Nuwara Eliya Main Warehouse
2022-07-31,FNGS,86.7,9838.9,0,1468.89,0,7,6,212,3,1,Nuwara Eliya Main Warehouse
2022-07-31,OP,54.6,7508.9,0,3012.13,0,7,6,212,3,1,Nuwara Eliya Main Warehouse
2022-08-01,BOP,376.5,18828.9,0,1909.43,1,8,0,213,3,0,Nuwara Eliya Main Warehouse
2022-08-01,BOPF,337.2,15827.5,0,1708.71,1,8,0,213,3,0,Nuwara Eliya Main Warehouse
2022-08-01,DUST,282.7,13293.1,0,1587.53,1,8,0,213,3,0,Nuwara Eliya Main Warehouse
2022-08-01,FNGS,194.8,9867.0,0,1401.53,1,8,0,213,3,0,Nuwara Eliya Main Warehouse
2022-08-01,OP,127.8,7520.2,0,2976.65,1,8,0,213,3,0,Nuwara Eliya Main Warehouse
2022-08-02,BOP,349.7,18784.4,0,1884.38,0,8,1,214,3,0,Nuwara Eliya Main Warehouse
2022-08-02,BOPF,368.2,15913.6,0,1699.19,0,8,1,214,3,0,Nuwara Eliya Main Warehouse
2022-08-02,DUST,279.9,13313.6,0,1672.96,0,8,1,214,3,0,Nuwara Eliya Main Warehouse
2022-08-02,FNGS,225.9,9845.6,0,1418.02,0,8,1,214,3,0,Nuwara Eliya Main Warehouse
2022-08-02,OP,150.8,7522.3,0,2985.16,0,8,1,214,3,0,Nuwara Eliya Main Warehouse
2022-08-03,BOP,394.0,18769.8,0,1952.39,1,8,2,215,3,0,Nuwara Eliya Main Warehouse
2022-08-03,BOPF,325.8,15975.7,0,1626.82,1,8,2,215,3,0,Nuwara Eliya Main Warehouse
2022-08-03,DUST,284.4,13344.2,0,1620.05,1,8,2,215,3,0,Nuwara Eliya Main Warehouse
2022-08-03,FNGS,208.1,9894.9,0,1507.42,1,8,2,215,3,0,Nuwara Eliya Main Warehouse
2022-08-03,OP,152.8,7550.7,0,2768.75,1,8,2,215,3,0,Nuwara Eliya Main Warehouse
2022-08-04,BOP,372.5,18752.9,0,1883.73,0,8,3,216,3,0,Nuwara Eliya Main Warehouse
2022-08-04,BOPF,302.8,16034.9,0,1670.31,0,8,3,216,3,0,Nuwara Eliya Main Warehouse
2022-08-04,DUST,295.4,13372.3,0,1696.11,0,8,3,216,3,0,Nuwara Eliya Main Warehouse
2022-08-04,FNGS,182.5,9927.4,0,1512.87,0,8,3,216,3,0,Nuwara Eliya Main Warehouse
2022-08-04,OP,132.4,7540.6,0,2975.97,0,8,3,216,3,0,Nuwara Eliya Main Warehouse
2022-08-05,BOP,323.1,18736.4,0,1902.36,1,8,4,217,3,0,Nuwara Eliya Main Warehouse
2022-08-05,BOPF,290.4,16038.6,0,1732.5,1,8,4,217,3,0,Nuwara Eliya Main Warehouse
2022-08-05,DUST,254.1,13407.3,0,1635.09,1,8,4,217,3,0,Nuwara Eliya Main Warehouse
2022-08-05,FNGS,171.8,9915.7,0,1503.75,1,8,4,217,3,0,Nuwara Eliya Main Warehouse
2022-08-05,OP,121.9,7549.4,0,2852.36,1,8,4,217,3,0,Nuwara Eliya Main Warehouse
2022-08-06,BOP,263.6,18792.4,0,1857.45,0,8,5,218,3,1,Nuwara Eliya Main Warehouse
2022-08-06,BOPF,236.9,16075.3,0,1690.78,0,8,5,218,3,1,Nuwara Eliya Main Warehouse
2022-08-06,DUST,191.5,13427.8,0,1627.24,0,8,5,218,3,1,Nuwara Eliya Main Warehouse
2022-08-06,FNGS,139.5,9905.2,0,1474.12,0,8,5,218,3,1,Nuwara Eliya Main Warehouse
2022-08-06,OP,87.0,7561.5,0,2975.0,0,8,5,218,3,1,Nuwara Eliya Main Warehouse
2022-08-07,BOP,247.3,18780.0,0,1921.54,0,8,6,219,3,1,Nuwara Eliya Main Warehouse
2022-08-07,BOPF,168.2,16059.8,0,1721.12,0,8,6,219,3,1,Nuwara Eliya Main Warehouse
2022-08-07,DUST,152.6,13436.6,0,1619.25,0,8,6,219,3,1,Nuwara Eliya Main Warehouse
2022-08-07,FNGS,103.0,9894.9,0,1505.52,0,8,6,219,3,1,Nuwara Eliya Main Warehouse
2022-08-07,OP,64.7,7575.2,0,2973.37,0,8,6,219,3,1,Nuwara Eliya Main Warehouse
2022-08-08,BOP,367.5,18764.8,0,1938.82,1,8,0,220,3,0,Nuwara Eliya Main Warehouse
2022-08-08,BOPF,316.6,16013.4,0,1775.04,1,8,0,220,3,0,Nuwara Eliya Main Warehouse
2022-08-08,DUST,257.1,13468.2,0,1654.23,1,8,0,220,3,0,Nuwara Eliya Main Warehouse
2022-08-08,FNGS,201.3,9875.8,0,1457.35,1,8,0,220,3,0,Nuwara Eliya Main Warehouse
2022-08-08,OP,143.1,7604.3,0,2969.13,1,8,0,220,3,0,Nuwara Eliya Main Warehouse
2022-08-09,BOP,385.0,18824.0,0,1780.14,0,8,1,221,3,0,Nuwara Eliya Main Warehouse
2022-08-09,BOPF,338.8,15965.2,0,1739.78,0,8,1,221,3,0,Nuwara Eliya Main Warehouse
2022-08-09,DUST,282.7,13476.6,0,1535.5,0,8,1,221,3,0,Nuwara Eliya Main Warehouse
2022-08-09,FNGS,215.4,9908.0,0,1485.99,0,8,1,221,3,0,Nuwara Eliya Main Warehouse
2022-08-09,OP,145.8,7612.1,0,2910.49,0,8,1,221,3,0,Nuwara Eliya Main Warehouse
2022-08-10,BOP,365.3,18834.9,0,1943.68,1,8,2,222,3,0,Nuwara Eliya Main Warehouse
2022-08-10,BOPF,347.9,15994.7,0,1693.95,1,8,2,222,3,0,Nuwara Eliya Main Warehouse
2022-08-10,DUST,309.7,13460.1,0,1620.39,1,8,2,222,3,0,Nuwara Eliya Main Warehouse
2022-08-10,FNGS,227.4,9916.6,0,1451.4,1,8,2,222,3,0,Nuwara Eliya Main Warehouse
2022-08-10,OP,142.1,7627.3,0,3030.54,1,8,2,222,3,0,Nuwara Eliya Main Warehouse
2022-08-11,BOP,351.6,18891.4,0,1926.87,0,8,3,223,3,0,Nuwara Eliya Main Warehouse
2022-08-11,BOPF,335.3,16005.5,0,1664.7,0,8,3,223,3,0,Nuwara Eliya Main Warehouse
2022-08-11,DUST,271.3,13419.5,0,1613.28,0,8,3,223,3,0,Nuwara Eliya Main Warehouse
2022-08-11,FNGS,205.1,9950.1,0,1415.71,0,8,3,223,3,0,Nuwara Eliya Main Warehouse
2022-08-11,OP,129.7,7628.3,0,2963.06,0,8,3,223,3,0,Nuwara Eliya Main Warehouse
2022-08-12,BOP,348.9,18848.2,0,1887.09,1,8,4,224,3,0,Nuwara Eliya Main Warehouse
2022-08-12,BOPF,305.4,16022.9,0,1565.55,1,8,4,224,3,0,Nuwara Eliya Main Warehouse
2022-08-12,DUST,248.2,13437.9,0,1650.38,1,8,4,224,3,0,Nuwara Eliya Main Warehouse
2022-08-12,FNGS,200.2,9979.8,0,1496.51,1,8,4,224,3,0,Nuwara Eliya Main Warehouse
2022-08-12,OP,138.6,7633.5,0,2947.4,1,8,4,224,3,0,Nuwara Eliya Main Warehouse
2022-08-13,BOP,236.6,18858.9,0,2042.27,0,8,5,225,3,1,Nuwara Eliya Main Warehouse
2022-08-13,BOPF,214.7,15991.4,0,1681.59,0,8,5,225,3,1,Nuwara Eliya Main Warehouse
2022-08-13,DUST,208.7,13455.9,0,1608.03,0,8,5,225,3,1,Nuwara Eliya Main Warehouse
2022-08-13,FNGS,159.2,9994.4,0,1513.86,0,8,5,225,3,1,Nuwara Eliya Main Warehouse
2022-08-13,OP,93.3,7653.3,0,2842.11,0,8,5,225,3,1,Nuwara Eliya Main Warehouse
2022-08-14,BOP,206.6,18830.7,0,1983.01,0,8,6,226,3,1,Nuwara Eliya Main Warehouse
2022-08-14,BOPF,186.8,15994.9,0,1674.05,0,8,6,226,3,1,Nuwara Eliya Main Warehouse
2022-08-14,DUST,132.6,13487.6,0,1568.57,0,8,6,226,3,1,Nuwara Eliya Main Warehouse
2022-08-14,FNGS,132.4,10010.9,0,1564.31,0,8,6,226,3,1,Nuwara Eliya Main Warehouse
2022-08-14,OP,82.9,7671.8,0,2954.08,0,8,6,226,3,1,Nuwara Eliya Main Warehouse
2022-08-15,BOP,356.2,18786.2,0,1869.1,1,8,0,227,3,0,Nuwara Eliya Main Warehouse
2022-08-15,BOPF,308.0,16037.2,0,1708.98,1,8,0,227,3,0,Nuwara Eliya Main Warehouse
2022-08-15,DUST,283.8,13486.0,0,1617.33,1,8,0,227,3,0,Nuwara Eliya Main Warehouse
2022-08-15,FNGS,210.1,9980.9,0,1471.59,1,8,0,227,3,0,Nuwara Eliya Main Warehouse
2022-08-15,OP,128.7,7698.5,0,3087.22,1,8,0,227,3,0,Nuwara Eliya Main Warehouse
2022-08-16,BOP,390.7,18869.2,0,1976.61,0,8,1,228,3,0,Nuwara Eliya Main Warehouse
2022-08-16,BOPF,348.4,16046.6,0,1682.65,0,8,1,228,3,0,Nuwara Eliya Main Warehouse
2022-08-16,DUST,264.1,13488.0,0,1566.75,0,8,1,228,3,0,Nuwara Eliya Main Warehouse
2022-08-16,FNGS,194.9,9976.0,0,1416.6,0,8,1,228,3,0,Nuwara Eliya Main Warehouse
2022-08-16,OP,143.9,7684.9,0,2804.44,0,8,1,228,3,0,Nuwara Eliya Main Warehouse
2022-08-17,BOP,381.6,18833.2,0,1999.29,1,8,2,229,3,0,Nuwara Eliya Main Warehouse
2022-08-17,BOPF,348.1,16096.4,0,1674.68,1,8,2,229,3,0,Nuwara Eliya Main Warehouse
2022-08-17,DUST,288.0,13468.1,0,1527.69,1,8,2,229,3,0,Nuwara Eliya Main Warehouse
2022-08-17,FNGS,217.6,9998.9,0,1446.91,1,8,2,229,3,0,Nuwara Eliya Main Warehouse
2022-08-17,OP,145.0,7712.5,0,2982.75,1,8,2,229,3,0,Nuwara Eliya Main Warehouse
2022-08-18,BOP,388.7,18857.7,0,1937.69,0,8,3,230,3,0,Nuwara Eliya Main Warehouse
2022-08-18,BOPF,332.5,16077.5,0,1603.89,0,8,3,230,3,0,Nuwara Eliya Main Warehouse
2022-08-18,DUST,277.2,13434.3,0,1651.14,0,8,3,230,3,0,Nuwara Eliya Main Warehouse
2022-08-18,FNGS,220.3,9966.7,0,1455.1,0,8,3,230,3,0,Nuwara Eliya Main Warehouse
2022-08-18,OP,142.9,7745.3,0,2993.55,0,8,3,230,3,0,Nuwara Eliya Main Warehouse
2022-08-19,BOP,323.9,18862.4,0,1950.55,1,8,4,231,3,0,Nuwara Eliya Main Warehouse
2022-08-19,BOPF,286.2,16127.7,0,1644.8,1,8,4,231,3,0,Nuwara Eliya Main Warehouse
2022-08-19,DUST,259.9,13475.7,0,1644.37,1,8,4,231,3,0,Nuwara Eliya Main Warehouse
2022-08-19,FNGS,188.4,9940.9,0,1467.15,1,8,4,231,3,0,Nuwara Eliya Main Warehouse
2022-08-19,OP,128.5,7744.5,0,3066.77,1,8,4,231,3,0,Nuwara Eliya Main Warehouse
2022-08-20,BOP,248.5,18859.6,0,1949.41,0,8,5,232,3,1,Nuwara Eliya Main Warehouse
2022-08-20,BOPF,219.0,16146.4,0,1713.77,0,8,5,232,3,1,Nuwara Eliya Main Warehouse
2022-08-20,DUST,176.5,13466.8,0,1639.27,0,8,5,232,3,1,Nuwara Eliya Main Warehouse
2022-08-20,FNGS,163.1,9972.0,0,1480.79,0,8,5,232,3,1,Nuwara Eliya Main Warehouse
2022-08-20,OP,100.9,7750.3,0,2983.0,0,8,5,232,3,1,Nuwara Eliya Main Warehouse
2022-08-21,BOP,186.8,18898.9,0,1815.0,0,8,6,233,3,1,Nuwara Eliya Main Warehouse
2022-08-21,BOPF,210.7,16132.5,0,1774.12,0,8,6,233,3,1,Nuwara Eliya Main Warehouse
2022-08-21,DUST,147.4,13480.6,0,1678.25,0,8,6,233,3,1,Nuwara Eliya Main Warehouse
2022-08-21,FNGS,126.5,9987.6,0,1476.36,0,8,6,233,3,1,Nuwara Eliya Main Warehouse
2022-08-21,OP,71.1,7761.8,0,2923.13,0,8,6,233,3,1,Nuwara Eliya Main Warehouse
2022-08-22,BOP,357.1,18848.4,0,1920.53,1,8,0,234,3,0,Nuwara Eliya Main Warehouse
2022-08-22,BOPF,314.4,16115.1,0,1686.1,1,8,0,234,3,0,Nuwara Eliya Main Warehouse
2022-08-22,DUST,284.6,13516.2,0,1586.86,1,8,0,234,3,0,Nuwara Eliya Main Warehouse
2022-08-22,FNGS,213.2,9978.3,0,1493.86,1,8,0,234,3,0,Nuwara Eliya Main Warehouse
2022-08-22,OP,140.6,7772.4,0,2957.94,1,8,0,234,3,0,Nuwara Eliya Main Warehouse
2022-08-23,BOP,388.7,18893.3,0,1917.78,0,8,1,235,3,0,Nuwara Eliya Main Warehouse
2022-08-23,BOPF,351.9,16150.7,0,1706.89,0,8,1,235,3,0,Nuwara Eliya Main Warehouse
2022-08-23,DUST,279.6,13527.0,0,1551.35,0,8,1,235,3,0,Nuwara Eliya Main Warehouse
2022-08-23,FNGS,227.7,10006.8,0,1469.62,0,8,1,235,3,0,Nuwara Eliya Main Warehouse
2022-08-23,OP,145.9,7808.5,0,2900.13,0,8,1,235,3,0,Nuwara Eliya Main Warehouse
2022-08-24,BOP,389.5,18985.0,0,2010.54,1,8,2,236,3,0,Nuwara Eliya Main Warehouse
2022-08-24,BOPF,334.2,16211.6,0,1737.37,1,8,2,236,3,0,Nuwara Eliya Main Warehouse
2022-08-24,DUST,292.9,13585.7,0,1614.75,1,8,2,236,3,0,Nuwara Eliya Main Warehouse
2022-08-24,FNGS,215.9,10042.8,0,1367.96,1,8,2,236,3,0,Nuwara Eliya Main Warehouse
2022-08-24,OP,144.2,7813.1,0,3025.27,1,8,2,236,3,0,Nuwara Eliya Main Warehouse
2022-08-25,BOP,350.8,19011.0,0,1949.83,0,8,3,237,3,0,Nuwara Eliya Main Warehouse
2022-08-25,BOPF,317.2,16216.7,0,1651.79,0,8,3,237,3,0,Nuwara Eliya Main Warehouse
2022-08-25,DUST,280.1,13593.4,0,1601.96,0,8,3,237,3,0,Nuwara Eliya Main Warehouse
2022-08-25,FNGS,181.6,10037.9,0,1471.07,0,8,3,237,3,0,Nuwara Eliya Main Warehouse
2022-08-25,OP,140.5,7832.2,0,2792.94,0,8,3,237,3,0,Nuwara Eliya Main Warehouse
2022-08-26,BOP,349.8,19089.6,0,1914.92,1,8,4,238,3,0,Nuwara Eliya Main Warehouse
2022-08-26,BOPF,269.2,16204.1,0,1709.14,1,8,4,238,3,0,Nuwara Eliya Main Warehouse
2022-08-26,DUST,244.1,13584.7,0,1579.07,1,8,4,238,3,0,Nuwara Eliya Main Warehouse
2022-08-26,FNGS,183.1,10013.1,0,1465.27,1,8,4,238,3,0,Nuwara Eliya Main Warehouse
2022-08-26,OP,117.4,7851.8,0,2882.28,1,8,4,238,3,0,Nuwara Eliya Main Warehouse
2022-08-27,BOP,278.9,19053.6,0,1926.57,0,8,5,239,3,1,Nuwara Eliya Main Warehouse
2022-08-27,BOPF,225.1,16248.4,0,1655.45,0,8,5,239,3,1,Nuwara Eliya Main Warehouse
2022-08-27,DUST,185.7,13623.4,0,1614.63,0,8,5,239,3,1,Nuwara Eliya Main Warehouse
2022-08-27,FNGS,156.3,10047.9,0,1484.84,0,8,5,239,3,1,Nuwara Eliya Main Warehouse
2022-08-27,OP,86.9,7855.9,0,2960.94,0,8,5,239,3,1,Nuwara Eliya Main Warehouse
2022-08-28,BOP,212.6,19057.3,0,1988.51,0,8,6,240,3,1,Nuwara Eliya Main Warehouse
2022-08-28,BOPF,180.9,16269.7,0,1733.58,0,8,6,240,3,1,Nuwara Eliya Main Warehouse
2022-08-28,DUST,154.1,13653.3,0,1590.02,0,8,6,240,3,1,Nuwara Eliya Main Warehouse
2022-08-28,FNGS,107.4,10046.7,0,1446.65,0,8,6,240,3,1,Nuwara Eliya Main Warehouse
2022-08-28,OP,62.2,7867.9,0,3022.03,0,8,6,240,3,1,Nuwara Eliya Main Warehouse
2022-08-29,BOP,400.5,19038.9,0,1921.6,1,8,0,241,3,0,Nuwara Eliya Main Warehouse
2022-08-29,BOPF,349.5,16280.0,0,1699.03,1,8,0,241,3,0,Nuwara Eliya Main Warehouse
2022-08-29,DUST,270.6,13630.5,0,1533.2,1,8,0,241,3,0,Nuwara Eliya Main Warehouse
2022-08-29,FNGS,203.4,10024.8,0,1471.33,1,8,0,241,3,0,Nuwara Eliya Main Warehouse
2022-08-29,OP,143.7,7877.7,0,2922.72,1,8,0,241,3,0,Nuwara Eliya Main Warehouse
2022-08-30,BOP,365.3,19090.9,0,1893.23,0,8,1,242,3,0,Nuwara Eliya Main Warehouse
2022-08-30,BOPF,318.4,16294.3,0,1706.29,0,8,1,242,3,0,Nuwara Eliya Main Warehouse
2022-08-30,DUST,296.0,13589.2,0,1598.17,0,8,1,242,3,0,Nuwara Eliya Main Warehouse
2022-08-30,FNGS,203.2,10034.3,0,1485.4,0,8,1,242,3,0,Nuwara Eliya Main Warehouse
2022-08-30,OP,149.5,7879.9,0,2858.36,0,8,1,242,3,0,Nuwara Eliya Main Warehouse
2022-08-31,BOP,349.5,19175.6,0,1916.82,1,8,2,243,3,0,Nuwara Eliya Main Warehouse
2022-08-31,BOPF,365.5,16269.4,0,1653.87,1,8,2,243,3,0,Nuwara Eliya Main Warehouse
2022-08-31,DUST,275.0,13557.8,0,1565.96,1,8,2,243,3,0,Nuwara Eliya Main Warehouse
2022-08-31,FNGS,229.8,10070.5,0,1455.42,1,8,2,243,3,0,Nuwara Eliya Main Warehouse
2022-08-31,OP,146.9,7864.2,0,2906.57,1,8,2,243,3,0,Nuwara Eliya Main Warehouse
2022-09-01,BOP,332.5,19159.9,0,1984.46,0,9,3,244,3,0,Nuwara Eliya Main Warehouse
2022-09-01,BOPF,327.3,16302.3,0,1726.39,0,9,3,244,3,0,Nuwara Eliya Main Warehouse
2022-09-01,DUST,267.0,13548.4,0,1629.69,0,9,3,244,3,0,Nuwara Eliya Main Warehouse
2022-09-01,FNGS,224.8,10056.7,0,1490.63,0,9,3,244,3,0,Nuwara Eliya Main Warehouse
2022-09-01,OP,140.2,7865.3,0,2893.67,0,9,3,244,3,0,Nuwara Eliya Main Warehouse
2022-09-02,BOP,359.8,19200.1,0,1959.92,1,9,4,245,3,0,Nuwara Eliya Main Warehouse
2022-09-02,BOPF,296.1,16300.4,0,1793.46,1,9,4,245,3,0,Nuwara Eliya Main Warehouse
2022-09-02,DUST,261.5,13610.9,0,1588.52,1,9,4,245,3,0,Nuwara Eliya Main Warehouse
2022-09-02,FNGS,176.9,10049.2,0,1465.29,1,9,4,245,3,0,Nuwara Eliya Main Warehouse
2022-09-02,OP,109.1,7880.9,0,2897.73,1,9,4,245,3,0,Nuwara Eliya Main Warehouse
2022-09-03,BOP,263.3,19181.4,0,1934.98,0,9,5,246,3,1,Nuwara Eliya Main Warehouse
2022-09-03,BOPF,209.4,16352.4,0,1643.28,0,9,5,246,3,1,Nuwara Eliya Main Warehouse
2022-09-03,DUST,182.0,13624.2,0,1670.83,0,9,5,246,3,1,Nuwara Eliya Main Warehouse
2022-09-03,FNGS,142.6,10041.7,0,1469.03,0,9,5,246,3,1,Nuwara Eliya Main Warehouse
2022-09-03,OP,86.6,7899.8,0,2888.34,0,9,5,246,3,1,Nuwara Eliya Main Warehouse
2022-09-04,BOP,201.2,19196.8,0,1943.29,0,9,6,247,3,1,Nuwara Eliya Main Warehouse
2022-09-04,BOPF,182.2,16360.1,0,1675.87,0,9,6,247,3,1,Nuwara Eliya Main Warehouse
2022-09-04,DUST,143.8,13624.1,0,1693.83,0,9,6,247,3,1,Nuwara Eliya Main Warehouse
2022-09-04,FNGS,106.2,10067.9,0,1339.8,0,9,6,247,3,1,Nuwara Eliya Main Warehouse
2022-09-04,OP,76.8,7896.1,0,2888.59,0,9,6,247,3,1,Nuwara Eliya Main Warehouse
2022-09-05,BOP,367.2,19209.8,0,1901.73,1,9,0,248,3,0,Nuwara Eliya Main Warehouse
2022-09-05,BOPF,324.4,16374.5,0,1703.76,1,9,0,248,3,0,Nuwara Eliya Main Warehouse
2022-09-05,DUST,235.3,13672.5,0,1650.96,1,9,0,248,3,0,Nuwara Eliya Main Warehouse
2022-09-05,FNGS,209.7,10053.0,0,1414.61,1,9,0,248,3,0,Nuwara Eliya Main Warehouse
2022-09-05,OP,136.0,7895.0,0,2781.17,1,9,0,248,3,0,Nuwara Eliya Main Warehouse
2022-09-06,BOP,355.8,19294.8,0,1922.16,0,9,1,249,3,0,Nuwara Eliya Main Warehouse
2022-09-06,BOPF,345.8,16400.9,0,1730.84,0,9,1,249,3,0,Nuwara Eliya Main Warehouse
2022-09-06,DUST,267.7,13680.8,0,1547.36,0,9,1,249,3,0,Nuwara Eliya Main Warehouse
2022-09-06,FNGS,217.1,10070.4,0,1414.83,0,9,1,249,3,0,Nuwara Eliya Main Warehouse
2022-09-06,OP,139.0,7882.7,0,2950.73,0,9,1,249,3,0,Nuwara Eliya Main Warehouse
2022-09-07,BOP,417.4,19333.8,0,1896.25,1,9,2,250,3,0,Nuwara Eliya Main Warehouse
2022-09-07,BOPF,307.5,16467.5,0,1665.54,1,9,2,250,3,0,Nuwara Eliya Main Warehouse
2022-09-07,DUST,265.3,13674.5,0,1689.59,1,9,2,250,3,0,Nuwara Eliya Main Warehouse
2022-09-07,FNGS,216.3,10118.0,0,1471.95,1,9,2,250,3,0,Nuwara Eliya Main Warehouse
2022-09-07,OP,140.3,7900.4,0,2982.4,1,9,2,250,3,0,Nuwara Eliya Main Warehouse
2022-09-08,BOP,366.0,19330.0,0,1916.84,0,9,3,251,3,0,Nuwara Eliya Main Warehouse
2022-09-08,BOPF,341.4,16525.6,0,1555.17,0,9,3,251,3,0,Nuwara Eliya Main Warehouse
2022-09-08,DUST,264.2,13734.3,0,1692.98,0,9,3,251,3,0,Nuwara Eliya Main Warehouse
2022-09-08,FNGS,206.9,10099.1,0,1516.37,0,9,3,251,3,0,Nuwara Eliya Main Warehouse
2022-09-08,OP,134.8,7932.0,0,3051.79,0,9,3,251,3,0,Nuwara Eliya Main Warehouse
2022-09-09,BOP,329.9,19295.6,0,2008.05,1,9,4,252,3,0,Nuwara Eliya Main Warehouse
2022-09-09,BOPF,292.5,16534.5,0,1759.03,1,9,4,252,3,0,Nuwara Eliya Main Warehouse
2022-09-09,DUST,234.6,13778.9,0,1620.69,1,9,4,252,3,0,Nuwara Eliya Main Warehouse
2022-09-09,FNGS,214.7,10150.3,0,1458.09,1,9,4,252,3,0,Nuwara Eliya Main Warehouse
2022-09-09,OP,121.8,7944.9,0,2998.4,1,9,4,252,3,0,Nuwara Eliya Main Warehouse
2022-09-10,BOP,261.2,19272.2,0,1873.65,0,9,5,253,3,1,Nuwara Eliya Main Warehouse
2022-09-10,BOPF,226.1,16565.6,0,1730.05,0,9,5,253,3,1,Nuwara Eliya Main Warehouse
2022-09-10,DUST,198.6,13816.1,0,1681.45,0,9,5,253,3,1,Nuwara Eliya Main Warehouse
2022-09-10,FNGS,126.3,10179.2,0,1498.79,0,9,5,253,3,1,Nuwara Eliya Main Warehouse
2022-09-10,OP,85.7,7953.2,0,2994.32,0,9,5,253,3,1,Nuwara Eliya Main Warehouse
2022-09-11,BOP,207.9,19259.8,0,1895.38,0,9,6,254,3,1,Nuwara Eliya Main Warehouse
2022-09-11,BOPF,169.5,16580.0,0,1608.5,0,9,6,254,3,1,Nuwara Eliya Main Warehouse
2022-09-11,DUST,136.7,13823.6,0,1594.39,0,9,6,254,3,1,Nuwara Eliya Main Warehouse
2022-09-11,FNGS,91.3,10197.8,0,1490.5,0,9,6,254,3,1,Nuwara Eliya Main Warehouse
2022-09-11,OP,78.7,7958.8,0,2951.4,0,9,6,254,3,1,Nuwara Eliya Main Warehouse
2022-09-12,BOP,362.3,19241.8,0,1864.13,1,9,0,255,3,0,Nuwara Eliya Main Warehouse
2022-09-12,BOPF,297.0,16593.9,0,1663.8,1,9,0,255,3,0,Nuwara Eliya Main Warehouse
2022-09-12,DUST,257.1,13866.2,0,1533.38,1,9,0,255,3,0,Nuwara Eliya Main Warehouse
2022-09-12,FNGS,194.9,10185.3,0,1469.25,1,9,0,255,3,0,Nuwara Eliya Main Warehouse
2022-09-12,OP,127.9,7944.2,0,2778.69,1,9,0,255,3,0,Nuwara Eliya Main Warehouse
2022-09-13,BOP,358.2,19310.0,0,1852.24,0,9,1,256,3,0,Nuwara Eliya Main Warehouse
2022-09-13,BOPF,327.2,16570.0,0,1769.66,0,9,1,256,3,0,Nuwara Eliya Main Warehouse
2022-09-13,DUST,280.8,13844.2,0,1584.92,0,9,1,256,3,0,Nuwara Eliya Main Warehouse
2022-09-13,FNGS,190.5,10205.1,0,1487.58,0,9,1,256,3,0,Nuwara Eliya Main Warehouse
2022-09-13,OP,126.8,7962.2,0,2950.48,0,9,1,256,3,0,Nuwara Eliya Main Warehouse
2022-09-14,BOP,375.4,19337.9,0,1923.65,1,9,2,257,3,0,Nuwara Eliya Main Warehouse
2022-09-14,BOPF,322.8,16581.5,0,1763.93,1,9,2,257,3,0,Nuwara Eliya Main Warehouse
2022-09-14,DUST,257.2,13864.6,0,1700.8,1,9,2,257,3,0,Nuwara Eliya Main Warehouse
2022-09-14,FNGS,187.1,10233.9,0,1473.91,1,9,2,257,3,0,Nuwara Eliya Main Warehouse
2022-09-14,OP,127.7,7973.8,0,2936.59,1,9,2,257,3,0,Nuwara Eliya Main Warehouse
2022-09-15,BOP,395.4,19361.4,0,1899.87,0,9,3,258,3,0,Nuwara Eliya Main Warehouse
2022-09-15,BOPF,290.1,16566.5,0,1739.3,0,9,3,258,3,0,Nuwara Eliya Main Warehouse
2022-09-15,DUST,290.1,13935.3,0,1551.17,0,9,3,258,3,0,Nuwara Eliya Main Warehouse
2022-09-15,FNGS,188.1,10279.9,0,1457.7,0,9,3,258,3,0,Nuwara Eliya Main Warehouse
2022-09-15,OP,127.7,7988.4,0,3013.87,0,9,3,258,3,0,Nuwara Eliya Main Warehouse
2022-09-16,BOP,349.2,19325.0,0,2032.06,1,9,4,259,3,0,Nuwara Eliya Main Warehouse
2022-09-16,BOPF,295.2,16630.2,0,1685.24,1,9,4,259,3,0,Nuwara Eliya Main Warehouse
2022-09-16,DUST,252.0,13926.8,0,1620.59,1,9,4,259,3,0,Nuwara Eliya Main Warehouse
2022-09-16,FNGS,168.4,10266.8,0,1480.21,1,9,4,259,3,0,Nuwara Eliya Main Warehouse
2022-09-16,OP,123.4,8014.2,0,2975.23,1,9,4,259,3,0,Nuwara Eliya Main Warehouse
2022-09-17,BOP,273.2,19378.1,0,1918.72,0,9,5,260,3,1,Nuwara Eliya Main Warehouse
2022-09-17,BOPF,227.9,16626.6,0,1697.95,0,9,5,260,3,1,Nuwara Eliya Main Warehouse
2022-09-17,DUST,163.0,13954.2,0,1622.32,0,9,5,260,3,1,Nuwara Eliya Main Warehouse
2022-09-17,FNGS,122.3,10285.9,0,1524.64,0,9,5,260,3,1,Nuwara Eliya Main Warehouse
2022-09-17,OP,85.2,8028.2,0,2916.86,0,9,5,260,3,1,Nuwara Eliya Main Warehouse
2022-09-18,BOP,184.1,19403.7,0,2006.11,0,9,6,261,3,1,Nuwara Eliya Main Warehouse
2022-09-18,BOPF,156.2,16662.7,0,1687.68,0,9,6,261,3,1,Nuwara Eliya Main Warehouse
2022-09-18,DUST,157.6,13961.4,0,1596.99,0,9,6,261,3,1,Nuwara Eliya Main Warehouse
2022-09-18,FNGS,110.5,10284.3,0,1483.84,0,9,6,261,3,1,Nuwara Eliya Main Warehouse
2022-09-18,OP,65.4,8038.8,0,3092.46,0,9,6,261,3,1,Nuwara Eliya Main Warehouse
2022-09-19,BOP,334.2,19362.6,0,1988.41,1,9,0,262,3,0,Nuwara Eliya Main Warehouse
2022-09-19,BOPF,290.5,16681.0,0,1748.99,1,9,0,262,3,0,Nuwara Eliya Main Warehouse
2022-09-19,DUST,279.9,13923.9,0,1600.33,1,9,0,262,3,0,Nuwara Eliya Main Warehouse
2022-09-19,FNGS,188.7,10269.3,0,1473.24,1,9,0,262,3,0,Nuwara Eliya Main Warehouse
2022-09-19,OP,117.0,8064.6,0,2999.45,1,9,0,262,3,0,Nuwara Eliya Main Warehouse
2022-09-20,BOP,366.0,19411.3,0,1923.23,0,9,1,263,3,0,Nuwara Eliya Main Warehouse
2022-09-20,BOPF,315.9,16713.5,0,1651.71,0,9,1,263,3,0,Nuwara Eliya Main Warehouse
2022-09-20,DUST,257.1,13963.8,0,1624.43,0,9,1,263,3,0,Nuwara Eliya Main Warehouse
2022-09-20,FNGS,200.4,10273.0,0,1427.34,0,9,1,263,3,0,Nuwara Eliya Main Warehouse
2022-09-20,OP,136.9,8098.3,0,2956.93,0,9,1,263,3,0,Nuwara Eliya Main Warehouse
2022-09-21,BOP,362.3,19435.7,0,2052.07,1,9,2,264,3,0,Nuwara Eliya Main Warehouse
2022-09-21,BOPF,315.0,16734.6,0,1655.23,1,9,2,264,3,0,Nuwara Eliya Main Warehouse
2022-09-21,DUST,251.2,13943.1,0,1595.04,1,9,2,264,3,0,Nuwara Eliya Main Warehouse
2022-09-21,FNGS,207.7,10307.8,0,1523.76,1,9,2,264,3,0,Nuwara Eliya Main Warehouse
2022-09-21,OP,123.3,8108.5,0,2966.83,1,9,2,264,3,0,Nuwara Eliya Main Warehouse
2022-09-22,BOP,375.1,19391.7,0,1950.0,0,9,3,265,3,0,Nuwara Eliya Main Warehouse
2022-09-22,BOPF,303.8,16704.8,0,1743.61,0,9,3,265,3,0,Nuwara Eliya Main Warehouse
2022-09-22,DUST,253.6,13969.1,0,1555.17,0,9,3,265,3,0,Nuwara Eliya Main Warehouse
2022-09-22,FNGS,185.3,10314.5,0,1405.3,0,9,3,265,3,0,Nuwara Eliya Main Warehouse
2022-09-22,OP,124.1,8095.3,0,2933.93,0,9,3,265,3,0,Nuwara Eliya Main Warehouse
2022-09-23,BOP,285.6,19401.3,0,2019.2,1,9,4,266,3,0,Nuwara Eliya Main Warehouse
2022-09-23,BOPF,275.6,16704.9,0,1692.48,1,9,4,266,3,0,Nuwara Eliya Main Warehouse
2022-09-23,DUST,214.8,13944.2,0,1631.41,1,9,4,266,3,0,Nuwara Eliya Main Warehouse
2022-09-23,FNGS,170.2,10325.5,0,1392.84,1,9,4,266,3,0,Nuwara Eliya Main Warehouse
2022-09-23,OP,121.5,8099.4,0,2930.38,1,9,4,266,3,0,Nuwara Eliya Main Warehouse
2022-09-24,BOP,266.7,19413.0,0,2012.87,0,9,5,267,3,1,Nuwara Eliya Main Warehouse
2022-09-24,BOPF,209.6,16681.7,0,1761.74,0,9,5,267,3,1,Nuwara Eliya Main Warehouse
2022-09-24,DUST,163.2,13981.6,0,1671.43,0,9,5,267,3,1,Nuwara Eliya Main Warehouse
2022-09-24,FNGS,131.2,10358.1,0,1480.2,0,9,5,267,3,1,Nuwara Eliya Main Warehouse
2022-09-24,OP,83.7,8113.2,0,2746.9,0,9,5,267,3,1,Nuwara Eliya Main Warehouse
2022-09-25,BOP,185.5,19397.4,0,1958.51,0,9,6,268,3,1,Nuwara Eliya Main Warehouse
2022-09-25,BOPF,140.1,16695.6,0,1662.23,0,9,6,268,3,1,Nuwara Eliya Main Warehouse
2022-09-25,DUST,131.8,13977.2,0,1662.07,0,9,6,268,3,1,Nuwara Eliya Main Warehouse
2022-09-25,FNGS,78.4,10358.8,0,1427.71,0,9,6,268,3,1,Nuwara Eliya Main Warehouse
2022-09-25,OP,49.5,8106.3,0,2852.54,0,9,6,268,3,1,Nuwara Eliya Main Warehouse
2022-09-26,BOP,339.5,19474.9,0,1977.32,1,9,0,269,3,0,Nuwara Eliya Main Warehouse
2022-09-26,BOPF,281.2,16703.7,0,1692.33,1,9,0,269,3,0,Nuwara Eliya Main Warehouse
2022-09-26,DUST,264.1,13961.5,0,1584.1,1,9,0,269,3,0,Nuwara Eliya Main Warehouse
2022-09-26,FNGS,162.8,10374.5,0,1510.55,1,9,0,269,3,0,Nuwara Eliya Main Warehouse
2022-09-26,OP,107.6,8092.6,0,2884.17,1,9,0,269,3,0,Nuwara Eliya Main Warehouse
2022-09-27,BOP,343.5,19540.2,0,1970.41,0,9,1,270,3,0,Nuwara Eliya Main Warehouse
2022-09-27,BOPF,269.7,16747.2,0,1650.28,0,9,1,270,3,0,Nuwara Eliya Main Warehouse
2022-09-27,DUST,269.2,13935.0,0,1563.68,0,9,1,270,3,0,Nuwara Eliya Main Warehouse
2022-09-27,FNGS,200.5,10373.7,0,1394.19,0,9,1,270,3,0,Nuwara Eliya Main Warehouse
2022-09-27,OP,125.1,8077.2,0,2967.67,0,9,1,270,3,0,Nuwara Eliya Main Warehouse
2022-09-28,BOP,324.0,19578.3,0,1872.4,1,9,2,271,3,0,Nuwara Eliya Main Warehouse
2022-09-28,BOPF,324.9,16727.1,0,1695.58,1,9,2,271,3,0,Nuwara Eliya Main Warehouse
2022-09-28,DUST,260.3,13994.5,0,1608.76,1,9,2,271,3,0,Nuwara Eliya Main Warehouse
2022-09-28,FNGS,197.7,10375.1,0,1505.41,1,9,2,271,3,0,Nuwara Eliya Main Warehouse
2022-09-28,OP,113.6,8093.4,0,2791.28,1,9,2,271,3,0,Nuwara Eliya Main Warehouse
2022-09-29,BOP,364.4,19591.0,0,1939.22,0,9,3,272,3,0,Nuwara Eliya Main Warehouse
2022-09-29,BOPF,302.9,16701.6,0,1623.49,0,9,3,272,3,0,Nuwara Eliya Main Warehouse
2022-09-29,DUST,249.8,14028.1,0,1694.99,0,9,3,272,3,0,Nuwara Eliya Main Warehouse
2022-09-29,FNGS,210.2,10402.1,0,1499.59,0,9,3,272,3,0,Nuwara Eliya Main Warehouse
2022-09-29,OP,123.8,8099.6,0,2886.44,0,9,3,272,3,0,Nuwara Eliya Main Warehouse
2022-09-30,BOP,314.0,19595.6,0,1995.8,1,9,4,273,3,0,Nuwara Eliya Main Warehouse
2022-09-30,BOPF,288.7,16705.2,0,1671.76,1,9,4,273,3,0,Nuwara Eliya Main Warehouse
2022-09-30,DUST,210.7,14059.0,0,1652.22,1,9,4,273,3,0,Nuwara Eliya Main Warehouse
2022-09-30,FNGS,169.0,10440.1,0,1470.17,1,9,4,273,3,0,Nuwara Eliya Main Warehouse
2022-09-30,OP,105.4,8099.4,0,2875.89,1,9,4,273,3,0,Nuwara Eliya Main Warehouse
2022-10-01,BOP,207.0,19618.5,0,2021.01,0,10,5,274,4,1,Nuwara Eliya Main Warehouse
2022-10-01,BOPF,181.2,16745.2,0,1625.78,0,10,5,274,4,1,Nuwara Eliya Main Warehouse
2022-10-01,DUST,177.3,14067.8,0,1655.05,0,10,5,274,4,1,Nuwara Eliya Main Warehouse
2022-10-01,FNGS,130.4,10448.8,0,1377.13,0,10,5,274,4,1,Nuwara Eliya Main Warehouse
2022-10-01,OP,75.5,8091.2,0,2940.44,0,10,5,274,4,1,Nuwara Eliya Main Warehouse
2022-10-02,BOP,158.1,19629.3,0,1896.45,0,10,6,275,4,1,Nuwara Eliya Main Warehouse
2022-10-02,BOPF,157.9,16766.4,0,1729.42,0,10,6,275,4,1,Nuwara Eliya Main Warehouse
2022-10-02,DUST,140.2,14073.4,0,1663.81,0,10,6,275,4,1,Nuwara Eliya Main Warehouse
2022-10-02,FNGS,91.6,10463.3,0,1393.04,0,10,6,275,4,1,Nuwara Eliya Main Warehouse
2022-10-02,OP,50.4,8098.4,0,2968.9,0,10,6,275,4,1,Nuwara Eliya Main Warehouse
2022-10-03,BOP,335.8,19587.3,0,1965.93,1,10,0,276,4,0,Nuwara Eliya Main Warehouse
2022-10-03,BOPF,300.3,16771.7,0,1730.64,1,10,0,276,4,0,Nuwara Eliya Main Warehouse
2022-10-03,DUST,242.3,14047.8,0,1642.11,1,10,0,276,4,0,Nuwara Eliya Main Warehouse
2022-10-03,FNGS,186.2,10442.0,0,1475.6,1,10,0,276,4,0,Nuwara Eliya Main Warehouse
2022-10-03,OP,127.2,8095.7,0,2876.79,1,10,0,276,4,0,Nuwara Eliya Main Warehouse
2022-10-04,BOP,389.5,19608.7,0,1945.09,0,10,1,277,4,0,Nuwara Eliya Main Warehouse
2022-10-04,BOPF,300.5,16788.8,0,1611.84,0,10,1,277,4,0,Nuwara Eliya Main Warehouse
2022-10-04,DUST,246.6,14066.0,0,1628.26,0,10,1,277,4,0,Nuwara Eliya Main Warehouse
2022-10-04,FNGS,209.2,10428.3,0,1455.85,0,10,1,277,4,0,Nuwara Eliya Main Warehouse
2022-10-04,OP,140.4,8089.5,0,2883.04,0,10,1,277,4,0,Nuwara Eliya Main Warehouse
2022-10-05,BOP,345.3,19668.3,0,1930.31,1,10,2,278,4,0,Nuwara Eliya Main Warehouse
2022-10-05,BOPF,277.5,16756.5,0,1760.88,1,10,2,278,4,0,Nuwara Eliya Main Warehouse
2022-10-05,DUST,279.3,14051.7,0,1653.57,1,10,2,278,4,0,Nuwara Eliya Main Warehouse
2022-10-05,FNGS,163.9,10436.6,0,1496.27,1,10,2,278,4,0,Nuwara Eliya Main Warehouse
2022-10-05,OP,114.7,8102.3,0,2874.31,1,10,2,278,4,0,Nuwara Eliya Main Warehouse
2022-10-06,BOP,314.3,19678.9,0,1956.75,0,10,3,279,4,0,Nuwara Eliya Main Warehouse
2022-10-06,BOPF,326.6,16836.1,0,1817.55,0,10,3,279,4,0,Nuwara Eliya Main Warehouse
2022-10-06,DUST,254.9,14113.1,0,1597.48,0,10,3,279,4,0,Nuwara Eliya Main Warehouse
2022-10-06,FNGS,186.9,10410.1,0,1462.96,0,10,3,279,4,0,Nuwara Eliya Main Warehouse
2022-10-06,OP,116.1,8110.8,0,2898.89,0,10,3,279,4,0,Nuwara Eliya Main Warehouse
2022-10-07,BOP,302.6,19639.8,0,1949.22,1,10,4,280,4,0,Nuwara Eliya Main Warehouse
2022-10-07,BOPF,289.2,16869.8,0,1698.53,1,10,4,280,4,0,Nuwara Eliya Main Warehouse
2022-10-07,DUST,229.9,14151.8,0,1557.22,1,10,4,280,4,0,Nuwara Eliya Main Warehouse
2022-10-07,FNGS,185.0,10401.0,0,1459.41,1,10,4,280,4,0,Nuwara Eliya Main Warehouse
2022-10-07,OP,100.3,8110.3,0,2927.56,1,10,4,280,4,0,Nuwara Eliya Main Warehouse
2022-10-08,BOP,221.3,19676.2,0,1967.31,0,10,5,281,4,1,Nuwara Eliya Main Warehouse
2022-10-08,BOPF,188.6,16863.1,0,1665.25,0,10,5,281,4,1,Nuwara Eliya Main Warehouse
2022-10-08,DUST,169.8,14154.4,0,1656.73,0,10,5,281,4,1,Nuwara Eliya Main Warehouse
2022-10-08,FNGS,119.2,10407.8,0,1364.13,0,10,5,281,4,1,Nuwara Eliya Main Warehouse
2022-10-08,OP,67.0,8117.4,0,3042.54,0,10,5,281,4,1,Nuwara Eliya Main Warehouse
2022-10-09,BOP,126.1,19667.4,0,2017.41,0,10,6,282,4,1,Nuwara Eliya Main Warehouse
2022-10-09,BOPF,160.9,16876.7,0,1833.79,0,10,6,282,4,1,Nuwara Eliya Main Warehouse
2022-10-09,DUST,109.5,14144.6,0,1680.78,0,10,6,282,4,1,Nuwara Eliya Main Warehouse
2022-10-09,FNGS,106.3,10392.5,0,1500.68,0,10,6,282,4,1,Nuwara Eliya Main Warehouse
2022-10-09,OP,44.2,8115.6,0,2847.22,0,10,6,282,4,1,Nuwara Eliya Main Warehouse
2022-10-10,BOP,336.2,19651.8,0,1981.05,1,10,0,283,4,0,Nuwara Eliya Main Warehouse
2022-10-10,BOPF,283.5,16846.5,0,1632.54,1,10,0,283,4,0,Nuwara Eliya Main Warehouse
2022-10-10,DUST,267.7,14188.6,0,1571.34,1,10,0,283,4,0,Nuwara Eliya Main Warehouse
2022-10-10,FNGS,171.0,10384.9,0,1438.97,1,10,0,283,4,0,Nuwara Eliya Main Warehouse
2022-10-10,OP,101.7,8132.7,0,3079.55,1,10,0,283,4,0,Nuwara Eliya Main Warehouse
2022-10-11,BOP,348.1,19622.5,0,1954.9,0,10,1,284,4,0,Nuwara Eliya Main Warehouse
2022-10-11,BOPF,288.3,16914.7,0,1697.74,0,10,1,284,4,0,Nuwara Eliya Main Warehouse
2022-10-11,DUST,251.6,14163.1,0,1661.67,0,10,1,284,4,0,Nuwara Eliya Main Warehouse
2022-10-11,FNGS,185.8,10395.3,0,1449.62,0,10,1,284,4,0,Nuwara Eliya Main Warehouse
2022-10-11,OP,106.6,8126.5,0,2829.04,0,10,1,284,4,0,Nuwara Eliya Main Warehouse
2022-10-12,BOP,358.9,19616.0,0,2041.29,1,10,2,285,4,0,Nuwara Eliya Main Warehouse
2022-10-12,BOPF,329.5,16888.3,0,1705.61,1,10,2,285,4,0,Nuwara Eliya Main Warehouse
2022-10-12,DUST,263.8,14143.5,0,1701.72,1,10,2,285,4,0,Nuwara Eliya Main Warehouse
2022-10-12,FNGS,182.2,10409.7,0,1421.51,1,10,2,285,4,0,Nuwara Eliya Main Warehouse
2022-10-12,OP,114.6,8116.6,0,3013.07,1,10,2,285,4,0,Nuwara Eliya Main Warehouse
2022-10-13,BOP,374.0,19673.2,0,1999.54,0,10,3,286,4,0,Nuwara Eliya Main Warehouse
2022-10-13,BOPF,264.7,16917.2,0,1762.38,0,10,3,286,4,0,Nuwara Eliya Main Warehouse
2022-10-13,DUST,267.6,14126.0,0,1623.57,0,10,3,286,4,0,Nuwara Eliya Main Warehouse
2022-10-13,FNGS,153.7,10443.6,0,1401.85,0,10,3,286,4,0,Nuwara Eliya Main Warehouse
2022-10-13,OP,105.0,8133.7,0,2893.12,0,10,3,286,4,0,Nuwara Eliya Main Warehouse
2022-10-14,BOP,324.4,19691.9,0,1932.94,1,10,4,287,4,0,Nuwara Eliya Main Warehouse
2022-10-14,BOPF,256.4,16903.9,0,1714.6,1,10,4,287,4,0,Nuwara Eliya Main Warehouse
2022-10-14,DUST,220.8,14142.1,0,1585.75,1,10,4,287,4,0,Nuwara Eliya Main Warehouse
2022-10-14,FNGS,144.6,10459.2,0,1528.48,1,10,4,287,4,0,Nuwara Eliya Main Warehouse
2022-10-14,OP,76.3,8143.8,0,2856.77,1,10,4,287,4,0,Nuwara Eliya Main Warehouse
2022-10-15,BOP,217.0,19677.1,0,1870.65,0,10,5,288,4,1,Nuwara Eliya Main Warehouse
2022-10-15,BOPF,192.0,16930.2,0,1673.01,0,10,5,288,4,1,Nuwara Eliya Main Warehouse
2022-10-15,DUST,142.0,14165.5,0,1629.62,0,10,5,288,4,1,Nuwara Eliya Main Warehouse
2022-10-15,FNGS,99.8,10460.8,0,1500.16,0,10,5,288,4,1,Nuwara Eliya Main Warehouse
2022-10-15,OP,67.5,8138.7,0,3044.12,0,10,5,288,4,1,Nuwara Eliya Main Warehouse
2022-10-16,BOP,152.4,19707.8,0,1883.52,0,10,6,289,4,1,Nuwara Eliya Main Warehouse
2022-10-16,BOPF,175.8,16958.5,0,1651.13,0,10,6,289,4,1,Nuwara Eliya Main Warehouse
2022-10-16,DUST,86.6,14163.4,0,1598.41,0,10,6,289,4,1,Nuwara Eliya Main Warehouse
2022-10-16,FNGS,93.0,10481.5,0,1500.96,0,10,6,289,4,1,Nuwara Eliya Main Warehouse
2022-10-16,OP,45.5,8133.9,0,2940.57,0,10,6,289,4,1,Nuwara Eliya Main Warehouse
2022-10-17,BOP,382.6,19785.0,0,1990.27,1,10,0,290,4,0,Nuwara Eliya Main Warehouse
2022-10-17,BOPF,302.6,16994.6,0,1680.86,1,10,0,290,4,0,Nuwara Eliya Main Warehouse
2022-10-17,DUST,241.4,14135.4,0,1595.45,1,10,0,290,4,0,Nuwara Eliya Main Warehouse
2022-10-17,FNGS,183.0,10511.5,0,1457.86,1,10,0,290,4,0,Nuwara Eliya Main Warehouse
2022-10-17,OP,114.9,8155.2,0,2937.56,1,10,0,290,4,0,Nuwara Eliya Main Warehouse
2022-10-18,BOP,349.8,19854.3,0,1903.63,0,10,1,291,4,0,Nuwara Eliya Main Warehouse
2022-10-18,BOPF,273.0,17020.8,0,1648.66,0,10,1,291,4,0,Nuwara Eliya Main Warehouse
2022-10-18,DUST,257.1,14144.6,0,1644.38,0,10,1,291,4,0,Nuwara Eliya Main Warehouse
2022-10-18,FNGS,185.6,10498.5,0,1394.06,0,10,1,291,4,0,Nuwara Eliya Main Warehouse
2022-10-18,OP,113.4,8173.5,0,2910.84,0,10,1,291,4,0,Nuwara Eliya Main Warehouse
2022-10-19,BOP,342.1,19835.7,0,1882.8,1,10,2,292,4,0,Nuwara Eliya Main Warehouse
2022-10-19,BOPF,295.0,17081.8,0,1700.04,1,10,2,292,4,0,Nuwara Eliya Main Warehouse
2022-10-19,DUST,239.9,14180.4,0,1549.78,1,10,2,292,4,0,Nuwara Eliya Main Warehouse
2022-10-19,FNGS,186.9,10480.2,0,1555.44,1,10,2,292,4,0,Nuwara Eliya Main Warehouse
2022-10-19,OP,97.2,8171.6,0,2885.48,1,10,2,292,4,0,Nuwara Eliya Main Warehouse
2022-10-20,BOP,334.6,19845.9,0,1896.81,0,10,3,293,4,0,Nuwara Eliya Main Warehouse
2022-10-20,BOPF,289.4,17047.5,0,1670.41,0,10,3,293,4,0,Nuwara Eliya Main Warehouse
2022-10-20,DUST,245.0,14165.3,0,1557.33,0,10,3,293,4,0,Nuwara Eliya Main Warehouse
2022-10-20,FNGS,172.2,10500.9,0,1485.0,0,10,3,293,4,0,Nuwara Eliya Main Warehouse
2022-10-20,OP,89.0,8181.7,0,2919.67,0,10,3,293,4,0,Nuwara Eliya Main Warehouse
2022-10-21,BOP,303.2,19919.9,0,1900.87,1,10,4,294,4,0,Nuwara Eliya Main Warehouse
2022-10-21,BOPF,254.0,17043.0,0,1625.34,1,10,4,294,4,0,Nuwara Eliya Main Warehouse
2022-10-21,DUST,222.4,14151.5,0,1625.48,1,10,4,294,4,0,Nuwara Eliya Main Warehouse
2022-10-21,FNGS,166.8,10513.3,0,1473.11,1,10,4,294,4,0,Nuwara Eliya Main Warehouse
2022-10-21,OP,86.2,8173.0,0,2663.67,1,10,4,294,4,0,Nuwara Eliya Main Warehouse
2022-10-22,BOP,216.3,19954.2,0,1986.36,0,10,5,295,4,1,Nuwara Eliya Main Warehouse
2022-10-22,BOPF,197.9,17033.0,0,1759.07,0,10,5,295,4,1,Nuwara Eliya Main Warehouse
2022-10-22,DUST,170.2,14190.5,0,1623.66,0,10,5,295,4,1,Nuwara Eliya Main Warehouse
2022-10-22,FNGS,108.5,10531.3,0,1452.38,0,10,5,295,4,1,Nuwara Eliya Main Warehouse
2022-10-22,OP,56.5,8176.0,0,2779.22,0,10,5,295,4,1,Nuwara Eliya Main Warehouse
2022-10-23,BOP,159.8,19932.0,0,1930.59,0,10,6,296,4,1,Nuwara Eliya Main Warehouse
2022-10-23,BOPF,121.5,17062.8,0,1674.0,0,10,6,296,4,1,Nuwara Eliya Main Warehouse
2022-10-23,DUST,116.3,14217.4,0,1640.78,0,10,6,296,4,1,Nuwara Eliya Main Warehouse
2022-10-23,FNGS,81.7,10543.2,0,1381.7,0,10,6,296,4,1,Nuwara Eliya Main Warehouse
2022-10-23,OP,49.5,8169.0,0,2968.09,0,10,6,296,4,1,Nuwara Eliya Main Warehouse
2022-10-24,BOP,320.0,19892.3,0,1863.26,1,10,0,297,4,0,Nuwara Eliya Main Warehouse
2022-10-24,BOPF,278.0,17064.4,0,1636.67,1,10,0,297,4,0,Nuwara Eliya Main Warehouse
2022-10-24,DUST,238.6,14276.2,0,1712.12,1,10,0,297,4,0,Nuwara Eliya Main Warehouse
2022-10-24,FNGS,168.0,10560.0,0,1515.62,1,10,0,297,4,0,Nuwara Eliya Main Warehouse
2022-10-24,OP,102.3,8169.6,0,3034.7,1,10,0,297,4,0,Nuwara Eliya Main Warehouse
2022-10-25,BOP,345.6,19904.6,0,1941.28,0,10,1,298,4,0,Nuwara Eliya Main Warehouse
2022-10-25,BOPF,306.7,17108.3,0,1690.25,0,10,1,298,4,0,Nuwara Eliya Main Warehouse
2022-10-25,DUST,248.4,14319.2,0,1629.89,0,10,1,298,4,0,Nuwara Eliya Main Warehouse
2022-10-25,FNGS,187.0,10605.7,0,1423.35,0,10,1,298,4,0,Nuwara Eliya Main Warehouse
2022-10-25,OP,116.3,8155.7,0,3050.09,0,10,1,298,4,0,Nuwara Eliya Main Warehouse
2022-10-26,BOP,329.2,19975.0,0,1952.03,1,10,2,299,4,0,Nuwara Eliya Main Warehouse
2022-10-26,BOPF,304.2,17145.9,0,1701.86,1,10,2,299,4,0,Nuwara Eliya Main Warehouse
2022-10-26,DUST,246.5,14300.8,0,1652.96,1,10,2,299,4,0,Nuwara Eliya Main Warehouse
2022-10-26,FNGS,171.2,10616.6,0,1490.83,1,10,2,299,4,0,Nuwara Eliya Main Warehouse
2022-10-26,OP,95.9,8159.5,0,2855.36,1,10,2,299,4,0,Nuwara Eliya Main Warehouse
2022-10-27,BOP,319.4,19995.9,0,1913.22,0,10,3,300,4,0,Nuwara Eliya Main Warehouse
2022-10-27,BOPF,289.6,17127.1,0,1613.78,0,10,3,300,4,0,Nuwara Eliya Main Warehouse
2022-10-27,DUST,233.6,14285.5,0,1579.9,0,10,3,300,4,0,Nuwara Eliya Main Warehouse
2022-10-27,FNGS,182.5,10597.4,0,1500.35,0,10,3,300,4,0,Nuwara Eliya Main Warehouse
2022-10-27,OP,109.8,8161.6,0,2952.15,0,10,3,300,4,0,Nuwara Eliya Main Warehouse
2022-10-28,BOP,299.8,20010.6,0,2004.12,1,10,4,301,4,0,Nuwara Eliya Main Warehouse
2022-10-28,BOPF,251.3,17113.4,0,1714.9,1,10,4,301,4,0,Nuwara Eliya Main Warehouse
2022-10-28,DUST,207.0,14282.6,0,1661.08,1,10,4,301,4,0,Nuwara Eliya Main Warehouse
2022-10-28,FNGS,139.8,10622.8,0,1482.12,1,10,4,301,4,0,Nuwara Eliya Main Warehouse
2022-10-28,OP,94.7,8164.2,0,2751.91,1,10,4,301,4,0,Nuwara Eliya Main Warehouse
2022-10-29,BOP,212.8,19987.7,0,1916.74,0,10,5,302,4,1,Nuwara Eliya Main Warehouse
2022-10-29,BOPF,184.0,17106.5,0,1648.01,0,10,5,302,4,1,Nuwara Eliya Main Warehouse
2022-10-29,DUST,147.8,14279.3,0,1601.01,0,10,5,302,4,1,Nuwara Eliya Main Warehouse
2022-10-29,FNGS,95.0,10618.1,0,1487.92,0,10,5,302,4,1,Nuwara Eliya Main Warehouse
2022-10-29,OP,44.9,8158.3,0,2906.85,0,10,5,302,4,1,Nuwara Eliya Main Warehouse
2022-10-30,BOP,198.5,20010.1,0,2001.75,0,10,6,303,4,1,Nuwara Eliya Main Warehouse
2022-10-30,BOPF,156.4,17108.8,0,1782.17,0,10,6,303,4,1,Nuwara Eliya Main Warehouse
2022-10-30,DUST,120.6,14307.3,0,1628.92,0,10,6,303,4,1,Nuwara Eliya Main Warehouse
2022-10-30,FNGS,87.2,10632.1,0,1524.82,0,10,6,303,4,1,Nuwara Eliya Main Warehouse
2022-10-30,OP,50.9,8158.0,0,3005.76,0,10,6,303,4,1,Nuwara Eliya Main Warehouse
2022-10-31,BOP,278.7,20059.9,0,1973.49,1,10,0,304,4,0,Nuwara Eliya Main Warehouse
2022-10-31,BOPF,284.5,17092.8,0,1724.6,1,10,0,304,4,0,Nuwara Eliya Main Warehouse
2022-10-31,DUST,226.1,14344.8,0,1620.65,1,10,0,304,4,0,Nuwara Eliya Main Warehouse
2022-10-31,FNGS,168.8,10671.4,0,1435.11,1,10,0,304,4,0,Nuwara Eliya Main Warehouse
2022-10-31,OP,102.0,8173.6,0,2935.31,1,10,0,304,4,0,Nuwara Eliya Main Warehouse
2022-11-01,BOP,382.6,20060.7,0,1991.93,0,11,1,305,4,0,Nuwara Eliya Main Warehouse
2022-11-01,BOPF,294.5,17050.9,0,1679.82,0,11,1,305,4,0,Nuwara Eliya Main Warehouse
2022-11-01,DUST,255.8,14380.5,0,1673.86,0,11,1,305,4,0,Nuwara Eliya Main Warehouse
2022-11-01,FNGS,182.9,10695.0,0,1475.4,0,11,1,305,4,0,Nuwara Eliya Main Warehouse
2022-11-01,OP,116.1,8173.3,0,2909.11,0,11,1,305,4,0,Nuwara Eliya Main Warehouse
2022-11-02,BOP,379.2,20121.5,0,1879.67,1,11,2,306,4,0,Nuwara Eliya Main Warehouse
2022-11-02,BOPF,285.7,17108.5,0,1663.16,1,11,2,306,4,0,Nuwara Eliya Main Warehouse
2022-11-02,DUST,283.6,14359.0,0,1565.03,1,11,2,306,4,0,Nuwara Eliya Main Warehouse
2022-11-02,FNGS,193.8,10712.1,0,1459.14,1,11,2,306,4,0,Nuwara Eliya Main Warehouse
2022-11-02,OP,104.7,8187.5,0,2936.07,1,11,2,306,4,0,Nuwara Eliya Main Warehouse
2022-11-03,BOP,309.2,20194.4,0,1946.23,0,11,3,307,4,0,Nuwara Eliya Main Warehouse
2022-11-03,BOPF,275.9,17173.7,0,1694.39,0,11,3,307,4,0,Nuwara Eliya Main Warehouse
2022-11-03,DUST,265.7,14415.9,0,1519.88,0,11,3,307,4,0,Nuwara Eliya Main Warehouse
2022-11-03,FNGS,174.1,10718.1,0,1391.43,0,11,3,307,4,0,Nuwara Eliya Main Warehouse
2022-11-03,OP,117.8,8187.3,0,3045.15,0,11,3,307,4,0,Nuwara Eliya Main Warehouse
2022-11-04,BOP,307.3,20173.4,0,1937.98,1,11,4,308,4,0,Nuwara Eliya Main Warehouse
2022-11-04,BOPF,294.7,17169.8,0,1729.39,1,11,4,308,4,0,Nuwara Eliya Main Warehouse
2022-11-04,DUST,212.8,14454.4,0,1616.24,1,11,4,308,4,0,Nuwara Eliya Main Warehouse
2022-11-04,FNGS,158.9,10717.4,0,1480.82,1,11,4,308,4,0,Nuwara Eliya Main Warehouse
2022-11-04,OP,87.0,8189.0,0,2917.04,1,11,4,308,4,0,Nuwara Eliya Main Warehouse
2022-11-05,BOP,227.0,20186.8,0,1862.12,0,11,5,309,4,1,Nuwara Eliya Main Warehouse
2022-11-05,BOPF,214.0,17166.7,0,1698.49,0,11,5,309,4,1,Nuwara Eliya Main Warehouse
2022-11-05,DUST,179.2,14439.3,0,1648.07,0,11,5,309,4,1,Nuwara Eliya Main Warehouse
2022-11-05,FNGS,131.3,10716.2,0,1521.45,0,11,5,309,4,1,Nuwara Eliya Main Warehouse
2022-11-05,OP,71.6,8194.4,0,2943.9,0,11,5,309,4,1,Nuwara Eliya Main Warehouse
2022-11-06,BOP,159.3,20181.2,0,2002.51,0,11,6,310,4,1,Nuwara Eliya Main Warehouse
2022-11-06,BOPF,156.8,17143.6,0,1689.29,0,11,6,310,4,1,Nuwara Eliya Main Warehouse
2022-11-06,DUST,140.0,14467.0,0,1633.48,0,11,6,310,4,1,Nuwara Eliya Main Warehouse
2022-11-06,FNGS,106.0,10727.3,0,1526.81,0,11,6,310,4,1,Nuwara Eliya Main Warehouse
2022-11-06,OP,53.7,8206.7,0,3065.63,0,11,6,310,4,1,Nuwara Eliya Main Warehouse
2022-11-07,BOP,331.6,20236.7,0,1895.95,1,11,0,311,4,0,Nuwara Eliya Main Warehouse
2022-11-07,BOPF,291.3,17179.1,0,1702.8,1,11,0,311,4,0,Nuwara Eliya Main Warehouse
2022-11-07,DUST,249.7,14456.8,0,1683.81,1,11,0,311,4,0,Nuwara Eliya Main Warehouse
2022-11-07,FNGS,196.6,10756.9,0,1547.12,1,11,0,311,4,0,Nuwara Eliya Main Warehouse
2022-11-07,OP,101.1,8196.0,0,2919.03,1,11,0,311,4,0,Nuwara Eliya Main Warehouse
2022-11-08,BOP,341.5,20264.3,0,1907.62,0,11,1,312,4,0,Nuwara Eliya Main Warehouse
2022-11-08,BOPF,303.5,17233.8,0,1670.73,0,11,1,312,4,0,Nuwara Eliya Main Warehouse
2022-11-08,DUST,253.3,14427.0,0,1646.96,0,11,1,312,4,0,Nuwara Eliya Main Warehouse
2022-11-08,FNGS,185.8,10779.5,0,1394.71,0,11,1,312,4,0,Nuwara Eliya Main Warehouse
2022-11-08,OP,128.6,8178.4,0,2800.95,0,11,1,312,4,0,Nuwara Eliya Main Warehouse
2022-11-09,BOP,390.4,20304.9,0,1885.35,1,11,2,313,4,0,Nuwara Eliya Main Warehouse
2022-11-09,BOPF,326.3,17204.0,0,1683.52,1,11,2,313,4,0,Nuwara Eliya Main Warehouse
2022-11-09,DUST,247.1,14454.8,0,1600.52,1,11,2,313,4,0,Nuwara Eliya Main Warehouse
2022-11-09,FNGS,198.9,10765.4,0,1537.71,1,11,2,313,4,0,Nuwara Eliya Main Warehouse
2022-11-09,OP,113.9,8189.0,0,3053.56,1,11,2,313,4,0,Nuwara Eliya Main Warehouse
2022-11-10,BOP,368.7,20367.2,0,1980.64,0,11,3,314,4,0,Nuwara Eliya Main Warehouse
2022-11-10,BOPF,334.6,17175.2,0,1598.95,0,11,3,314,4,0,Nuwara Eliya Main Warehouse
2022-11-10,DUST,257.8,14483.6,0,1518.72,0,11,3,314,4,0,Nuwara Eliya Main Warehouse
2022-11-10,FNGS,172.1,10773.6,0,1477.17,0,11,3,314,4,0,Nuwara Eliya Main Warehouse
2022-11-10,OP,114.9,8215.4,0,3024.13,0,11,3,314,4,0,Nuwara Eliya Main Warehouse
2022-11-11,BOP,340.4,20370.1,0,1857.17,1,11,4,315,4,0,Nuwara Eliya Main Warehouse
2022-11-11,BOPF,262.1,17218.7,0,1747.76,1,11,4,315,4,0,Nuwara Eliya Main Warehouse
2022-11-11,DUST,216.3,14459.3,0,1615.93,1,11,4,315,4,0,Nuwara Eliya Main Warehouse
2022-11-11,FNGS,153.2,10799.1,0,1536.74,1,11,4,315,4,0,Nuwara Eliya Main Warehouse
2022-11-11,OP,86.4,8236.6,0,2752.83,1,11,4,315,4,0,Nuwara Eliya Main Warehouse
2022-11-12,BOP,250.3,20424.2,0,1976.28,0,11,5,316,4,1,Nuwara Eliya Main Warehouse
2022-11-12,BOPF,221.8,17240.1,0,1715.08,0,11,5,316,4,1,Nuwara Eliya Main Warehouse
2022-11-12,DUST,184.8,14455.2,0,1674.88,0,11,5,316,4,1,Nuwara Eliya Main Warehouse
2022-11-12,FNGS,93.0,10802.9,0,1453.04,0,11,5,316,4,1,Nuwara Eliya Main Warehouse
2022-11-12,OP,83.0,8240.2,0,2928.3,0,11,5,316,4,1,Nuwara Eliya Main Warehouse
2022-11-13,BOP,167.2,20434.7,0,2000.1,0,11,6,317,4,1,Nuwara Eliya Main Warehouse
2022-11-13,BOPF,161.6,17218.8,0,1663.08,0,11,6,317,4,1,Nuwara Eliya Main Warehouse
2022-11-13,DUST,153.3,14493.1,0,1608.96,0,11,6,317,4,1,Nuwara Eliya Main Warehouse
2022-11-13,FNGS,109.9,10810.0,0,1447.42,0,11,6,317,4,1,Nuwara Eliya Main Warehouse
2022-11-13,OP,41.4,8241.8,0,2937.58,0,11,6,317,4,1,Nuwara Eliya Main Warehouse
2022-11-14,BOP,339.3,20405.3,0,1972.08,1,11,0,318,4,0,Nuwara Eliya Main Warehouse
2022-11-14,BOPF,298.1,17248.3,0,1793.07,1,11,0,318,4,0,Nuwara Eliya Main Warehouse
2022-11-14,DUST,253.3,14523.8,0,1628.62,1,11,0,318,4,0,Nuwara Eliya Main Warehouse
2022-11-14,FNGS,173.0,10837.4,0,1418.78,1,11,0,318,4,0,Nuwara Eliya Main Warehouse
2022-11-14,OP,118.1,8254.5,0,3054.61,1,11,0,318,4,0,Nuwara Eliya Main Warehouse
2022-11-15,BOP,375.4,20453.5,0,1981.95,0,11,1,319,4,0,Nuwara Eliya Main Warehouse
2022-11-15,BOPF,341.5,17239.3,0,1705.14,0,11,1,319,4,0,Nuwara Eliya Main Warehouse
2022-11-15,DUST,282.9,14564.0,0,1647.01,0,11,1,319,4,0,Nuwara Eliya Main Warehouse
2022-11-15,FNGS,190.5,10859.2,0,1502.51,0,11,1,319,4,0,Nuwara Eliya Main Warehouse
2022-11-15,OP,110.1,8262.5,0,2938.64,0,11,1,319,4,0,Nuwara Eliya Main Warehouse
2022-11-16,BOP,336.7,20509.8,0,1984.69,1,11,2,320,4,0,Nuwara Eliya Main Warehouse
2022-11-16,BOPF,311.0,17238.5,0,1650.67,1,11,2,320,4,0,Nuwara Eliya Main Warehouse
2022-11-16,DUST,256.3,14547.4,0,1580.32,1,11,2,320,4,0,Nuwara Eliya Main Warehouse
2022-11-16,FNGS,179.0,10861.7,0,1491.63,1,11,2,320,4,0,Nuwara Eliya Main Warehouse
2022-11-16,OP,110.9,8274.0,0,2953.99,1,11,2,320,4,0,Nuwara Eliya Main Warehouse
2022-11-17,BOP,368.1,20501.2,0,1889.98,0,11,3,321,4,0,Nuwara Eliya Main Warehouse
2022-11-17,BOPF,311.2,17287.6,0,1742.79,0,11,3,321,4,0,Nuwara Eliya Main Warehouse
2022-11-17,DUST,247.8,14518.0,0,1656.62,0,11,3,321,4,0,Nuwara Eliya Main Warehouse
2022-11-17,FNGS,193.3,10901.9,0,1423.21,0,11,3,321,4,0,Nuwara Eliya Main Warehouse
2022-11-17,OP,119.3,8297.8,0,2956.8,0,11,3,321,4,0,Nuwara Eliya Main Warehouse
2022-11-18,BOP,315.2,20562.0,0,2022.43,1,11,4,322,4,0,Nuwara Eliya Main Warehouse
2022-11-18,BOPF,280.2,17336.5,0,1720.61,1,11,4,322,4,0,Nuwara Eliya Main Warehouse
2022-11-18,DUST,248.1,14508.3,0,1703.88,1,11,4,322,4,0,Nuwara Eliya Main Warehouse
2022-11-18,FNGS,162.6,10888.1,0,1379.34,1,11,4,322,4,0,Nuwara Eliya Main Warehouse
2022-11-18,OP,108.4,8313.9,0,2901.31,1,11,4,322,4,0,Nuwara Eliya Main Warehouse
2022-11-19,BOP,233.3,20611.6,0,1917.41,0,11,5,323,4,1,Nuwara Eliya Main Warehouse
2022-11-19,BOPF,179.4,17338.3,0,1720.56,0,11,5,323,4,1,Nuwara Eliya Main Warehouse
2022-11-19,DUST,195.7,14498.4,0,1619.83,0,11,5,323,4,1,Nuwara Eliya Main Warehouse
2022-11-19,FNGS,108.2,10915.0,0,1487.77,0,11,5,323,4,1,Nuwara Eliya Main Warehouse
2022-11-19,OP,62.5,8316.9,0,3049.63,0,11,5,323,4,1,Nuwara Eliya Main Warehouse
2022-11-20,BOP,206.9,20603.5,0,1939.39,0,11,6,324,4,1,Nuwara Eliya Main Warehouse
2022-11-20,BOPF,170.3,17377.3,0,1680.81,0,11,6,324,4,1,Nuwara Eliya Main Warehouse
2022-11-20,DUST,165.9,14489.1,0,1575.48,0,11,6,324,4,1,Nuwara Eliya Main Warehouse
2022-11-20,FNGS,100.8,10904.6,0,1492.66,0,11,6,324,4,1,Nuwara Eliya Main Warehouse
2022-11-20,OP,62.2,8319.1,0,2874.32,0,11,6,324,4,1,Nuwara Eliya Main Warehouse
2022-11-21,BOP,362.5,20691.7,0,1924.75,1,11,0,325,4,0,Nuwara Eliya Main Warehouse
2022-11-21,BOPF,296.7,17381.0,0,1723.52,1,11,0,325,4,0,Nuwara Eliya Main Warehouse
2022-11-21,DUST,263.2,14469.9,0,1625.0,1,11,0,325,4,0,Nuwara Eliya Main Warehouse
2022-11-21,FNGS,171.2,10880.0,0,1429.09,1,11,0,325,4,0,Nuwara Eliya Main Warehouse
2022-11-21,OP,122.6,8332.1,0,2900.3,1,11,0,325,4,0,Nuwara Eliya Main Warehouse
2022-11-22,BOP,363.8,20657.6,0,1970.63,0,11,1,326,4,0,Nuwara Eliya Main Warehouse
2022-11-22,BOPF,297.1,17428.2,0,1689.02,0,11,1,326,4,0,Nuwara Eliya Main Warehouse
2022-11-22,DUST,283.6,14492.6,0,1524.77,0,11,1,326,4,0,Nuwara Eliya Main Warehouse
2022-11-22,FNGS,187.4,10918.6,0,1420.75,0,11,1,326,4,0,Nuwara Eliya Main Warehouse
2022-11-22,OP,115.0,8335.8,0,2940.78,0,11,1,326,4,0,Nuwara Eliya Main Warehouse
2022-11-23,BOP,387.4,20630.8,0,1913.62,1,11,2,327,4,0,Nuwara Eliya Main Warehouse
2022-11-23,BOPF,307.4,17441.6,0,1728.88,1,11,2,327,4,0,Nuwara Eliya Main Warehouse
2022-11-23,DUST,271.6,14487.5,0,1643.99,1,11,2,327,4,0,Nuwara Eliya Main Warehouse
2022-11-23,FNGS,170.9,10909.7,0,1498.29,1,11,2,327,4,0,Nuwara Eliya Main Warehouse
2022-11-23,OP,131.7,8340.1,0,2829.09,1,11,2,327,4,0,Nuwara Eliya Main Warehouse
2022-11-24,BOP,338.8,20604.9,0,1947.33,0,11,3,328,4,0,Nuwara Eliya Main Warehouse
2022-11-24,BOPF,302.5,17504.8,0,1609.4,0,11,3,328,4,0,Nuwara Eliya Main Warehouse
2022-11-24,DUST,283.3,14537.9,0,1649.47,0,11,3,328,4,0,Nuwara Eliya Main Warehouse
2022-11-24,FNGS,175.5,10934.6,0,1548.81,0,11,3,328,4,0,Nuwara Eliya Main Warehouse
2022-11-24,OP,108.1,8324.6,0,3089.98,0,11,3,328,4,0,Nuwara Eliya Main Warehouse
2022-11-25,BOP,337.0,20674.9,0,1875.19,1,11,4,329,4,0,Nuwara Eliya Main Warehouse
2022-11-25,BOPF,298.7,17568.4,0,1681.01,1,11,4,329,4,0,Nuwara Eliya Main Warehouse
2022-11-25,DUST,243.8,14519.3,0,1706.47,1,11,4,329,4,0,Nuwara Eliya Main Warehouse
2022-11-25,FNGS,173.8,10964.9,0,1450.16,1,11,4,329,4,0,Nuwara Eliya Main Warehouse
2022-11-25,OP,101.7,8316.5,0,2941.82,1,11,4,329,4,0,Nuwara Eliya Main Warehouse
2022-11-26,BOP,257.4,20703.7,0,2008.53,0,11,5,330,4,1,Nuwara Eliya Main Warehouse
2022-11-26,BOPF,194.4,17546.1,0,1785.91,0,11,5,330,4,1,Nuwara Eliya Main Warehouse
2022-11-26,DUST,190.0,14526.1,0,1619.64,0,11,5,330,4,1,Nuwara Eliya Main Warehouse
2022-11-26,FNGS,106.5,10985.5,0,1434.1,0,11,5,330,4,1,Nuwara Eliya Main Warehouse
2022-11-26,OP,80.5,8320.1,0,3011.37,0,11,5,330,4,1,Nuwara Eliya Main Warehouse
2022-11-27,BOP,193.0,20686.4,0,1981.25,0,11,6,331,4,1,Nuwara Eliya Main Warehouse
2022-11-27,BOPF,157.8,17581.5,0,1665.05,0,11,6,331,4,1,Nuwara Eliya Main Warehouse
2022-11-27,DUST,126.9,14507.8,0,1647.77,0,11,6,331,4,1,Nuwara Eliya Main Warehouse
2022-11-27,FNGS,85.6,11006.6,0,1483.7,0,11,6,331,4,1,Nuwara Eliya Main Warehouse
2022-11-27,OP,53.7,8329.7,0,2861.87,0,11,6,331,4,1,Nuwara Eliya Main Warehouse
2022-11-28,BOP,366.1,20696.0,0,1927.94,1,11,0,332,4,0,Nuwara Eliya Main Warehouse
2022-11-28,BOPF,316.0,17638.5,0,1673.1,1,11,0,332,4,0,Nuwara Eliya Main Warehouse
2022-11-28,DUST,260.9,14518.9,0,1588.84,1,11,0,332,4,0,Nuwara Eliya Main Warehouse
2022-11-28,FNGS,192.4,11000.4,0,1497.93,1,11,0,332,4,0,Nuwara Eliya Main Warehouse
2022-11-28,OP,122.6,8325.0,0,3002.29,1,11,0,332,4,0,Nuwara Eliya Main Warehouse
2022-11-29,BOP,352.7,20729.9,0,1918.25,0,11,1,333,4,0,Nuwara Eliya Main Warehouse
2022-11-29,BOPF,304.7,17689.2,0,1680.8,0,11,1,333,4,0,Nuwara Eliya Main Warehouse
2022-11-29,DUST,288.8,14482.0,0,1612.43,0,11,1,333,4,0,Nuwara Eliya Main Warehouse
2022-11-29,FNGS,196.5,11026.8,0,1456.06,0,11,1,333,4,0,Nuwara Eliya Main Warehouse
2022-11-29,OP,129.4,8332.7,0,3009.63,0,11,1,333,4,0,Nuwara Eliya Main Warehouse
2022-11-30,BOP,389.0,20684.6,0,1980.2,1,11,2,334,4,0,Nuwara Eliya Main Warehouse
2022-11-30,BOPF,311.2,17667.5,0,1643.65,1,11,2,334,4,0,Nuwara Eliya Main Warehouse
2022-11-30,DUST,283.7,14550.4,0,1558.19,1,11,2,334,4,0,Nuwara Eliya Main Warehouse
2022-11-30,FNGS,221.2,11003.8,0,1556.51,1,11,2,334,4,0,Nuwara Eliya Main Warehouse
2022-11-30,OP,124.8,8331.2,0,3021.95,1,11,2,334,4,0,Nuwara Eliya Main Warehouse
2022-12-01,BOP,362.3,20758.1,0,1905.31,0,12,3,335,4,0,Nuwara Eliya Main Warehouse
2022-12-01,BOPF,289.7,17717.4,0,1595.48,0,12,3,335,4,0,Nuwara Eliya Main Warehouse
2022-12-01,DUST,282.3,14597.4,0,1620.17,0,12,3,335,4,0,Nuwara Eliya Main Warehouse
2022-12-01,FNGS,216.8,11006.5,0,1509.43,0,12,3,335,4,0,Nuwara Eliya Main Warehouse
2022-12-01,OP,130.7,8317.0,0,3103.14,0,12,3,335,4,0,Nuwara Eliya Main Warehouse
2022-12-02,BOP,321.6,20813.2,0,1951.66,1,12,4,336,4,0,Nuwara Eliya Main Warehouse
2022-12-02,BOPF,303.3,17775.0,0,1691.72,1,12,4,336,4,0,Nuwara Eliya Main Warehouse
2022-12-02,DUST,245.7,14608.7,0,1615.14,1,12,4,336,4,0,Nuwara Eliya Main Warehouse
2022-12-02,FNGS,168.8,11038.5,0,1455.65,1,12,4,336,4,0,Nuwara Eliya Main Warehouse
2022-12-02,OP,110.8,8342.9,0,2896.44,1,12,4,336,4,0,Nuwara Eliya Main Warehouse
2022-12-03,BOP,272.8,20827.4,0,2009.29,0,12,5,337,4,1,Nuwara Eliya Main Warehouse
2022-12-03,BOPF,213.7,17767.7,0,1709.65,0,12,5,337,4,1,Nuwara Eliya Main Warehouse
2022-12-03,DUST,175.5,14588.4,0,1643.37,0,12,5,337,4,1,Nuwara Eliya Main Warehouse
2022-12-03,FNGS,140.2,11038.1,0,1404.88,0,12,5,337,4,1,Nuwara Eliya Main Warehouse
2022-12-03,OP,85.1,8359.2,0,2927.85,0,12,5,337,4,1,Nuwara Eliya Main Warehouse
2022-12-04,BOP,192.1,20872.9,0,1899.94,0,12,6,338,4,1,Nuwara Eliya Main Warehouse
2022-12-04,BOPF,177.5,17808.7,0,1700.61,0,12,6,338,4,1,Nuwara Eliya Main Warehouse
2022-12-04,DUST,149.1,14601.4,0,1600.57,0,12,6,338,4,1,Nuwara Eliya Main Warehouse
2022-12-04,FNGS,116.2,11048.1,0,1527.28,0,12,6,338,4,1,Nuwara Eliya Main Warehouse
2022-12-04,OP,74.6,8350.4,0,2872.74,0,12,6,338,4,1,Nuwara Eliya Main Warehouse
2022-12-05,BOP,339.6,20878.7,0,1965.56,1,12,0,339,4,0,Nuwara Eliya Main Warehouse
2022-12-05,BOPF,334.2,17765.2,0,1696.24,1,12,0,339,4,0,Nuwara Eliya Main Warehouse
2022-12-05,DUST,271.6,14643.1,0,1633.56,1,12,0,339,4,0,Nuwara Eliya Main Warehouse
2022-12-05,FNGS,192.7,11058.0,0,1522.03,1,12,0,339,4,0,Nuwara Eliya Main Warehouse
2022-12-05,OP,133.0,8368.7,0,2935.86,1,12,0,339,4,0,Nuwara Eliya Main Warehouse
2022-12-06,BOP,353.8,20964.9,0,1962.76,0,12,1,340,4,0,Nuwara Eliya Main Warehouse
2022-12-06,BOPF,321.7,17736.2,0,1705.49,0,12,1,340,4,0,Nuwara Eliya Main Warehouse
2022-12-06,DUST,287.4,14621.9,0,1614.29,0,12,1,340,4,0,Nuwara Eliya Main Warehouse
2022-12-06,FNGS,193.0,11079.0,0,1459.36,0,12,1,340,4,0,Nuwara Eliya Main Warehouse
2022-12-06,OP,140.0,8367.2,0,2999.93,0,12,1,340,4,0,Nuwara Eliya Main Warehouse
2022-12-07,BOP,389.9,21010.6,0,1939.97,1,12,2,341,4,0,Nuwara Eliya Main Warehouse
2022-12-07,BOPF,324.0,17757.3,0,1753.23,1,12,2,341,4,0,Nuwara Eliya Main Warehouse
2022-12-07,DUST,266.2,14642.5,0,1614.49,1,12,2,341,4,0,Nuwara Eliya Main Warehouse
2022-12-07,FNGS,206.4,11128.3,0,1486.9,1,12,2,341,4,0,Nuwara Eliya Main Warehouse
2022-12-07,OP,124.7,8398.1,0,2995.61,1,12,2,341,4,0,Nuwara Eliya Main Warehouse
2022-12-08,BOP,348.3,21046.8,0,1917.55,0,12,3,342,4,0,Nuwara Eliya Main Warehouse
2022-12-08,BOPF,306.9,17782.0,0,1694.38,0,12,3,342,4,0,Nuwara Eliya Main Warehouse
2022-12-08,DUST,272.5,14690.4,0,1633.76,0,12,3,342,4,0,Nuwara Eliya Main Warehouse
2022-12-08,FNGS,202.1,11102.5,0,1465.96,0,12,3,342,4,0,Nuwara Eliya Main Warehouse
2022-12-08,OP,135.3,8394.2,0,3082.38,0,12,3,342,4,0,Nuwara Eliya Main Warehouse
2022-12-09,BOP,372.4,21015.7,0,2013.07,1,12,4,343,4,0,Nuwara Eliya Main Warehouse
2022-12-09,BOPF,277.1,17811.9,0,1675.85,1,12,4,343,4,0,Nuwara Eliya Main Warehouse
2022-12-09,DUST,249.7,14729.6,0,1632.02,1,12,4,343,4,0,Nuwara Eliya Main Warehouse
2022-12-09,FNGS,180.5,11116.9,0,1494.25,1,12,4,343,4,0,Nuwara Eliya Main Warehouse
2022-12-09,OP,113.0,8388.0,0,2985.94,1,12,4,343,4,0,Nuwara Eliya Main Warehouse
2022-12-10,BOP,219.8,21060.2,0,1912.62,0,12,5,344,4,1,Nuwara Eliya Main Warehouse
2022-12-10,BOPF,210.4,17781.8,0,1690.21,0,12,5,344,4,1,Nuwara Eliya Main Warehouse
2022-12-10,DUST,159.7,14757.0,0,1665.64,0,12,5,344,4,1,Nuwara Eliya Main Warehouse
2022-12-10,FNGS,146.0,11145.4,0,1429.43,0,12,5,344,4,1,Nuwara Eliya Main Warehouse
2022-12-10,OP,81.1,8394.3,0,2945.01,0,12,5,344,4,1,Nuwara Eliya Main Warehouse
2022-12-11,BOP,245.4,21065.4,0,1845.35,0,12,6,345,4,1,Nuwara Eliya Main Warehouse
2022-12-11,BOPF,176.7,17823.2,0,1732.15,0,12,6,345,4,1,Nuwara Eliya Main Warehouse
2022-12-11,DUST,169.0,14791.1,0,1624.75,0,12,6,345,4,1,Nuwara Eliya Main Warehouse
2022-12-11,FNGS,107.1,11149.9,0,1423.55,0,12,6,345,4,1,Nuwara Eliya Main Warehouse
2022-12-11,OP,72.9,8407.7,0,2853.46,0,12,6,345,4,1,Nuwara Eliya Main Warehouse
2022-12-12,BOP,377.9,21033.2,0,1981.6,1,12,0,346,4,0,Nuwara Eliya Main Warehouse
2022-12-12,BOPF,319.5,17780.9,0,1772.73,1,12,0,346,4,0,Nuwara Eliya Main Warehouse
2022-12-12,DUST,280.4,14854.2,0,1614.21,1,12,0,346,4,0,Nuwara Eliya Main Warehouse
2022-12-12,FNGS,193.8,11126.9,0,1506.74,1,12,0,346,4,0,Nuwara Eliya Main Warehouse
2022-12-12,OP,127.9,8398.3,0,3018.15,1,12,0,346,4,0,Nuwara Eliya Main Warehouse
2022-12-13,BOP,389.1,20976.8,0,1879.51,0,12,1,347,4,0,Nuwara Eliya Main Warehouse
2022-12-13,BOPF,345.9,17748.8,0,1673.7,0,12,1,347,4,0,Nuwara Eliya Main Warehouse
2022-12-13,DUST,294.9,14857.8,0,1622.18,0,12,1,347,4,0,Nuwara Eliya Main Warehouse
2022-12-13,FNGS,217.4,11143.1,0,1512.17,0,12,1,347,4,0,Nuwara Eliya Main Warehouse
2022-12-13,OP,147.1,8418.0,0,2932.43,0,12,1,347,4,0,Nuwara Eliya Main Warehouse
2022-12-14,BOP,375.1,21004.5,0,1984.72,1,12,2,348,4,0,Nuwara Eliya Main Warehouse
2022-12-14,BOPF,321.5,17702.4,0,1709.15,1,12,2,348,4,0,Nuwara Eliya Main Warehouse
2022-12-14,DUST,279.9,14879.5,0,1597.47,1,12,2,348,4,0,Nuwara Eliya Main Warehouse
2022-12-14,FNGS,217.9,11139.3,0,1452.28,1,12,2,348,4,0,Nuwara Eliya Main Warehouse
2022-12-14,OP,145.9,8399.7,0,3020.46,1,12,2,348,4,0,Nuwara Eliya Main Warehouse
2022-12-15,BOP,387.8,21028.2,0,2020.54,0,12,3,349,4,0,Nuwara Eliya Main Warehouse
2022-12-15,BOPF,337.2,17728.3,0,1720.91,0,12,3,349,4,0,Nuwara Eliya Main Warehouse
2022-12-15,DUST,292.0,14928.0,0,1614.08,0,12,3,349,4,0,Nuwara Eliya Main Warehouse
2022-12-15,FNGS,198.4,11121.9,0,1441.53,0,12,3,349,4,0,Nuwara Eliya Main Warehouse
2022-12-15,OP,124.9,8426.9,0,2910.31,0,12,3,349,4,0,Nuwara Eliya Main Warehouse
2022-12-16,BOP,345.3,21075.7,0,1981.54,1,12,4,350,4,0,Nuwara Eliya Main Warehouse
2022-12-16,BOPF,310.2,17797.4,0,1656.34,1,12,4,350,4,0,Nuwara Eliya Main Warehouse
2022-12-16,DUST,246.2,14959.8,0,1725.38,1,12,4,350,4,0,Nuwara Eliya Main Warehouse
2022-12-16,FNGS,202.3,11160.2,0,1521.29,1,12,4,350,4,0,Nuwara Eliya Main Warehouse
2022-12-16,OP,120.5,8412.7,0,3047.05,1,12,4,350,4,0,Nuwara Eliya Main Warehouse
2022-12-17,BOP,288.2,21135.1,0,2006.19,0,12,5,351,4,1,Nuwara Eliya Main Warehouse
2022-12-17,BOPF,225.3,17823.7,0,1705.69,0,12,5,351,4,1,Nuwara Eliya Main Warehouse
2022-12-17,DUST,189.5,15006.8,0,1588.6,0,12,5,351,4,1,Nuwara Eliya Main Warehouse
2022-12-17,FNGS,129.2,11167.8,0,1443.16,0,12,5,351,4,1,Nuwara Eliya Main Warehouse
2022-12-17,OP,86.9,8431.5,0,2978.85,0,12,5,351,4,1,Nuwara Eliya Main Warehouse
2022-12-18,BOP,222.2,21108.9,0,2058.98,0,12,6,352,4,1,Nuwara Eliya Main Warehouse
2022-12-18,BOPF,178.6,17855.6,0,1633.59,0,12,6,352,4,1,Nuwara Eliya Main Warehouse
2022-12-18,DUST,173.2,14981.8,0,1618.2,0,12,6,352,4,1,Nuwara Eliya Main Warehouse
2022-12-18,FNGS,116.1,11193.7,0,1475.63,0,12,6,352,4,1,Nuwara Eliya Main Warehouse
2022-12-18,OP,77.1,8435.0,0,3029.95,0,12,6,352,4,1,Nuwara Eliya Main Warehouse
2022-12-19,BOP,383.9,21163.6,0,2000.65,1,12,0,353,4,0,Nuwara Eliya Main Warehouse
2022-12-19,BOPF,334.5,17807.2,0,1618.96,1,12,0,353,4,0,Nuwara Eliya Main Warehouse
2022-12-19,DUST,290.3,14979.4,0,1613.25,1,12,0,353,4,0,Nuwara Eliya Main Warehouse
2022-12-19,FNGS,210.5,11230.0,0,1470.4,1,12,0,353,4,0,Nuwara Eliya Main Warehouse
2022-12-19,OP,144.7,8439.3,0,2979.22,1,12,0,353,4,0,Nuwara Eliya Main Warehouse
2022-12-20,BOP,439.1,21130.7,0,1965.48,0,12,1,354,4,0,Nuwara Eliya Main Warehouse
2022-12-20,BOPF,386.7,17833.1,0,1722.88,0,12,1,354,4,0,Nuwara Eliya Main Warehouse
2022-12-20,DUST,315.8,14967.6,0,1619.89,0,12,1,354,4,0,Nuwara Eliya Main Warehouse
2022-12-20,FNGS,243.4,11261.0,0,1411.9,0,12,1,354,4,0,Nuwara Eliya Main Warehouse
2022-12-20,OP,164.6,8478.7,0,2869.28,0,12,1,354,4,0,Nuwara Eliya Main Warehouse
2022-12-21,BOP,439.5,21215.6,0,2037.95,1,12,2,355,4,0,Nuwara Eliya Main Warehouse
2022-12-21,BOPF,389.2,17846.2,0,1686.52,1,12,2,355,4,0,Nuwara Eliya Main Warehouse
2022-12-21,DUST,353.1,14951.7,0,1616.09,1,12,2,355,4,0,Nuwara Eliya Main Warehouse
2022-12-21,FNGS,241.5,11225.2,0,1481.68,1,12,2,355,4,0,Nuwara Eliya Main Warehouse
2022-12-21,OP,160.7,8518.2,0,2916.53,1,12,2,355,4,0,Nuwara Eliya Main Warehouse
2022-12-22,BOP,441.1,21294.0,0,2044.79,0,12,3,356,4,0,Nuwara Eliya Main Warehouse
2022-12-22,BOPF,407.2,17866.4,0,1715.13,0,12,3,356,4,0,Nuwara Eliya Main Warehouse
2022-12-22,DUST,315.6,14932.4,0,1644.59,0,12,3,356,4,0,Nuwara Eliya Main Warehouse
2022-12-22,FNGS,265.2,11230.8,0,1477.68,0,12,3,356,4,0,Nuwara Eliya Main Warehouse
2022-12-22,OP,172.8,8537.2,0,2839.87,0,12,3,356,4,0,Nuwara Eliya Main Warehouse
2022-12-23,BOP,368.1,21318.4,0,2045.71,1,12,4,357,4,0,Nuwara Eliya Main Warehouse
2022-12-23,BOPF,352.2,17823.8,0,1704.54,1,12,4,357,4,0,Nuwara Eliya Main Warehouse
2022-12-23,DUST,299.1,14972.4,0,1552.2,1,12,4,357,4,0,Nuwara Eliya Main Warehouse
2022-12-23,FNGS,216.9,11215.4,0,1488.94,1,12,4,357,4,0,Nuwara Eliya Main Warehouse
2022-12-23,OP,134.6,8523.9,0,2963.14,1,12,4,357,4,0,Nuwara Eliya Main Warehouse
2022-12-24,BOP,296.0,21358.1,0,1920.36,0,12,5,358,4,1,Nuwara Eliya Main Warehouse
2022-12-24,BOPF,271.2,17857.3,0,1658.08,0,12,5,358,4,1,Nuwara Eliya Main Warehouse
2022-12-24,DUST,267.1,14941.4,0,1680.06,0,12,5,358,4,1,Nuwara Eliya Main Warehouse
2022-12-24,FNGS,208.4,11260.1,0,1480.56,0,12,5,358,4,1,Nuwara Eliya Main Warehouse
2022-12-24,OP,131.0,8530.8,0,2824.97,0,12,5,358,4,1,Nuwara Eliya Main Warehouse
2022-12-25,BOP,289.1,21351.0,0,1872.66,0,12,6,359,4,1,Nuwara Eliya Main Warehouse
2022-12-25,BOPF,225.9,17868.9,0,1703.45,0,12,6,359,4,1,Nuwara Eliya Main Warehouse
2022-12-25,DUST,177.2,14967.4,0,1661.36,0,12,6,359,4,1,Nuwara Eliya Main Warehouse
2022-12-25,FNGS,160.7,11247.2,0,1563.72,0,12,6,359,4,1,Nuwara Eliya Main Warehouse
2022-12-25,OP,101.1,8537.0,0,2972.72,0,12,6,359,4,1,Nuwara Eliya Main Warehouse
2022-12-26,BOP,439.0,21367.9,0,1917.24,1,12,0,360,4,0,Nuwara Eliya Main Warehouse
2022-12-26,BOPF,367.4,17926.3,0,1645.84,1,12,0,360,4,0,Nuwara Eliya Main Warehouse
2022-12-26,DUST,303.2,15006.0,0,1574.27,1,12,0,360,4,0,Nuwara Eliya Main Warehouse
2022-12-26,FNGS,247.8,11238.4,0,1522.91,1,12,0,360,4,0,Nuwara Eliya Main Warehouse
2022-12-26,OP,165.3,8546.2,0,2644.2,1,12,0,360,4,0,Nuwara Eliya Main Warehouse
2022-12-27,BOP,449.1,21448.2,0,1987.13,0,12,1,361,4,0,Nuwara Eliya Main Warehouse
2022-12-27,BOPF,372.1,17942.7,0,1773.49,0,12,1,361,4,0,Nuwara Eliya Main Warehouse
2022-12-27,DUST,347.0,14988.7,0,1526.66,0,12,1,361,4,0,Nuwara Eliya Main Warehouse
2022-12-27,FNGS,261.8,11253.3,0,1475.85,0,12,1,361,4,0,Nuwara Eliya Main Warehouse
2022-12-27,OP,168.9,8559.4,0,3016.48,0,12,1,361,4,0,Nuwara Eliya Main Warehouse
2022-12-28,BOP,447.4,21463.3,0,1957.05,1,12,2,362,4,0,Nuwara Eliya Main Warehouse
2022-12-28,BOPF,407.6,17905.9,0,1640.1,1,12,2,362,4,0,Nuwara Eliya Main Warehouse
2022-12-28,DUST,301.0,14974.0,0,1586.85,1,12,2,362,4,0,Nuwara Eliya Main Warehouse
2022-12-28,FNGS,281.3,11240.7,0,1479.8,1,12,2,362,4,0,Nuwara Eliya Main Warehouse
2022-12-28,OP,182.3,8533.4,0,2855.94,1,12,2,362,4,0,Nuwara Eliya Main Warehouse
2022-12-29,BOP,448.2,21460.2,0,1936.89,0,12,3,363,4,0,Nuwara Eliya Main Warehouse
2022-12-29,BOPF,349.6,17944.1,0,1696.61,0,12,3,363,4,0,Nuwara Eliya Main Warehouse
2022-12-29,DUST,303.3,15004.8,0,1621.12,0,12,3,363,4,0,Nuwara Eliya Main Warehouse
2022-12-29,FNGS,240.5,11224.8,0,1548.5,0,12,3,363,4,0,Nuwara Eliya Main Warehouse
2022-12-29,OP,160.7,8555.0,0,2868.73,0,12,3,363,4,0,Nuwara Eliya Main Warehouse
2022-12-30,BOP,396.8,21479.1,0,1979.59,1,12,4,364,4,0,Nuwara Eliya Main Warehouse
2022-12-30,BOPF,365.4,17914.5,0,1655.59,1,12,4,364,4,0,Nuwara Eliya Main Warehouse
2022-12-30,DUST,324.1,15055.0,0,1752.5,1,12,4,364,4,0,Nuwara Eliya Main Warehouse
2022-12-30,FNGS,220.1,11244.5,0,1510.78,1,12,4,364,4,0,Nuwara Eliya Main Warehouse
2022-12-30,OP,157.3,8576.2,0,3064.3,1,12,4,364,4,0,Nuwara Eliya Main Warehouse
2022-12-31,BOP,313.0,21535.8,0,1866.99,0,12,5,365,4,1,Nuwara Eliya Main Warehouse
2022-12-31,BOPF,273.4,17968.9,0,1734.08,0,12,5,365,4,1,Nuwara Eliya Main Warehouse
2022-12-31,DUST,242.1,15103.6,0,1657.89,0,12,5,365,4,1,Nuwara Eliya Main Warehouse
2022-12-31,FNGS,179.8,11224.0,0,1423.01,0,12,5,365,4,1,Nuwara Eliya Main Warehouse
2022-12-31,OP,131.8,8562.5,0,2976.13,0,12,5,365,4,1,Nuwara Eliya Main Warehouse
2023-01-01,BOP,268.5,21531.6,0,1956.59,0,1,6,1,1,1,Nuwara Eliya Main Warehouse
2023-01-01,BOPF,224.2,17990.2,0,1690.37,0,1,6,1,1,1,Nuwara Eliya Main Warehouse
2023-01-01,DUST,232.4,15147.9,0,1548.69,0,1,6,1,1,1,Nuwara Eliya Main Warehouse
2023-01-01,FNGS,153.1,11204.6,0,1514.59,0,1,6,1,1,1,Nuwara Eliya Main Warehouse
2023-01-01,OP,93.2,8569.8,0,3020.56,0,1,6,1,1,1,Nuwara Eliya Main Warehouse
2023-01-02,BOP,406.8,21498.8,0,2010.97,1,1,0,2,1,0,Nuwara Eliya Main Warehouse
2023-01-02,BOPF,358.4,17959.0,0,1681.39,1,1,0,2,1,0,Nuwara Eliya Main Warehouse
2023-01-02,DUST,306.6,15220.3,0,1600.79,1,1,0,2,1,0,Nuwara Eliya Main Warehouse
2023-01-02,FNGS,224.9,11204.3,0,1527.03,1,1,0,2,1,0,Nuwara Eliya Main Warehouse
2023-01-02,OP,158.9,8582.1,0,2865.23,1,1,0,2,1,0,Nuwara Eliya Main Warehouse
2023-01-03,BOP,450.1,21559.5,0,1979.51,0,1,1,3,1,0,Nuwara Eliya Main Warehouse
2023-01-03,BOPF,412.6,18055.9,0,1748.18,0,1,1,3,1,0,Nuwara Eliya Main Warehouse
2023-01-03,DUST,329.7,15247.5,0,1630.49,0,1,1,3,1,0,Nuwara Eliya Main Warehouse
2023-01-03,FNGS,253.5,11239.4,0,1542.88,0,1,1,3,1,0,Nuwara Eliya Main Warehouse
2023-01-03,OP,171.2,8603.2,0,3030.68,0,1,1,3,1,0,Nuwara Eliya Main Warehouse
2023-01-04,BOP,403.9,21632.4,0,1987.56,1,1,2,4,1,0,Nuwara Eliya Main Warehouse
2023-01-04,BOPF,383.7,18078.0,0,1708.26,1,1,2,4,1,0,Nuwara Eliya Main Warehouse
2023-01-04,DUST,338.0,15319.7,0,1644.88,1,1,2,4,1,0,Nuwara Eliya Main Warehouse
2023-01-04,FNGS,268.6,11258.7,0,1458.18,1,1,2,4,1,0,Nuwara Eliya Main Warehouse
2023-01-04,OP,164.1,8584.2,0,2938.54,1,1,2,4,1,0,Nuwara Eliya Main Warehouse
2023-01-05,BOP,450.7,21582.9,0,2037.95,0,1,3,5,1,0,Nuwara Eliya Main Warehouse
2023-01-05,BOPF,391.8,18030.6,0,1732.06,0,1,3,5,1,0,Nuwara Eliya Main Warehouse
2023-01-05,DUST,332.9,15377.4,0,1572.06,0,1,3,5,1,0,Nuwara Eliya Main Warehouse
2023-01-05,FNGS,249.1,11263.5,0,1455.22,0,1,3,5,1,0,Nuwara Eliya Main Warehouse
2023-01-05,OP,162.9,8600.5,0,2960.17,0,1,3,5,1,0,Nuwara Eliya Main Warehouse
2023-01-06,BOP,405.5,21561.0,0,1945.76,1,1,4,6,1,0,Nuwara Eliya Main Warehouse
2023-01-06,BOPF,370.2,18067.9,0,1659.38,1,1,4,6,1,0,Nuwara Eliya Main Warehouse
2023-01-06,DUST,296.7,15439.1,0,1627.03,1,1,4,6,1,0,Nuwara Eliya Main Warehouse
2023-01-06,FNGS,225.1,11280.6,0,1435.69,1,1,4,6,1,0,Nuwara Eliya Main Warehouse
2023-01-06,OP,153.7,8594.7,0,3075.68,1,1,4,6,1,0,Nuwara Eliya Main Warehouse
2023-01-07,BOP,322.0,21531.0,0,1913.32,0,1,5,7,1,1,Nuwara Eliya Main Warehouse
2023-01-07,BOPF,281.8,18054.2,0,1638.92,0,1,5,7,1,1,Nuwara Eliya Main Warehouse
2023-01-07,DUST,231.6,15405.4,0,1600.05,0,1,5,7,1,1,Nuwara Eliya Main Warehouse
2023-01-07,FNGS,177.2,11280.0,0,1488.29,0,1,5,7,1,1,Nuwara Eliya Main Warehouse
2023-01-07,OP,131.5,8601.7,0,2853.02,0,1,5,7,1,1,Nuwara Eliya Main Warehouse
2023-01-08,BOP,256.5,21528.2,0,2015.72,0,1,6,8,1,1,Nuwara Eliya Main Warehouse
2023-01-08,BOPF,189.5,18086.7,0,1712.52,0,1,6,8,1,1,Nuwara Eliya Main Warehouse
2023-01-08,DUST,184.9,15449.1,0,1582.21,0,1,6,8,1,1,Nuwara Eliya Main Warehouse
2023-01-08,FNGS,149.2,11313.5,0,1506.23,0,1,6,8,1,1,Nuwara Eliya Main Warehouse
2023-01-08,OP,95.0,8616.8,0,3027.6,0,1,6,8,1,1,Nuwara Eliya Main Warehouse
2023-01-09,BOP,430.3,21541.2,0,2014.84,1,1,0,9,1,0,Nuwara Eliya Main Warehouse
2023-01-09,BOPF,346.5,18148.0,0,1691.93,1,1,0,9,1,0,Nuwara Eliya Main Warehouse
2023-01-09,DUST,322.0,15461.8,0,1645.72,1,1,0,9,1,0,Nuwara Eliya Main Warehouse
2023-01-09,FNGS,221.2,11285.1,0,1453.99,1,1,0,9,1,0,Nuwara Eliya Main Warehouse
2023-01-09,OP,165.8,8638.8,0,2983.48,1,1,0,9,1,0,Nuwara Eliya Main Warehouse
2023-01-10,BOP,434.3,21606.1,0,1980.96,0,1,1,10,1,0,Nuwara Eliya Main Warehouse
2023-01-10,BOPF,352.3,18233.1,0,1737.99,0,1,1,10,1,0,Nuwara Eliya Main Warehouse
2023-01-10,DUST,325.7,15516.9,0,1669.75,0,1,1,10,1,0,Nuwara Eliya Main Warehouse
2023-01-10,FNGS,259.6,11316.1,0,1469.7,0,1,1,10,1,0,Nuwara Eliya Main Warehouse
2023-01-10,OP,157.4,8622.6,0,2933.41,0,1,1,10,1,0,Nuwara Eliya Main Warehouse
2023-01-11,BOP,373.7,21647.4,0,1941.21,1,1,2,11,1,0,Nuwara Eliya Main Warehouse
2023-01-11,BOPF,351.3,18251.0,0,1703.78,1,1,2,11,1,0,Nuwara Eliya Main Warehouse
2023-01-11,DUST,301.4,15487.0,0,1672.98,1,1,2,11,1,0,Nuwara Eliya Main Warehouse
2023-01-11,FNGS,257.5,11369.3,0,1389.5,1,1,2,11,1,0,Nuwara Eliya Main Warehouse
2023-01-11,OP,153.7,8635.9,0,2859.61,1,1,2,11,1,0,Nuwara Eliya Main Warehouse
2023-01-12,BOP,378.6,21684.6,0,1950.32,0,1,3,12,1,0,Nuwara Eliya Main Warehouse
2023-01-12,BOPF,353.1,18262.3,0,1717.75,0,1,3,12,1,0,Nuwara Eliya Main Warehouse
2023-01-12,DUST,291.9,15489.5,0,1660.7,0,1,3,12,1,0,Nuwara Eliya Main Warehouse
2023-01-12,FNGS,236.3,11409.8,0,1539.26,0,1,3,12,1,0,Nuwara Eliya Main Warehouse
2023-01-12,OP,174.7,8677.4,0,2932.88,0,1,3,12,1,0,Nuwara Eliya Main Warehouse
2023-01-13,BOP,356.5,21681.4,0,1879.52,1,1,4,13,1,0,Nuwara Eliya Main Warehouse
2023-01-13,BOPF,322.1,18311.0,0,1629.0,1,1,4,13,1,0,Nuwara Eliya Main Warehouse
2023-01-13,DUST,270.3,15478.3,0,1610.97,1,1,4,13,1,0,Nuwara Eliya Main Warehouse
2023-01-13,FNGS,214.1,11393.5,0,1410.23,1,1,4,13,1,0,Nuwara Eliya Main Warehouse
2023-01-13,OP,143.4,8664.9,0,2883.19,1,1,4,13,1,0,Nuwara Eliya Main Warehouse
2023-01-14,BOP,289.4,21735.4,0,2012.28,0,1,5,14,1,1,Nuwara Eliya Main Warehouse
2023-01-14,BOPF,261.8,18285.6,0,1799.8,0,1,5,14,1,1,Nuwara Eliya Main Warehouse
2023-01-14,DUST,202.4,15471.5,0,1667.44,0,1,5,14,1,1,Nuwara Eliya Main Warehouse
2023-01-14,FNGS,180.8,11387.8,0,1491.81,0,1,5,14,1,1,Nuwara Eliya Main Warehouse
2023-01-14,OP,109.1,8685.8,0,3051.83,0,1,5,14,1,1,Nuwara Eliya Main Warehouse
2023-01-15,BOP,251.3,21745.1,0,2010.46,0,1,6,15,1,1,Nuwara Eliya Main Warehouse
2023-01-15,BOPF,222.7,18300.9,0,1700.16,0,1,6,15,1,1,Nuwara Eliya Main Warehouse
2023-01-15,DUST,187.4,15452.7,0,1648.7,0,1,6,15,1,1,Nuwara Eliya Main Warehouse
2023-01-15,FNGS,154.9,11409.0,0,1486.17,0,1,6,15,1,1,Nuwara Eliya Main Warehouse
2023-01-15,OP,88.4,8697.4,0,2960.04,0,1,6,15,1,1,Nuwara Eliya Main Warehouse
2023-01-16,BOP,387.9,21838.8,0,1877.99,1,1,0,16,1,0,Nuwara Eliya Main Warehouse
2023-01-16,BOPF,351.5,18325.0,0,1742.16,1,1,0,16,1,0,Nuwara Eliya Main Warehouse
2023-01-16,DUST,317.4,15507.4,0,1640.67,1,1,0,16,1,0,Nuwara Eliya Main Warehouse
2023-01-16,FNGS,224.8,11382.8,0,1478.19,1,1,0,16,1,0,Nuwara Eliya Main Warehouse
2023-01-16,OP,169.1,8724.3,0,2895.68,1,1,0,16,1,0,Nuwara Eliya Main Warehouse
2023-01-17,BOP,421.8,21882.5,0,1999.07,0,1,1,17,1,0,Nuwara Eliya Main Warehouse
2023-01-17,BOPF,374.9,18282.2,0,1667.74,0,1,1,17,1,0,Nuwara Eliya Main Warehouse
2023-01-17,DUST,317.0,15461.0,0,1606.11,0,1,1,17,1,0,Nuwara Eliya Main Warehouse
2023-01-17,FNGS,237.2,11424.3,0,1479.26,0,1,1,17,1,0,Nuwara Eliya Main Warehouse
2023-01-17,OP,165.3,8718.2,0,2831.99,0,1,1,17,1,0,Nuwara Eliya Main Warehouse
2023-01-18,BOP,397.7,21842.9,0,1973.48,1,1,2,18,1,0,Nuwara Eliya Main Warehouse
2023-01-18,BOPF,353.7,18288.3,0,1723.46,1,1,2,18,1,0,Nuwara Eliya Main Warehouse
2023-01-18,DUST,338.4,15452.5,0,1611.56,1,1,2,18,1,0,Nuwara Eliya Main Warehouse
2023-01-18,FNGS,225.4,11455.3,0,1433.98,1,1,2,18,1,0,Nuwara Eliya Main Warehouse
2023-01-18,OP,163.9,8712.5,0,2914.05,1,1,2,18,1,0,Nuwara Eliya Main Warehouse
2023-01-19,BOP,394.5,21890.5,0,1894.47,0,1,3,19,1,0,Nuwara Eliya Main Warehouse
2023-01-19,BOPF,379.8,18361.0,0,1645.29,0,1,3,19,1,0,Nuwara Eliya Main Warehouse
2023-01-19,DUST,334.8,15425.7,0,1638.22,0,1,3,19,1,0,Nuwara Eliya Main Warehouse
2023-01-19,FNGS,240.9,11489.4,0,1462.8,0,1,3,19,1,0,Nuwara Eliya Main Warehouse
2023-01-19,OP,162.5,8747.0,0,3057.0,0,1,3,19,1,0,Nuwara Eliya Main Warehouse
2023-01-20,BOP,344.3,21883.6,0,1884.39,1,1,4,20,1,0,Nuwara Eliya Main Warehouse
2023-01-20,BOPF,317.7,18422.1,0,1730.7,1,1,4,20,1,0,Nuwara Eliya Main Warehouse
2023-01-20,DUST,287.6,15450.3,0,1748.35,1,1,4,20,1,0,Nuwara Eliya Main Warehouse
2023-01-20,FNGS,224.2,11464.8,0,1517.38,1,1,4,20,1,0,Nuwara Eliya Main Warehouse
2023-01-20,OP,158.1,8746.0,0,2962.72,1,1,4,20,1,0,Nuwara Eliya Main Warehouse
2023-01-21,BOP,273.9,21917.7,0,1972.19,0,1,5,21,1,1,Nuwara Eliya Main Warehouse
2023-01-21,BOPF,277.7,18391.5,0,1691.55,0,1,5,21,1,1,Nuwara Eliya Main Warehouse
2023-01-21,DUST,233.5,15439.0,0,1649.02,0,1,5,21,1,1,Nuwara Eliya Main Warehouse
2023-01-21,FNGS,157.7,11486.4,0,1529.92,0,1,5,21,1,1,Nuwara Eliya Main Warehouse
2023-01-21,OP,119.8,8731.1,0,2938.43,0,1,5,21,1,1,Nuwara Eliya Main Warehouse
2023-01-22,BOP,218.0,21891.1,0,1929.53,0,1,6,22,1,1,Nuwara Eliya Main Warehouse
2023-01-22,BOPF,191.0,18369.7,0,1710.39,0,1,6,22,1,1,Nuwara Eliya Main Warehouse
2023-01-22,DUST,174.8,15430.9,0,1606.7,0,1,6,22,1,1,Nuwara Eliya Main Warehouse
2023-01-22,FNGS,140.6,11503.6,0,1459.21,0,1,6,22,1,1,Nuwara Eliya Main Warehouse
2023-01-22,OP,120.2,8741.9,0,3096.46,0,1,6,22,1,1,Nuwara Eliya Main Warehouse
2023-01-23,BOP,385.5,21860.2,0,2052.74,1,1,0,23,1,0,Nuwara Eliya Main Warehouse
2023-01-23,BOPF,349.7,18354.0,0,1743.01,1,1,0,23,1,0,Nuwara Eliya Main Warehouse
2023-01-23,DUST,302.8,15444.6,0,1596.53,1,1,0,23,1,0,Nuwara Eliya Main Warehouse
2023-01-23,FNGS,221.3,11543.9,0,1411.45,1,1,0,23,1,0,Nuwara Eliya Main Warehouse
2023-01-23,OP,164.6,8725.5,0,2919.15,1,1,0,23,1,0,Nuwara Eliya Main Warehouse
2023-01-24,BOP,440.7,21945.0,0,2004.74,0,1,1,24,1,0,Nuwara Eliya Main Warehouse
2023-01-24,BOPF,364.8,18427.0,0,1649.3,0,1,1,24,1,0,Nuwara Eliya Main Warehouse
2023-01-24,DUST,338.6,15482.2,0,1612.48,0,1,1,24,1,0,Nuwara Eliya Main Warehouse
2023-01-24,FNGS,235.3,11512.5,0,1444.39,0,1,1,24,1,0,Nuwara Eliya Main Warehouse
2023-01-24,OP,177.5,8755.4,0,2886.28,0,1,1,24,1,0,Nuwara Eliya Main Warehouse
2023-01-25,BOP,396.1,21921.6,0,1978.29,1,1,2,25,1,0,Nuwara Eliya Main Warehouse
2023-01-25,BOPF,369.7,18390.6,0,1676.06,1,1,2,25,1,0,Nuwara Eliya Main Warehouse
2023-01-25,DUST,307.3,15451.1,0,1736.71,1,1,2,25,1,0,Nuwara Eliya Main Warehouse
2023-01-25,FNGS,247.6,11477.7,0,1555.01,1,1,2,25,1,0,Nuwara Eliya Main Warehouse
2023-01-25,OP,173.5,8773.9,0,2988.33,1,1,2,25,1,0,Nuwara Eliya Main Warehouse
2023-01-26,BOP,458.7,22006.3,0,1981.17,0,1,3,26,1,0,Nuwara Eliya Main Warehouse
2023-01-26,BOPF,374.1,18442.2,0,1731.67,0,1,3,26,1,0,Nuwara Eliya Main Warehouse
2023-01-26,DUST,332.5,15424.5,0,1617.01,0,1,3,26,1,0,Nuwara Eliya Main Warehouse
2023-01-26,FNGS,230.3,11477.5,0,1447.09,0,1,3,26,1,0,Nuwara Eliya Main Warehouse
2023-01-26,OP,165.2,8806.9,0,2989.83,0,1,3,26,1,0,Nuwara Eliya Main Warehouse
2023-01-27,BOP,382.6,21991.7,0,2026.14,1,1,4,27,1,0,Nuwara Eliya Main Warehouse
2023-01-27,BOPF,308.0,18408.5,0,1811.53,1,1,4,27,1,0,Nuwara Eliya Main Warehouse
2023-01-27,DUST,300.9,15409.1,0,1677.86,1,1,4,27,1,0,Nuwara Eliya Main Warehouse
2023-01-27,FNGS,215.4,11458.0,0,1473.31,1,1,4,27,1,0,Nuwara Eliya Main Warehouse
2023-01-27,OP,148.2,8831.2,0,2905.5,1,1,4,27,1,0,Nuwara Eliya Main Warehouse
2023-01-28,BOP,296.9,22023.5,0,1999.39,0,1,5,28,1,1,Nuwara Eliya Main Warehouse
2023-01-28,BOPF,240.6,18432.3,0,1702.97,0,1,5,28,1,1,Nuwara Eliya Main Warehouse
2023-01-28,DUST,235.9,15465.6,0,1618.32,0,1,5,28,1,1,Nuwara Eliya Main Warehouse
2023-01-28,FNGS,156.2,11469.5,0,1536.97,0,1,5,28,1,1,Nuwara Eliya Main Warehouse
2023-01-28,OP,125.0,8818.1,0,2887.99,0,1,5,28,1,1,Nuwara Eliya Main Warehouse
2023-01-29,BOP,229.0,22052.7,0,1980.28,0,1,6,29,1,1,Nuwara Eliya Main Warehouse
2023-01-29,BOPF,193.8,18430.9,0,1738.53,0,1,6,29,1,1,Nuwara Eliya Main Warehouse
2023-01-29,DUST,172.3,15467.2,0,1648.06,0,1,6,29,1,1,Nuwara Eliya Main Warehouse
2023-01-29,FNGS,149.0,11501.8,0,1455.47,0,1,6,29,1,1,Nuwara Eliya Main Warehouse
2023-01-29,OP,108.4,8818.3,0,3076.76,0,1,6,29,1,1,Nuwara Eliya Main Warehouse
2023-01-30,BOP,419.1,22075.8,0,1898.28,1,1,0,30,1,0,Nuwara Eliya Main Warehouse
2023-01-30,BOPF,379.7,18493.7,0,1704.72,1,1,0,30,1,0,Nuwara Eliya Main Warehouse
2023-01-30,DUST,304.8,15494.5,0,1672.85,1,1,0,30,1,0,Nuwara Eliya Main Warehouse
2023-01-30,FNGS,236.6,11503.4,0,1470.75,1,1,0,30,1,0,Nuwara Eliya Main Warehouse
2023-01-30,OP,160.7,8844.0,0,2919.04,1,1,0,30,1,0,Nuwara Eliya Main Warehouse
2023-01-31,BOP,410.7,22064.4,0,2122.75,0,1,1,31,1,0,Nuwara Eliya Main Warehouse
2023-01-31,BOPF,376.6,18472.4,0,1804.43,0,1,1,31,1,0,Nuwara Eliya Main Warehouse
2023-01-31,DUST,330.7,15476.8,0,1609.55,0,1,1,31,1,0,Nuwara Eliya Main Warehouse
2023-01-31,FNGS,238.3,11548.1,0,1511.18,0,1,1,31,1,0,Nuwara Eliya Main Warehouse
2023-01-31,OP,172.1,8846.9,0,2833.66,0,1,1,31,1,0,Nuwara Eliya Main Warehouse
2023-02-01,BOP,401.9,22038.3,0,1891.72,1,2,2,32,1,0,Nuwara Eliya Main Warehouse
2023-02-01,BOPF,333.9,18507.7,0,1625.24,1,2,2,32,1,0,Nuwara Eliya Main Warehouse
2023-02-01,DUST,290.6,15490.2,0,1606.44,1,2,2,32,1,0,Nuwara Eliya Main Warehouse
2023-02-01,FNGS,231.7,11513.4,0,1549.8,1,2,2,32,1,0,Nuwara Eliya Main Warehouse
2023-02-01,OP,171.5,8887.9,0,2972.02,1,2,2,32,1,0,Nuwara Eliya Main Warehouse
2023-02-02,BOP,442.4,21977.8,0,1935.74,0,2,3,33,1,0,Nuwara Eliya Main Warehouse
2023-02-02,BOPF,339.2,18488.8,0,1714.87,0,2,3,33,1,0,Nuwara Eliya Main Warehouse
2023-02-02,DUST,297.3,15454.5,0,1713.51,0,2,3,33,1,0,Nuwara Eliya Main Warehouse
2023-02-02,FNGS,232.1,11494.2,0,1450.9,0,2,3,33,1,0,Nuwara Eliya Main Warehouse
2023-02-02,OP,175.2,8913.2,0,3031.17,0,2,3,33,1,0,Nuwara Eliya Main Warehouse
2023-02-03,BOP,356.3,21967.6,0,1861.38,1,2,4,34,1,0,Nuwara Eliya Main Warehouse
2023-02-03,BOPF,335.8,18534.3,0,1631.39,1,2,4,34,1,0,Nuwara Eliya Main Warehouse
2023-02-03,DUST,284.6,15415.7,0,1682.27,1,2,4,34,1,0,Nuwara Eliya Main Warehouse
2023-02-03,FNGS,201.7,11466.4,0,1536.58,1,2,4,34,1,0,Nuwara Eliya Main Warehouse
2023-02-03,OP,153.3,8891.2,0,2940.22,1,2,4,34,1,0,Nuwara Eliya Main Warehouse
2023-02-04,BOP,300.3,22001.1,0,1983.26,0,2,5,35,1,1,Nuwara Eliya Main Warehouse
2023-02-04,BOPF,241.3,18582.5,0,1588.69,0,2,5,35,1,1,Nuwara Eliya Main Warehouse
2023-02-04,DUST,205.6,15423.4,0,1673.36,0,2,5,35,1,1,Nuwara Eliya Main Warehouse
2023-02-04,FNGS,149.6,11463.6,0,1466.39,0,2,5,35,1,1,Nuwara Eliya Main Warehouse
2023-02-04,OP,130.6,8917.5,0,3001.55,0,2,5,35,1,1,Nuwara Eliya Main Warehouse
2023-02-05,BOP,216.8,22049.9,0,1961.88,0,2,6,36,1,1,Nuwara Eliya Main Warehouse
2023-02-05,BOPF,198.4,18562.8,0,1725.08,0,2,6,36,1,1,Nuwara Eliya Main Warehouse
2023-02-05,DUST,165.7,15425.0,0,1673.32,0,2,6,36,1,1,Nuwara Eliya Main Warehouse
2023-02-05,FNGS,158.1,11497.4,0,1441.11,0,2,6,36,1,1,Nuwara Eliya Main Warehouse
2023-02-05,OP,94.7,8907.2,0,2868.66,0,2,6,36,1,1,Nuwara Eliya Main Warehouse
2023-02-06,BOP,389.6,22127.2,0,1996.1,1,2,0,37,1,0,Nuwara Eliya Main Warehouse
2023-02-06,BOPF,331.0,18627.8,0,1717.52,1,2,0,37,1,0,Nuwara Eliya Main Warehouse
2023-02-06,DUST,272.0,15399.1,0,1658.19,1,2,0,37,1,0,Nuwara Eliya Main Warehouse
2023-02-06,FNGS,221.8,11472.7,0,1488.9,1,2,0,37,1,0,Nuwara Eliya Main Warehouse
2023-02-06,OP,164.4,8891.7,0,3009.61,1,2,0,37,1,0,Nuwara Eliya Main Warehouse
2023-02-07,BOP,440.4,22196.1,0,1857.24,0,2,1,38,1,0,Nuwara Eliya Main Warehouse
2023-02-07,BOPF,340.9,18657.7,0,1697.02,0,2,1,38,1,0,Nuwara Eliya Main Warehouse
2023-02-07,DUST,304.4,15437.2,0,1730.76,0,2,1,38,1,0,Nuwara Eliya Main Warehouse
2023-02-07,FNGS,236.6,11494.6,0,1429.9,0,2,1,38,1,0,Nuwara Eliya Main Warehouse
2023-02-07,OP,175.0,8916.9,0,2876.81,0,2,1,38,1,0,Nuwara Eliya Main Warehouse
2023-02-08,BOP,388.0,22260.3,0,2015.66,1,2,2,39,1,0,Nuwara Eliya Main Warehouse
2023-02-08,BOPF,372.5,18620.7,0,1705.82,1,2,2,39,1,0,Nuwara Eliya Main Warehouse
2023-02-08,DUST,316.3,15515.3,0,1639.09,1,2,2,39,1,0,Nuwara Eliya Main Warehouse
2023-02-08,FNGS,245.0,11502.1,0,1498.45,1,2,2,39,1,0,Nuwara Eliya Main Warehouse
2023-02-08,OP,156.5,8947.6,0,2982.89,1,2,2,39,1,0,Nuwara Eliya Main Warehouse
2023-02-09,BOP,428.4,22310.0,0,1909.22,0,2,3,40,1,0,Nuwara Eliya Main Warehouse
2023-02-09,BOPF,375.1,18628.6,0,1861.68,0,2,3,40,1,0,Nuwara Eliya Main Warehouse
2023-02-09,DUST,287.8,15517.7,0,1664.01,0,2,3,40,1,0,Nuwara Eliya Main Warehouse
2023-02-09,FNGS,268.6,11562.6,0,1611.01,0,2,3,40,1,0,Nuwara Eliya Main Warehouse
2023-02-09,OP,157.0,8957.7,0,3021.94,0,2,3,40,1,0,Nuwara Eliya Main Warehouse
2023-02-10,BOP,372.0,22292.9,0,1945.9,1,2,4,41,1,0,Nuwara Eliya Main Warehouse
2023-02-10,BOPF,299.7,18602.9,0,1698.67,1,2,4,41,1,0,Nuwara Eliya Main Warehouse
2023-02-10,DUST,274.3,15545.1,0,1569.81,1,2,4,41,1,0,Nuwara Eliya Main Warehouse
2023-02-10,FNGS,197.2,11542.7,0,1525.27,1,2,4,41,1,0,Nuwara Eliya Main Warehouse
2023-02-10,OP,159.8,8952.2,0,2965.95,1,2,4,41,1,0,Nuwara Eliya Main Warehouse
2023-02-11,BOP,267.7,22349.9,0,2006.01,0,2,5,42,1,1,Nuwara Eliya Main Warehouse
2023-02-11,BOPF,269.8,18638.0,0,1736.13,0,2,5,42,1,1,Nuwara Eliya Main Warehouse
2023-02-11,DUST,210.8,15594.7,0,1599.03,0,2,5,42,1,1,Nuwara Eliya Main Warehouse
2023-02-11,FNGS,170.5,11531.6,0,1474.53,0,2,5,42,1,1,Nuwara Eliya Main Warehouse
2023-02-11,OP,110.3,8951.2,0,2854.09,0,2,5,42,1,1,Nuwara Eliya Main Warehouse
2023-02-12,BOP,242.6,22378.6,0,1968.94,0,2,6,43,1,1,Nuwara Eliya Main Warehouse
2023-02-12,BOPF,196.0,18668.1,0,1679.9,0,2,6,43,1,1,Nuwara Eliya Main Warehouse
2023-02-12,DUST,168.4,15625.4,0,1581.66,0,2,6,43,1,1,Nuwara Eliya Main Warehouse
2023-02-12,FNGS,131.0,11513.5,0,1523.23,0,2,6,43,1,1,Nuwara Eliya Main Warehouse
2023-02-12,OP,89.6,8950.0,0,2857.93,0,2,6,43,1,1,Nuwara Eliya Main Warehouse
2023-02-13,BOP,409.1,22408.9,0,1973.0,1,2,0,44,1,0,Nuwara Eliya Main Warehouse
2023-02-13,BOPF,353.2,18630.1,0,1725.92,1,2,0,44,1,0,Nuwara Eliya Main Warehouse
2023-02-13,DUST,310.1,15636.4,0,1696.86,1,2,0,44,1,0,Nuwara Eliya Main Warehouse
2023-02-13,FNGS,222.8,11518.7,0,1440.01,1,2,0,44,1,0,Nuwara Eliya Main Warehouse
2023-02-13,OP,170.3,8946.7,0,3092.1,1,2,0,44,1,0,Nuwara Eliya Main Warehouse
2023-02-14,BOP,418.4,22364.8,0,1999.06,0,2,1,45,1,0,Nuwara Eliya Main Warehouse
2023-02-14,BOPF,381.9,18650.1,0,1700.11,0,2,1,45,1,0,Nuwara Eliya Main Warehouse
2023-02-14,DUST,333.6,15684.8,0,1519.04,0,2,1,45,1,0,Nuwara Eliya Main Warehouse
2023-02-14,FNGS,229.8,11509.8,0,1447.17,0,2,1,45,1,0,Nuwara Eliya Main Warehouse
2023-02-14,OP,173.9,8937.5,0,2893.96,0,2,1,45,1,0,Nuwara Eliya Main Warehouse
2023-02-15,BOP,369.9,22375.4,0,1978.64,1,2,2,46,1,0,Nuwara Eliya Main Warehouse
2023-02-15,BOPF,350.2,18711.7,0,1691.86,1,2,2,46,1,0,Nuwara Eliya Main Warehouse
2023-02-15,DUST,319.6,15653.2,0,1619.14,1,2,2,46,1,0,Nuwara Eliya Main Warehouse
2023-02-15,FNGS,221.8,11553.7,0,1476.1,1,2,2,46,1,0,Nuwara Eliya Main Warehouse
2023-02-15,OP,165.9,8953.1,0,3022.95,1,2,2,46,1,0,Nuwara Eliya Main Warehouse
2023-02-16,BOP,379.7,22388.4,0,1936.05,0,2,3,47,1,0,Nuwara Eliya Main Warehouse
2023-02-16,BOPF,341.5,18788.4,0,1800.33,0,2,3,47,1,0,Nuwara Eliya Main Warehouse
2023-02-16,DUST,290.3,15669.1,0,1498.75,0,2,3,47,1,0,Nuwara Eliya Main Warehouse
2023-02-16,FNGS,229.9,11574.9,0,1483.13,0,2,3,47,1,0,Nuwara Eliya Main Warehouse
2023-02-16,OP,160.1,8986.7,0,2968.83,0,2,3,47,1,0,Nuwara Eliya Main Warehouse
2023-02-17,BOP,353.7,22457.6,0,1945.88,1,2,4,48,1,0,Nuwara Eliya Main Warehouse
2023-02-17,BOPF,329.6,18806.6,0,1769.26,1,2,4,48,1,0,Nuwara Eliya Main Warehouse
2023-02-17,DUST,302.6,15657.5,0,1599.41,1,2,4,48,1,0,Nuwara Eliya Main Warehouse
2023-02-17,FNGS,194.6,11593.5,0,1425.23,1,2,4,48,1,0,Nuwara Eliya Main Warehouse
2023-02-17,OP,144.0,8982.8,0,2874.75,1,2,4,48,1,0,Nuwara Eliya Main Warehouse
2023-02-18,BOP,277.0,22476.7,0,1967.01,0,2,5,49,1,1,Nuwara Eliya Main Warehouse
2023-02-18,BOPF,227.5,18859.0,0,1718.81,0,2,5,49,1,1,Nuwara Eliya Main Warehouse
2023-02-18,DUST,228.3,15638.0,0,1615.35,0,2,5,49,1,1,Nuwara Eliya Main Warehouse
2023-02-18,FNGS,175.7,11604.5,0,1466.78,0,2,5,49,1,1,Nuwara Eliya Main Warehouse
2023-02-18,OP,119.1,8973.8,0,2914.55,0,2,5,49,1,1,Nuwara Eliya Main Warehouse
2023-02-19,BOP,242.3,22477.2,0,1905.68,0,2,6,50,1,1,Nuwara Eliya Main Warehouse
2023-02-19,BOPF,223.4,18873.3,0,1600.3,0,2,6,50,1,1,Nuwara Eliya Main Warehouse
2023-02-19,DUST,171.3,15641.5,0,1702.69,0,2,6,50,1,1,Nuwara Eliya Main Warehouse
2023-02-19,FNGS,139.1,11588.8,0,1473.68,0,2,6,50,1,1,Nuwara Eliya Main Warehouse
2023-02-19,OP,110.4,8994.3,0,3102.29,0,2,6,50,1,1,Nuwara Eliya Main Warehouse
2023-02-20,BOP,393.8,22572.0,0,2010.8,1,2,0,51,1,0,Nuwara Eliya Main Warehouse
2023-02-20,BOPF,346.5,18876.0,0,1694.86,1,2,0,51,1,0,Nuwara Eliya Main Warehouse
2023-02-20,DUST,286.7,15613.5,0,1656.85,1,2,0,51,1,0,Nuwara Eliya Main Warehouse
2023-02-20,FNGS,233.0,11595.3,0,1544.62,1,2,0,51,1,0,Nuwara Eliya Main Warehouse
2023-02-20,OP,160.7,9017.9,0,3252.84,1,2,0,51,1,0,Nuwara Eliya Main Warehouse
2023-02-21,BOP,380.8,22531.7,0,1971.68,0,2,1,52,1,0,Nuwara Eliya Main Warehouse
2023-02-21,BOPF,348.4,18941.9,0,1843.89,0,2,1,52,1,0,Nuwara Eliya Main Warehouse
2023-02-21,DUST,326.0,15655.8,0,1599.78,0,2,1,52,1,0,Nuwara Eliya Main Warehouse
2023-02-21,FNGS,232.4,11653.3,0,1425.64,0,2,1,52,1,0,Nuwara Eliya Main Warehouse
2023-02-21,OP,180.6,9058.0,0,2933.26,0,2,1,52,1,0,Nuwara Eliya Main Warehouse
2023-02-22,BOP,407.3,22539.5,0,1959.94,1,2,2,53,1,0,Nuwara Eliya Main Warehouse
2023-02-22,BOPF,342.4,18958.1,0,1701.43,1,2,2,53,1,0,Nuwara Eliya Main Warehouse
2023-02-22,DUST,307.5,15665.8,0,1688.2,1,2,2,53,1,0,Nuwara Eliya Main Warehouse
2023-02-22,FNGS,229.8,11695.6,0,1421.84,1,2,2,53,1,0,Nuwara Eliya Main Warehouse
2023-02-22,OP,156.1,9044.9,0,2927.66,1,2,2,53,1,0,Nuwara Eliya Main Warehouse
2023-02-23,BOP,405.3,22485.5,0,2022.11,0,2,3,54,1,0,Nuwara Eliya Main Warehouse
2023-02-23,BOPF,323.6,18970.7,0,1766.37,0,2,3,54,1,0,Nuwara Eliya Main Warehouse
2023-02-23,DUST,287.9,15683.8,0,1639.58,0,2,3,54,1,0,Nuwara Eliya Main Warehouse
2023-02-23,FNGS,233.3,11744.0,0,1487.54,0,2,3,54,1,0,Nuwara Eliya Main Warehouse
2023-02-23,OP,160.0,9030.2,0,2822.7,0,2,3,54,1,0,Nuwara Eliya Main Warehouse
2023-02-24,BOP,369.1,22539.4,0,1949.4,1,2,4,55,1,0,Nuwara Eliya Main Warehouse
2023-02-24,BOPF,307.1,18984.8,0,1782.95,1,2,4,55,1,0,Nuwara Eliya Main Warehouse
2023-02-24,DUST,271.6,15658.9,0,1640.61,1,2,4,55,1,0,Nuwara Eliya Main Warehouse
2023-02-24,FNGS,197.7,11779.5,0,1528.6,1,2,4,55,1,0,Nuwara Eliya Main Warehouse
2023-02-24,OP,144.2,9039.8,0,2821.93,1,2,4,55,1,0,Nuwara Eliya Main Warehouse
2023-02-25,BOP,299.1,22604.3,0,1946.07,0,2,5,56,1,1,Nuwara Eliya Main Warehouse
2023-02-25,BOPF,241.6,19030.4,0,1723.64,0,2,5,56,1,1,Nuwara Eliya Main Warehouse
2023-02-25,DUST,207.9,15639.4,0,1583.05,0,2,5,56,1,1,Nuwara Eliya Main Warehouse
2023-02-25,FNGS,161.4,11761.9,0,1503.53,0,2,5,56,1,1,Nuwara Eliya Main Warehouse
2023-02-25,OP,109.0,9050.2,0,2888.72,0,2,5,56,1,1,Nuwara Eliya Main Warehouse
2023-02-26,BOP,246.4,22595.0,0,1929.44,0,2,6,57,1,1,Nuwara Eliya Main Warehouse
2023-02-26,BOPF,186.2,19064.4,0,1672.2,0,2,6,57,1,1,Nuwara Eliya Main Warehouse
2023-02-26,DUST,165.9,15653.2,0,1593.05,0,2,6,57,1,1,Nuwara Eliya Main Warehouse
2023-02-26,FNGS,129.0,11754.3,0,1493.18,0,2,6,57,1,1,Nuwara Eliya Main Warehouse
2023-02-26,OP,97.7,9054.3,0,2923.56,0,2,6,57,1,1,Nuwara Eliya Main Warehouse
2023-02-27,BOP,399.2,22672.2,0,1975.51,1,2,0,58,1,0,Nuwara Eliya Main Warehouse
2023-02-27,BOPF,343.3,19068.4,0,1594.88,1,2,0,58,1,0,Nuwara Eliya Main Warehouse
2023-02-27,DUST,312.3,15729.4,0,1600.84,1,2,0,58,1,0,Nuwara Eliya Main Warehouse
2023-02-27,FNGS,218.6,11721.8,0,1468.45,1,2,0,58,1,0,Nuwara Eliya Main Warehouse
2023-02-27,OP,161.8,9068.8,0,2959.0,1,2,0,58,1,0,Nuwara Eliya Main Warehouse
2023-02-28,BOP,405.0,22658.7,0,1973.72,0,2,1,59,1,0,Nuwara Eliya Main Warehouse
2023-02-28,BOPF,366.0,19062.3,0,1746.6,0,2,1,59,1,0,Nuwara Eliya Main Warehouse
2023-02-28,DUST,321.0,15693.6,0,1641.48,0,2,1,59,1,0,Nuwara Eliya Main Warehouse
2023-02-28,FNGS,214.4,11715.6,0,1509.07,0,2,1,59,1,0,Nuwara Eliya Main Warehouse
2023-02-28,OP,168.5,9055.7,0,3019.32,0,2,1,59,1,0,Nuwara Eliya Main Warehouse
2023-03-01,BOP,368.1,22737.6,0,1919.76,1,3,2,60,1,0,Nuwara Eliya Main Warehouse
2023-03-01,BOPF,348.8,19078.6,0,1673.87,1,3,2,60,1,0,Nuwara Eliya Main Warehouse
2023-03-01,DUST,317.0,15682.3,0,1643.05,1,3,2,60,1,0,Nuwara Eliya Main Warehouse
2023-03-01,FNGS,248.1,11689.2,0,1515.5,1,3,2,60,1,0,Nuwara Eliya Main Warehouse
2023-03-01,OP,178.0,9063.1,0,2980.1,1,3,2,60,1,0,Nuwara Eliya Main Warehouse
2023-03-02,BOP,401.8,22798.5,0,1947.01,0,3,3,61,1,0,Nuwara Eliya Main Warehouse
2023-03-02,BOPF,358.0,19106.9,0,1722.15,0,3,3,61,1,0,Nuwara Eliya Main Warehouse
2023-03-02,DUST,312.0,15744.0,0,1711.34,0,3,3,61,1,0,Nuwara Eliya Main Warehouse
2023-03-02,FNGS,222.6,11697.9,0,1470.07,0,3,3,61,1,0,Nuwara Eliya Main Warehouse
2023-03-02,OP,163.2,9081.6,0,3021.12,0,3,3,61,1,0,Nuwara Eliya Main Warehouse
2023-03-03,BOP,362.4,22860.9,0,1920.4,1,3,4,62,1,0,Nuwara Eliya Main Warehouse
2023-03-03,BOPF,302.5,19090.4,0,1652.96,1,3,4,62,1,0,Nuwara Eliya Main Warehouse
2023-03-03,DUST,260.5,15712.4,0,1657.56,1,3,4,62,1,0,Nuwara Eliya Main Warehouse
2023-03-03,FNGS,222.8,11724.8,0,1441.14,1,3,4,62,1,0,Nuwara Eliya Main Warehouse
2023-03-03,OP,155.0,9085.2,0,2910.39,1,3,4,62,1,0,Nuwara Eliya Main Warehouse
2023-03-04,BOP,283.6,22820.4,0,1918.02,0,3,5,63,1,1,Nuwara Eliya Main Warehouse
2023-03-04,BOPF,262.9,19134.4,0,1700.93,0,3,5,63,1,1,Nuwara Eliya Main Warehouse
2023-03-04,DUST,205.0,15753.5,0,1513.87,0,3,5,63,1,1,Nuwara Eliya Main Warehouse
2023-03-04,FNGS,176.7,11760.1,0,1441.51,0,3,5,63,1,1,Nuwara Eliya Main Warehouse
2023-03-04,OP,117.2,9099.5,0,2956.22,0,3,5,63,1,1,Nuwara Eliya Main Warehouse
2023-03-05,BOP,205.9,22868.8,0,1861.27,0,3,6,64,1,1,Nuwara Eliya Main Warehouse
2023-03-05,BOPF,206.1,19143.6,0,1715.58,0,3,6,64,1,1,Nuwara Eliya Main Warehouse
2023-03-05,DUST,198.7,15765.4,0,1652.1,0,3,6,64,1,1,Nuwara Eliya Main Warehouse
2023-03-05,FNGS,124.3,11778.8,0,1518.09,0,3,6,64,1,1,Nuwara Eliya Main Warehouse
2023-03-05,OP,110.8,9102.9,0,2931.78,0,3,6,64,1,1,Nuwara Eliya Main Warehouse
2023-03-06,BOP,369.7,22920.8,0,1944.6,1,3,0,65,1,0,Nuwara Eliya Main Warehouse
2023-03-06,BOPF,370.0,19137.5,0,1727.11,1,3,0,65,1,0,Nuwara Eliya Main Warehouse
2023-03-06,DUST,299.3,15769.4,0,1572.57,1,3,0,65,1,0,Nuwara Eliya Main Warehouse
2023-03-06,FNGS,216.4,11827.5,0,1416.43,1,3,0,65,1,0,Nuwara Eliya Main Warehouse
2023-03-06,OP,175.9,9099.9,0,2856.17,1,3,0,65,1,0,Nuwara Eliya Main Warehouse
2023-03-07,BOP,426.7,22908.8,0,1863.08,0,3,1,66,1,0,Nuwara Eliya Main Warehouse
2023-03-07,BOPF,398.7,19094.8,0,1660.0,0,3,1,66,1,0,Nuwara Eliya Main Warehouse
2023-03-07,DUST,288.6,15761.8,0,1595.19,0,3,1,66,1,0,Nuwara Eliya Main Warehouse
2023-03-07,FNGS,264.9,11793.5,0,1551.83,0,3,1,66,1,0,Nuwara Eliya Main Warehouse
2023-03-07,OP,168.5,9095.1,0,2796.96,0,3,1,66,1,0,Nuwara Eliya Main Warehouse
2023-03-08,BOP,399.3,22981.4,0,1932.0,1,3,2,67,1,0,Nuwara Eliya Main Warehouse
2023-03-08,BOPF,344.6,19076.0,0,1772.47,1,3,2,67,1,0,Nuwara Eliya Main Warehouse
2023-03-08,DUST,308.1,15752.2,0,1602.46,1,3,2,67,1,0,Nuwara Eliya Main Warehouse
2023-03-08,FNGS,252.5,11756.9,0,1462.33,1,3,2,67,1,0,Nuwara Eliya Main Warehouse
2023-03-08,OP,155.1,9097.4,0,2906.78,1,3,2,67,1,0,Nuwara Eliya Main Warehouse
2023-03-09,BOP,406.8,22966.2,0,1923.82,0,3,3,68,1,0,Nuwara Eliya Main Warehouse
2023-03-09,BOPF,339.8,19154.1,0,1685.41,0,3,3,68,1,0,Nuwara Eliya Main Warehouse
2023-03-09,DUST,309.6,15743.7,0,1609.49,0,3,3,68,1,0,Nuwara Eliya Main Warehouse
2023-03-09,FNGS,229.7,11783.2,0,1494.59,0,3,3,68,1,0,Nuwara Eliya Main Warehouse
2023-03-09,OP,155.9,9075.4,0,2754.79,0,3,3,68,1,0,Nuwara Eliya Main Warehouse
2023-03-10,BOP,359.1,23037.7,0,2016.34,1,3,4,69,1,0,Nuwara Eliya Main Warehouse
2023-03-10,BOPF,312.1,19145.3,0,1633.16,1,3,4,69,1,0,Nuwara Eliya Main Warehouse
2023-03-10,DUST,281.4,15801.0,0,1576.51,1,3,4,69,1,0,Nuwara Eliya Main Warehouse
2023-03-10,FNGS,213.0,11775.9,0,1511.17,1,3,4,69,1,0,Nuwara Eliya Main Warehouse
2023-03-10,OP,148.7,9092.9,0,2868.23,1,3,4,69,1,0,Nuwara Eliya Main Warehouse
2023-03-11,BOP,279.2,23008.3,0,1901.76,0,3,5,70,1,1,Nuwara Eliya Main Warehouse
2023-03-11,BOPF,256.3,19124.2,0,1709.35,0,3,5,70,1,1,Nuwara Eliya Main Warehouse
2023-03-11,DUST,200.4,15829.0,0,1650.02,0,3,5,70,1,1,Nuwara Eliya Main Warehouse
2023-03-11,FNGS,158.5,11768.2,0,1453.08,0,3,5,70,1,1,Nuwara Eliya Main Warehouse
2023-03-11,OP,120.0,9115.4,0,3009.39,0,3,5,70,1,1,Nuwara Eliya Main Warehouse
2023-03-12,BOP,248.7,23041.0,0,1915.98,0,3,6,71,1,1,Nuwara Eliya Main Warehouse
2023-03-12,BOPF,226.6,19132.0,0,1716.44,0,3,6,71,1,1,Nuwara Eliya Main Warehouse
2023-03-12,DUST,205.1,15853.2,0,1575.07,0,3,6,71,1,1,Nuwara Eliya Main Warehouse
2023-03-12,FNGS,143.0,11765.7,0,1462.59,0,3,6,71,1,1,Nuwara Eliya Main Warehouse
2023-03-12,OP,103.8,9114.6,0,2978.94,0,3,6,71,1,1,Nuwara Eliya Main Warehouse
2023-03-13,BOP,380.8,23066.3,0,1937.19,1,3,0,72,1,0,Nuwara Eliya Main Warehouse
2023-03-13,BOPF,333.4,19122.9,0,1722.69,1,3,0,72,1,0,Nuwara Eliya Main Warehouse
2023-03-13,DUST,276.3,15900.0,0,1657.37,1,3,0,72,1,0,Nuwara Eliya Main Warehouse
2023-03-13,FNGS,220.6,11756.4,0,1487.55,1,3,0,72,1,0,Nuwara Eliya Main Warehouse
2023-03-13,OP,162.1,9093.3,0,2965.81,1,3,0,72,1,0,Nuwara Eliya Main Warehouse
2023-03-14,BOP,408.6,23020.8,0,1926.3,0,3,1,73,1,0,Nuwara Eliya Main Warehouse
2023-03-14,BOPF,364.8,19073.3,0,1781.21,0,3,1,73,1,0,Nuwara Eliya Main Warehouse
2023-03-14,DUST,311.6,15885.3,0,1744.92,0,3,1,73,1,0,Nuwara Eliya Main Warehouse
2023-03-14,FNGS,215.4,11768.1,0,1446.25,0,3,1,73,1,0,Nuwara Eliya Main Warehouse
2023-03-14,OP,164.8,9133.6,0,3063.38,0,3,1,73,1,0,Nuwara Eliya Main Warehouse
2023-03-15,BOP,391.6,22999.9,0,2034.63,1,3,2,74,1,0,Nuwara Eliya Main Warehouse
2023-03-15,BOPF,350.6,19066.0,0,1703.64,1,3,2,74,1,0,Nuwara Eliya Main Warehouse
2023-03-15,DUST,330.2,15917.4,0,1579.2,1,3,2,74,1,0,Nuwara Eliya Main Warehouse
2023-03-15,FNGS,219.6,11773.8,0,1437.37,1,3,2,74,1,0,Nuwara Eliya Main Warehouse
2023-03-15,OP,157.9,9126.6,0,2903.23,1,3,2,74,1,0,Nuwara Eliya Main Warehouse
2023-03-16,BOP,385.8,22944.0,0,1895.58,0,3,3,75,1,0,Nuwara Eliya Main Warehouse
2023-03-16,BOPF,357.7,19090.2,0,1709.43,0,3,3,75,1,0,Nuwara Eliya Main Warehouse
2023-03-16,DUST,309.0,15927.9,0,1627.9,0,3,3,75,1,0,Nuwara Eliya Main Warehouse
2023-03-16,FNGS,230.5,11786.5,0,1441.24,0,3,3,75,1,0,Nuwara Eliya Main Warehouse
2023-03-16,OP,163.0,9110.4,0,3021.91,0,3,3,75,1,0,Nuwara Eliya Main Warehouse
2023-03-17,BOP,353.0,22957.2,0,1937.85,1,3,4,76,1,0,Nuwara Eliya Main Warehouse
2023-03-17,BOPF,341.9,19114.4,0,1661.75,1,3,4,76,1,0,Nuwara Eliya Main Warehouse
2023-03-17,DUST,286.2,15974.6,0,1523.9,1,3,4,76,1,0,Nuwara Eliya Main Warehouse
2023-03-17,FNGS,198.3,11810.1,0,1533.2,1,3,4,76,1,0,Nuwara Eliya Main Warehouse
2023-03-17,OP,160.3,9110.0,0,2897.03,1,3,4,76,1,0,Nuwara Eliya Main Warehouse
2023-03-18,BOP,283.3,22948.9,0,1977.47,0,3,5,77,1,1,Nuwara Eliya Main Warehouse
2023-03-18,BOPF,242.6,19112.6,0,1755.36,0,3,5,77,1,1,Nuwara Eliya Main Warehouse
2023-03-18,DUST,199.0,15969.3,0,1627.36,0,3,5,77,1,1,Nuwara Eliya Main Warehouse
2023-03-18,FNGS,164.9,11810.9,0,1499.23,0,3,5,77,1,1,Nuwara Eliya Main Warehouse
2023-03-18,OP,124.3,9128.1,0,2988.34,0,3,5,77,1,1,Nuwara Eliya Main Warehouse
2023-03-19,BOP,221.9,22968.7,0,2008.08,0,3,6,78,1,1,Nuwara Eliya Main Warehouse
2023-03-19,BOPF,176.6,19117.7,0,1724.56,0,3,6,78,1,1,Nuwara Eliya Main Warehouse
2023-03-19,DUST,183.3,15989.0,0,1671.36,0,3,6,78,1,1,Nuwara Eliya Main Warehouse
2023-03-19,FNGS,127.0,11804.7,0,1449.3,0,3,6,78,1,1,Nuwara Eliya Main Warehouse
2023-03-19,OP,102.8,9124.8,0,2978.13,0,3,6,78,1,1,Nuwara Eliya Main Warehouse
2023-03-20,BOP,415.3,22955.8,0,1938.21,1,3,0,79,1,0,Nuwara Eliya Main Warehouse
2023-03-20,BOPF,357.3,19202.1,0,1695.31,1,3,0,79,1,0,Nuwara Eliya Main Warehouse
2023-03-20,DUST,297.8,16049.4,0,1675.09,1,3,0,79,1,0,Nuwara Eliya Main Warehouse
2023-03-20,FNGS,220.2,11786.3,0,1519.38,1,3,0,79,1,0,Nuwara Eliya Main Warehouse
2023-03-20,OP,166.4,9138.1,0,2982.87,1,3,0,79,1,0,Nuwara Eliya Main Warehouse
2023-03-21,BOP,390.1,22944.0,0,1852.99,0,3,1,80,1,0,Nuwara Eliya Main Warehouse
2023-03-21,BOPF,344.8,19202.4,0,1623.27,0,3,1,80,1,0,Nuwara Eliya Main Warehouse
2023-03-21,DUST,294.1,16052.6,0,1645.29,0,3,1,80,1,0,Nuwara Eliya Main Warehouse
2023-03-21,FNGS,246.9,11783.7,0,1451.84,0,3,1,80,1,0,Nuwara Eliya Main Warehouse
2023-03-21,OP,162.4,9140.7,0,2933.16,0,3,1,80,1,0,Nuwara Eliya Main Warehouse
2023-03-22,BOP,397.3,23002.6,0,1951.25,1,3,2,81,1,0,Nuwara Eliya Main Warehouse
2023-03-22,BOPF,350.9,19186.1,0,1786.15,1,3,2,81,1,0,Nuwara Eliya Main Warehouse
2023-03-22,DUST,318.1,16013.4,0,1683.16,1,3,2,81,1,0,Nuwara Eliya Main Warehouse
2023-03-22,FNGS,236.9,11818.5,0,1401.01,1,3,2,81,1,0,Nuwara Eliya Main Warehouse
2023-03-22,OP,159.1,9124.3,0,2992.67,1,3,2,81,1,0,Nuwara Eliya Main Warehouse
2023-03-23,BOP,386.2,22952.1,0,2034.75,0,3,3,82,1,0,Nuwara Eliya Main Warehouse
2023-03-23,BOPF,361.0,19167.1,0,1656.41,0,3,3,82,1,0,Nuwara Eliya Main Warehouse
2023-03-23,DUST,289.1,16029.7,0,1760.31,0,3,3,82,1,0,Nuwara Eliya Main Warehouse
2023-03-23,FNGS,230.5,11853.7,0,1512.29,0,3,3,82,1,0,Nuwara Eliya Main Warehouse
2023-03-23,OP,155.0,9121.6,0,2999.45,0,3,3,82,1,0,Nuwara Eliya Main Warehouse
2023-03-24,BOP,387.3,23033.8,0,1975.51,1,3,4,83,1,0,Nuwara Eliya Main Warehouse
2023-03-24,BOPF,322.0,19177.7,0,1687.46,1,3,4,83,1,0,Nuwara Eliya Main Warehouse
2023-03-24,DUST,264.5,16026.6,0,1721.66,1,3,4,83,1,0,Nuwara Eliya Main Warehouse
2023-03-24,FNGS,220.4,11879.4,0,1552.27,1,3,4,83,1,0,Nuwara Eliya Main Warehouse
2023-03-24,OP,146.3,9142.0,0,2846.08,1,3,4,83,1,0,Nuwara Eliya Main Warehouse
2023-03-25,BOP,283.3,23087.9,0,1973.11,0,3,5,84,1,1,Nuwara Eliya Main Warehouse
2023-03-25,BOPF,245.4,19215.5,0,1733.73,0,3,5,84,1,1,Nuwara Eliya Main Warehouse
2023-03-25,DUST,220.9,16052.9,0,1617.85,0,3,5,84,1,1,Nuwara Eliya Main Warehouse
2023-03-25,FNGS,171.1,11869.8,0,1506.67,0,3,5,84,1,1,Nuwara Eliya Main Warehouse
2023-03-25,OP,114.2,9152.9,0,3037.74,0,3,5,84,1,1,Nuwara Eliya Main Warehouse
2023-03-26,BOP,251.4,23117.4,0,1901.12,0,3,6,85,1,1,Nuwara Eliya Main Warehouse
2023-03-26,BOPF,195.5,19202.3,0,1658.28,0,3,6,85,1,1,Nuwara Eliya Main Warehouse
2023-03-26,DUST,176.6,16093.6,0,1574.79,0,3,6,85,1,1,Nuwara Eliya Main Warehouse
2023-03-26,FNGS,154.6,11883.0,0,1404.07,0,3,6,85,1,1,Nuwara Eliya Main Warehouse
2023-03-26,OP,108.0,9141.8,0,2862.85,0,3,6,85,1,1,Nuwara Eliya Main Warehouse
2023-03-27,BOP,363.2,23149.1,0,1895.56,1,3,0,86,1,0,Nuwara Eliya Main Warehouse
2023-03-27,BOPF,296.5,19241.9,0,1643.96,1,3,0,86,1,0,Nuwara Eliya Main Warehouse
2023-03-27,DUST,301.2,16106.9,0,1623.49,1,3,0,86,1,0,Nuwara Eliya Main Warehouse
2023-03-27,FNGS,224.1,11900.5,0,1482.45,1,3,0,86,1,0,Nuwara Eliya Main Warehouse
2023-03-27,OP,155.9,9128.6,0,2893.18,1,3,0,86,1,0,Nuwara Eliya Main Warehouse
2023-03-28,BOP,412.9,23234.5,0,1961.39,0,3,1,87,1,0,Nuwara Eliya Main Warehouse
2023-03-28,BOPF,371.0,19189.4,0,1613.44,0,3,1,87,1,0,Nuwara Eliya Main Warehouse
2023-03-28,DUST,307.9,16118.1,0,1598.46,0,3,1,87,1,0,Nuwara Eliya Main Warehouse
2023-03-28,FNGS,233.5,11910.7,0,1472.01,0,3,1,87,1,0,Nuwara Eliya Main Warehouse
2023-03-28,OP,159.6,9145.6,0,2987.4,0,3,1,87,1,0,Nuwara Eliya Main Warehouse
2023-03-29,BOP,418.5,23202.8,0,1881.36,1,3,2,88,1,0,Nuwara Eliya Main Warehouse
2023-03-29,BOPF,349.5,19195.5,0,1751.83,1,3,2,88,1,0,Nuwara Eliya Main Warehouse
2023-03-29,DUST,326.4,16154.6,0,1663.59,1,3,2,88,1,0,Nuwara Eliya Main Warehouse
2023-03-29,FNGS,220.5,11926.1,0,1499.53,1,3,2,88,1,0,Nuwara Eliya Main Warehouse
2023-03-29,OP,177.0,9176.6,0,3017.51,1,3,2,88,1,0,Nuwara Eliya Main Warehouse
2023-03-30,BOP,396.7,23155.8,0,2004.03,0,3,3,89,1,0,Nuwara Eliya Main Warehouse
2023-03-30,BOPF,373.6,19255.4,0,1690.41,0,3,3,89,1,0,Nuwara Eliya Main Warehouse
2023-03-30,DUST,288.0,16123.4,0,1587.79,0,3,3,89,1,0,Nuwara Eliya Main Warehouse
2023-03-30,FNGS,226.3,11936.7,0,1448.16,0,3,3,89,1,0,Nuwara Eliya Main Warehouse
2023-03-30,OP,157.4,9175.0,0,2985.97,0,3,3,89,1,0,Nuwara Eliya Main Warehouse
2023-03-31,BOP,380.4,23135.2,0,1913.81,1,3,4,90,1,0,Nuwara Eliya Main Warehouse
2023-03-31,BOPF,324.1,19250.7,0,1859.29,1,3,4,90,1,0,Nuwara Eliya Main Warehouse
2023-03-31,DUST,268.3,16110.3,0,1639.44,1,3,4,90,1,0,Nuwara Eliya Main Warehouse
2023-03-31,FNGS,221.6,11953.6,0,1469.84,1,3,4,90,1,0,Nuwara Eliya Main Warehouse
2023-03-31,OP,148.6,9188.1,0,2995.04,1,3,4,90,1,0,Nuwara Eliya Main Warehouse
2023-04-01,BOP,270.0,23180.5,0,1959.56,0,4,5,91,2,1,Nuwara Eliya Main Warehouse
2023-04-01,BOPF,238.4,19268.7,0,1668.82,0,4,5,91,2,1,Nuwara Eliya Main Warehouse
2023-04-01,DUST,221.9,16158.6,0,1681.91,0,4,5,91,2,1,Nuwara Eliya Main Warehouse
2023-04-01,FNGS,180.3,11978.1,0,1424.31,0,4,5,91,2,1,Nuwara Eliya Main Warehouse
2023-04-01,OP,120.7,9178.3,0,2872.42,0,4,5,91,2,1,Nuwara Eliya Main Warehouse
2023-04-02,BOP,259.1,23145.2,0,1856.41,0,4,6,92,2,1,Nuwara Eliya Main Warehouse
2023-04-02,BOPF,223.4,19253.5,0,1672.48,0,4,6,92,2,1,Nuwara Eliya Main Warehouse
2023-04-02,DUST,164.8,16178.0,0,1638.37,0,4,6,92,2,1,Nuwara Eliya Main Warehouse
2023-04-02,FNGS,149.6,11962.3,0,1493.37,0,4,6,92,2,1,Nuwara Eliya Main Warehouse
2023-04-02,OP,91.3,9175.9,0,2924.11,0,4,6,92,2,1,Nuwara Eliya Main Warehouse
2023-04-03,BOP,436.2,23181.5,0,1939.35,1,4,0,93,2,0,Nuwara Eliya Main Warehouse
2023-04-03,BOPF,364.9,19307.1,0,1689.9,1,4,0,93,2,0,Nuwara Eliya Main Warehouse
2023-04-03,DUST,284.2,16136.9,0,1599.17,1,4,0,93,2,0,Nuwara Eliya Main Warehouse
2023-04-03,FNGS,209.9,11993.7,0,1426.07,1,4,0,93,2,0,Nuwara Eliya Main Warehouse
2023-04-03,OP,168.4,9152.0,0,2796.08,1,4,0,93,2,0,Nuwara Eliya Main Warehouse
2023-04-04,BOP,401.1,23281.0,0,1895.52,0,4,1,94,2,0,Nuwara Eliya Main Warehouse
2023-04-04,BOPF,355.9,19261.2,0,1729.31,0,4,1,94,2,0,Nuwara Eliya Main Warehouse
2023-04-04,DUST,313.0,16115.6,0,1697.91,0,4,1,94,2,0,Nuwara Eliya Main Warehouse
2023-04-04,FNGS,250.0,11969.8,0,1502.63,0,4,1,94,2,0,Nuwara Eliya Main Warehouse
2023-04-04,OP,170.1,9178.8,0,2891.33,0,4,1,94,2,0,Nuwara Eliya Main Warehouse
2023-04-05,BOP,393.2,23356.6,0,1832.6,1,4,2,95,2,0,Nuwara Eliya Main Warehouse
2023-04-05,BOPF,374.0,19332.6,0,1694.76,1,4,2,95,2,0,Nuwara Eliya Main Warehouse
2023-04-05,DUST,318.8,16154.9,0,1556.02,1,4,2,95,2,0,Nuwara Eliya Main Warehouse
2023-04-05,FNGS,214.8,11943.3,0,1452.84,1,4,2,95,2,0,Nuwara Eliya Main Warehouse
2023-04-05,OP,174.3,9180.6,0,2856.02,1,4,2,95,2,0,Nuwara Eliya Main Warehouse
2023-04-06,BOP,423.2,23381.4,0,1991.68,0,4,3,96,2,0,Nuwara Eliya Main Warehouse
2023-04-06,BOPF,339.1,19308.6,0,1747.49,0,4,3,96,2,0,Nuwara Eliya Main Warehouse
2023-04-06,DUST,315.8,16204.1,0,1628.27,0,4,3,96,2,0,Nuwara Eliya Main Warehouse
2023-04-06,FNGS,240.8,12001.2,0,1352.52,0,4,3,96,2,0,Nuwara Eliya Main Warehouse
2023-04-06,OP,155.8,9208.1,0,2970.04,0,4,3,96,2,0,Nuwara Eliya Main Warehouse
2023-04-07,BOP,390.5,23332.8,0,2052.83,1,4,4,97,2,0,Nuwara Eliya Main Warehouse
2023-04-07,BOPF,320.3,19372.6,0,1670.29,1,4,4,97,2,0,Nuwara Eliya Main Warehouse
2023-04-07,DUST,276.4,16255.4,0,1641.69,1,4,4,97,2,0,Nuwara Eliya Main Warehouse
2023-04-07,FNGS,207.3,12049.5,0,1517.9,1,4,4,97,2,0,Nuwara Eliya Main Warehouse
2023-04-07,OP,148.2,9227.9,0,3167.04,1,4,4,97,2,0,Nuwara Eliya Main Warehouse
2023-04-08,BOP,270.1,23382.1,0,2024.57,0,4,5,98,2,1,Nuwara Eliya Main Warehouse
2023-04-08,BOPF,257.2,19370.3,0,1650.82,0,4,5,98,2,1,Nuwara Eliya Main Warehouse
2023-04-08,DUST,205.4,16248.6,0,1644.48,0,4,5,98,2,1,Nuwara Eliya Main Warehouse
2023-04-08,FNGS,173.8,12027.6,0,1505.42,0,4,5,98,2,1,Nuwara Eliya Main Warehouse
2023-04-08,OP,117.7,9249.2,0,3033.18,0,4,5,98,2,1,Nuwara Eliya Main Warehouse
2023-04-09,BOP,224.0,23402.2,0,1999.85,0,4,6,99,2,1,Nuwara Eliya Main Warehouse
2023-04-09,BOPF,218.7,19400.7,0,1630.7,0,4,6,99,2,1,Nuwara Eliya Main Warehouse
2023-04-09,DUST,183.0,16289.3,0,1652.24,0,4,6,99,2,1,Nuwara Eliya Main Warehouse
2023-04-09,FNGS,124.8,12031.0,0,1541.59,0,4,6,99,2,1,Nuwara Eliya Main Warehouse
2023-04-09,OP,101.3,9245.6,0,2780.97,0,4,6,99,2,1,Nuwara Eliya Main Warehouse
2023-04-10,BOP,386.7,23361.9,0,1939.17,1,4,0,100,2,0,Nuwara Eliya Main Warehouse
2023-04-10,BOPF,356.0,19392.8,0,1610.14,1,4,0,100,2,0,Nuwara Eliya Main Warehouse
2023-04-10,DUST,307.1,16311.2,0,1672.35,1,4,0,100,2,0,Nuwara Eliya Main Warehouse
2023-04-10,FNGS,241.8,12012.8,0,1397.09,1,4,0,100,2,0,Nuwara Eliya Main Warehouse
2023-04-10,OP,148.9,9234.3,0,2842.26,1,4,0,100,2,0,Nuwara Eliya Main Warehouse
2023-04-11,BOP,318.2,23326.1,0,2007.01,0,4,1,101,2,0,Nuwara Eliya Main Warehouse
2023-04-11,BOPF,297.9,19456.0,0,1693.15,0,4,1,101,2,0,Nuwara Eliya Main Warehouse
2023-04-11,DUST,266.7,16345.5,0,1642.43,0,4,1,101,2,0,Nuwara Eliya Main Warehouse
2023-04-11,FNGS,186.3,12021.0,0,1457.48,0,4,1,101,2,0,Nuwara Eliya Main Warehouse
2023-04-11,OP,142.1,9268.2,0,2860.84,0,4,1,101,2,0,Nuwara Eliya Main Warehouse
2023-04-12,BOP,320.0,23394.6,0,2030.34,1,4,2,102,2,0,Nuwara Eliya Main Warehouse
2023-04-12,BOPF,316.2,19424.6,0,1703.82,1,4,2,102,2,0,Nuwara Eliya Main Warehouse
2023-04-12,DUST,275.9,16370.0,0,1627.08,1,4,2,102,2,0,Nuwara Eliya Main Warehouse
2023-04-12,FNGS,191.2,12055.8,0,1490.6,1,4,2,102,2,0,Nuwara Eliya Main Warehouse
2023-04-12,OP,128.5,9285.8,0,2822.72,1,4,2,102,2,0,Nuwara Eliya Main Warehouse
2023-04-13,BOP,247.9,23423.7,0,1970.15,0,4,3,103,2,0,Nuwara Eliya Main Warehouse
2023-04-13,BOPF,234.1,19406.2,0,1687.87,0,4,3,103,2,0,Nuwara Eliya Main Warehouse
2023-04-13,DUST,190.6,16350.7,0,1625.35,0,4,3,103,2,0,Nuwara Eliya Main Warehouse
2023-04-13,FNGS,148.0,12089.9,0,1509.19,0,4,3,103,2,0,Nuwara Eliya Main Warehouse
2023-04-13,OP,114.9,9306.9,0,2946.63,0,4,3,103,2,0,Nuwara Eliya Main Warehouse
2023-04-14,BOP,217.1,23463.2,0,1896.96,1,4,4,104,2,0,Nuwara Eliya Main Warehouse
2023-04-14,BOPF,195.7,19415.5,0,1779.11,1,4,4,104,2,0,Nuwara Eliya Main Warehouse
2023-04-14,DUST,168.7,16390.4,0,1615.98,1,4,4,104,2,0,Nuwara Eliya Main Warehouse
2023-04-14,FNGS,119.9,12102.3,0,1423.84,1,4,4,104,2,0,Nuwara Eliya Main Warehouse
2023-04-14,OP,83.7,9294.8,0,2989.77,1,4,4,104,2,0,Nuwara Eliya Main Warehouse
2023-04-15,BOP,215.1,23506.6,0,1935.11,0,4,5,105,2,1,Nuwara Eliya Main Warehouse
2023-04-15,BOPF,181.9,19394.1,0,1778.48,0,4,5,105,2,1,Nuwara Eliya Main Warehouse
2023-04-15,DUST,182.4,16372.0,0,1681.15,0,4,5,105,2,1,Nuwara Eliya Main Warehouse
2023-04-15,FNGS,130.8,12101.2,0,1503.5,0,4,5,105,2,1,Nuwara Eliya Main Warehouse
2023-04-15,OP,79.6,9294.1,0,2862.15,0,4,5,105,2,1,Nuwara Eliya Main Warehouse
2023-04-16,BOP,172.2,23520.1,0,2057.46,0,4,6,106,2,1,Nuwara Eliya Main Warehouse
2023-04-16,BOPF,181.7,19381.1,0,1702.65,0,4,6,106,2,1,Nuwara Eliya Main Warehouse
2023-04-16,DUST,109.3,16366.8,0,1614.58,0,4,6,106,2,1,Nuwara Eliya Main Warehouse
2023-04-16,FNGS,122.2,12112.4,0,1461.47,0,4,6,106,2,1,Nuwara Eliya Main Warehouse
2023-04-16,OP,80.7,9306.0,0,2952.23,0,4,6,106,2,1,Nuwara Eliya Main Warehouse
2023-04-17,BOP,421.3,23544.1,0,1958.95,1,4,0,107,2,0,Nuwara Eliya Main Warehouse
2023-04-17,BOPF,332.5,19456.8,0,1631.85,1,4,0,107,2,0,Nuwara Eliya Main Warehouse
2023-04-17,DUST,290.6,16417.8,0,1684.13,1,4,0,107,2,0,Nuwara Eliya Main Warehouse
2023-04-17,FNGS,257.3,12105.9,0,1407.67,1,4,0,107,2,0,Nuwara Eliya Main Warehouse
2023-04-17,OP,154.7,9287.6,0,2989.67,1,4,0,107,2,0,Nuwara Eliya Main Warehouse
2023-04-18,BOP,388.3,23552.7,0,1778.71,0,4,1,108,2,0,Nuwara Eliya Main Warehouse
2023-04-18,BOPF,380.6,19548.3,0,1691.61,0,4,1,108,2,0,Nuwara Eliya Main Warehouse
2023-04-18,DUST,299.7,16447.0,0,1645.75,0,4,1,108,2,0,Nuwara Eliya Main Warehouse
2023-04-18,FNGS,238.4,12156.9,0,1454.16,0,4,1,108,2,0,Nuwara Eliya Main Warehouse
2023-04-18,OP,157.4,9299.8,0,3030.09,0,4,1,108,2,0,Nuwara Eliya Main Warehouse
2023-04-19,BOP,419.8,23543.0,0,1881.84,1,4,2,109,2,0,Nuwara Eliya Main Warehouse
2023-04-19,BOPF,334.0,19548.5,0,1690.12,1,4,2,109,2,0,Nuwara Eliya Main Warehouse
2023-04-19,DUST,282.8,16499.4,0,1620.75,1,4,2,109,2,0,Nuwara Eliya Main Warehouse
2023-04-19,FNGS,245.7,12205.6,0,1507.4,1,4,2,109,2,0,Nuwara Eliya Main Warehouse
2023-04-19,OP,171.1,9303.5,0,2984.7,1,4,2,109,2,0,Nuwara Eliya Main Warehouse
2023-04-20,BOP,390.2,23552.3,0,1939.95,0,4,3,110,2,0,Nuwara Eliya Main Warehouse
2023-04-20,BOPF,355.5,19626.5,0,1687.45,0,4,3,110,2,0,Nuwara Eliya Main Warehouse
2023-04-20,DUST,297.7,16516.1,0,1673.85,0,4,3,110,2,0,Nuwara Eliya Main Warehouse
2023-04-20,FNGS,232.4,12222.6,0,1409.74,0,4,3,110,2,0,Nuwara Eliya Main Warehouse
2023-04-20,OP,161.7,9280.3,0,2999.54,0,4,3,110,2,0,Nuwara Eliya Main Warehouse
2023-04-21,BOP,358.0,23609.4,0,2021.13,1,4,4,111,2,0,Nuwara Eliya Main Warehouse
2023-04-21,BOPF,321.4,19648.3,0,1685.6,1,4,4,111,2,0,Nuwara Eliya Main Warehouse
2023-04-21,DUST,284.5,16516.3,0,1611.38,1,4,4,111,2,0,Nuwara Eliya Main Warehouse
2023-04-21,FNGS,215.2,12218.3,0,1512.75,1,4,4,111,2,0,Nuwara Eliya Main Warehouse
2023-04-21,OP,152.2,9271.9,0,2968.85,1,4,4,111,2,0,Nuwara Eliya Main Warehouse
2023-04-22,BOP,291.8,23635.9,0,1948.62,0,4,5,112,2,1,Nuwara Eliya Main Warehouse
2023-04-22,BOPF,273.4,19636.8,0,1687.87,0,4,5,112,2,1,Nuwara Eliya Main Warehouse
2023-04-22,DUST,215.8,16563.6,0,1675.0,0,4,5,112,2,1,Nuwara Eliya Main Warehouse
2023-04-22,FNGS,161.0,12213.0,0,1498.0,0,4,5,112,2,1,Nuwara Eliya Main Warehouse
2023-04-22,OP,114.5,9267.7,0,2887.0,0,4,5,112,2,1,Nuwara Eliya Main Warehouse
2023-04-23,BOP,209.0,23679.1,0,2022.43,0,4,6,113,2,1,Nuwara Eliya Main Warehouse
2023-04-23,BOPF,193.0,19662.1,0,1700.96,0,4,6,113,2,1,Nuwara Eliya Main Warehouse
2023-04-23,DUST,188.9,16538.0,0,1655.33,0,4,6,113,2,1,Nuwara Eliya Main Warehouse
2023-04-23,FNGS,139.5,12194.0,0,1475.54,0,4,6,113,2,1,Nuwara Eliya Main Warehouse
2023-04-23,OP,116.8,9255.4,0,2905.58,0,4,6,113,2,1,Nuwara Eliya Main Warehouse
2023-04-24,BOP,397.7,23690.0,0,1934.84,1,4,0,114,2,0,Nuwara Eliya Main Warehouse
2023-04-24,BOPF,328.1,19699.3,0,1688.98,1,4,0,114,2,0,Nuwara Eliya Main Warehouse
2023-04-24,DUST,314.3,16598.4,0,1617.82,1,4,0,114,2,0,Nuwara Eliya Main Warehouse
2023-04-24,FNGS,233.0,12235.0,0,1417.63,1,4,0,114,2,0,Nuwara Eliya Main Warehouse
2023-04-24,OP,152.9,9271.1,0,2861.49,1,4,0,114,2,0,Nuwara Eliya Main Warehouse
2023-04-25,BOP,409.4,23728.0,0,1855.16,0,4,1,115,2,0,Nuwara Eliya Main Warehouse
2023-04-25,BOPF,355.6,19786.7,0,1730.11,0,4,1,115,2,0,Nuwara Eliya Main Warehouse
2023-04-25,DUST,303.3,16581.0,0,1670.25,0,4,1,115,2,0,Nuwara Eliya Main Warehouse
2023-04-25,FNGS,229.7,12242.0,0,1421.1,0,4,1,115,2,0,Nuwara Eliya Main Warehouse
2023-04-25,OP,175.6,9261.8,0,3098.7,0,4,1,115,2,0,Nuwara Eliya Main Warehouse
2023-04-26,BOP,409.0,23770.0,0,1937.03,1,4,2,116,2,0,Nuwara Eliya Main Warehouse
2023-04-26,BOPF,379.6,19770.0,0,1737.62,1,4,2,116,2,0,Nuwara Eliya Main Warehouse
2023-04-26,DUST,342.0,16645.8,0,1671.19,1,4,2,116,2,0,Nuwara Eliya Main Warehouse
2023-04-26,FNGS,231.3,12237.3,0,1469.77,1,4,2,116,2,0,Nuwara Eliya Main Warehouse
2023-04-26,OP,159.9,9255.6,0,2849.6,1,4,2,116,2,0,Nuwara Eliya Main Warehouse
2023-04-27,BOP,398.4,23804.5,0,1983.59,0,4,3,117,2,0,Nuwara Eliya Main Warehouse
2023-04-27,BOPF,331.0,19809.3,0,1675.96,0,4,3,117,2,0,Nuwara Eliya Main Warehouse
2023-04-27,DUST,293.8,16618.0,0,1699.71,0,4,3,117,2,0,Nuwara Eliya Main Warehouse
2023-04-27,FNGS,227.6,12246.1,0,1439.36,0,4,3,117,2,0,Nuwara Eliya Main Warehouse
2023-04-27,OP,145.7,9286.1,0,3053.2,0,4,3,117,2,0,Nuwara Eliya Main Warehouse
2023-04-28,BOP,404.5,23857.5,0,1979.12,1,4,4,118,2,0,Nuwara Eliya Main Warehouse
2023-04-28,BOPF,271.3,19774.3,0,1782.11,1,4,4,118,2,0,Nuwara Eliya Main Warehouse
2023-04-28,DUST,269.0,16640.1,0,1690.93,1,4,4,118,2,0,Nuwara Eliya Main Warehouse
2023-04-28,FNGS,217.0,12284.6,0,1472.7,1,4,4,118,2,0,Nuwara Eliya Main Warehouse
2023-04-28,OP,147.6,9291.5,0,2850.83,1,4,4,118,2,0,Nuwara Eliya Main Warehouse
2023-04-29,BOP,264.8,23842.9,0,1895.06,0,4,5,119,2,1,Nuwara Eliya Main Warehouse
2023-04-29,BOPF,245.4,19748.6,0,1672.83,0,4,5,119,2,1,Nuwara Eliya Main Warehouse
2023-04-29,DUST,201.6,16681.5,0,1668.96,0,4,5,119,2,1,Nuwara Eliya Main Warehouse
2023-04-29,FNGS,151.3,12269.5,0,1524.88,0,4,5,119,2,1,Nuwara Eliya Main Warehouse
2023-04-29,OP,116.1,9292.3,0,3038.1,0,4,5,119,2,1,Nuwara Eliya Main Warehouse
2023-04-30,BOP,218.6,23855.0,0,1945.36,0,4,6,120,2,1,Nuwara Eliya Main Warehouse
2023-04-30,BOPF,218.1,19716.2,0,1641.95,0,4,6,120,2,1,Nuwara Eliya Main Warehouse
2023-04-30,DUST,183.3,16688.7,0,1593.8,0,4,6,120,2,1,Nuwara Eliya Main Warehouse
2023-04-30,FNGS,134.9,12295.5,0,1475.45,0,4,6,120,2,1,Nuwara Eliya Main Warehouse
2023-04-30,OP,87.9,9304.6,0,3055.49,0,4,6,120,2,1,Nuwara Eliya Main Warehouse
2023-05-01,BOP,350.9,23816.9,0,2113.99,1,5,0,121,2,0,Nuwara Eliya Main Warehouse
2023-05-01,BOPF,302.4,19791.8,0,1739.2,1,5,0,121,2,0,Nuwara Eliya Main Warehouse
2023-05-01,DUST,271.8,16729.1,0,1760.2,1,5,0,121,2,0,Nuwara Eliya Main Warehouse
2023-05-01,FNGS,231.4,12343.9,0,1474.4,1,5,0,121,2,0,Nuwara Eliya Main Warehouse
2023-05-01,OP,138.9,9334.3,0,3070.81,1,5,0,121,2,0,Nuwara Eliya Main Warehouse
2023-05-02,BOP,367.9,23818.3,0,1896.68,0,5,1,122,2,0,Nuwara Eliya Main Warehouse
2023-05-02,BOPF,347.3,19851.1,0,1681.09,0,5,1,122,2,0,Nuwara Eliya Main Warehouse
2023-05-02,DUST,286.5,16778.4,0,1581.19,0,5,1,122,2,0,Nuwara Eliya Main Warehouse
2023-05-02,FNGS,232.0,12396.9,0,1474.54,0,5,1,122,2,0,Nuwara Eliya Main Warehouse
2023-05-02,OP,151.0,9313.2,0,2886.76,0,5,1,122,2,0,Nuwara Eliya Main Warehouse
2023-05-03,BOP,359.6,23834.6,0,2001.93,1,5,2,123,2,0,Nuwara Eliya Main Warehouse
2023-05-03,BOPF,309.7,19902.1,0,1736.55,1,5,2,123,2,0,Nuwara Eliya Main Warehouse
2023-05-03,DUST,279.5,16818.8,0,1690.71,1,5,2,123,2,0,Nuwara Eliya Main Warehouse
2023-05-03,FNGS,230.0,12399.0,0,1529.79,1,5,2,123,2,0,Nuwara Eliya Main Warehouse
2023-05-03,OP,150.9,9317.6,0,2988.25,1,5,2,123,2,0,Nuwara Eliya Main Warehouse
2023-05-04,BOP,387.9,23877.6,0,1849.03,0,5,3,124,2,0,Nuwara Eliya Main Warehouse
2023-05-04,BOPF,318.7,19919.3,0,1604.23,0,5,3,124,2,0,Nuwara Eliya Main Warehouse
2023-05-04,DUST,274.0,16879.1,0,1666.74,0,5,3,124,2,0,Nuwara Eliya Main Warehouse
2023-05-04,FNGS,211.7,12385.6,0,1541.65,0,5,3,124,2,0,Nuwara Eliya Main Warehouse
2023-05-04,OP,127.9,9329.6,0,2924.2,0,5,3,124,2,0,Nuwara Eliya Main Warehouse
2023-05-05,BOP,260.7,23937.6,0,2013.47,1,5,4,125,2,0,Nuwara Eliya Main Warehouse
2023-05-05,BOPF,218.6,19912.8,0,1788.84,1,5,4,125,2,0,Nuwara Eliya Main Warehouse
2023-05-05,DUST,180.8,16884.3,0,1592.2,1,5,4,125,2,0,Nuwara Eliya Main Warehouse
2023-05-05,FNGS,140.7,12385.5,0,1505.15,1,5,4,125,2,0,Nuwara Eliya Main Warehouse
2023-05-05,OP,103.6,9327.3,0,2900.38,1,5,4,125,2,0,Nuwara Eliya Main Warehouse
2023-05-06,BOP,142.1,23950.4,0,1916.14,0,5,5,126,2,1,Nuwara Eliya Main Warehouse
2023-05-06,BOPF,115.6,19902.4,0,1753.96,0,5,5,126,2,1,Nuwara Eliya Main Warehouse
2023-05-06,DUST,111.6,16875.3,0,1641.13,0,5,5,126,2,1,Nuwara Eliya Main Warehouse
2023-05-06,FNGS,102.7,12383.8,0,1493.27,0,5,5,126,2,1,Nuwara Eliya Main Warehouse
2023-05-06,OP,62.1,9337.2,0,2978.75,0,5,5,126,2,1,Nuwara Eliya Main Warehouse
2023-05-07,BOP,184.7,23977.6,0,1988.12,0,5,6,127,2,1,Nuwara Eliya Main Warehouse
2023-05-07,BOPF,180.2,19895.9,0,1648.48,0,5,6,127,2,1,Nuwara Eliya Main Warehouse
2023-05-07,DUST,147.9,16855.9,0,1643.36,0,5,6,127,2,1,Nuwara Eliya Main Warehouse
2023-05-07,FNGS,135.3,12373.1,0,1497.28,0,5,6,127,2,1,Nuwara Eliya Main Warehouse
2023-05-07,OP,73.6,9354.7,0,3043.64,0,5,6,127,2,1,Nuwara Eliya Main Warehouse
2023-05-08,BOP,369.3,23997.0,0,1894.26,1,5,0,128,2,0,Nuwara Eliya Main Warehouse
2023-05-08,BOPF,337.2,19896.0,0,1649.66,1,5,0,128,2,0,Nuwara Eliya Main Warehouse
2023-05-08,DUST,288.7,16841.1,0,1707.85,1,5,0,128,2,0,Nuwara Eliya Main Warehouse
2023-05-08,FNGS,186.9,12390.4,0,1547.71,1,5,0,128,2,0,Nuwara Eliya Main Warehouse
2023-05-08,OP,149.5,9388.7,0,2925.48,1,5,0,128,2,0,Nuwara Eliya Main Warehouse
2023-05-09,BOP,365.2,24034.9,0,1982.22,0,5,1,129,2,0,Nuwara Eliya Main Warehouse
2023-05-09,BOPF,338.3,19947.6,0,1802.91,0,5,1,129,2,0,Nuwara Eliya Main Warehouse
2023-05-09,DUST,280.6,16815.1,0,1614.08,0,5,1,129,2,0,Nuwara Eliya Main Warehouse
2023-05-09,FNGS,202.4,12398.7,0,1507.84,0,5,1,129,2,0,Nuwara Eliya Main Warehouse
2023-05-09,OP,148.1,9382.3,0,3003.33,0,5,1,129,2,0,Nuwara Eliya Main Warehouse
2023-05-10,BOP,381.2,23988.5,0,1915.78,1,5,2,130,2,0,Nuwara Eliya Main Warehouse
2023-05-10,BOPF,312.2,19968.2,0,1685.92,1,5,2,130,2,0,Nuwara Eliya Main Warehouse
2023-05-10,DUST,285.1,16835.9,0,1635.18,1,5,2,130,2,0,Nuwara Eliya Main Warehouse
2023-05-10,FNGS,226.7,12443.1,0,1551.88,1,5,2,130,2,0,Nuwara Eliya Main Warehouse
2023-05-10,OP,154.2,9373.1,0,2899.63,1,5,2,130,2,0,Nuwara Eliya Main Warehouse
2023-05-11,BOP,366.1,23970.9,0,1926.66,0,5,3,131,2,0,Nuwara Eliya Main Warehouse
2023-05-11,BOPF,343.8,19927.3,0,1681.34,0,5,3,131,2,0,Nuwara Eliya Main Warehouse
2023-05-11,DUST,261.5,16816.0,0,1538.85,0,5,3,131,2,0,Nuwara Eliya Main Warehouse
2023-05-11,FNGS,205.5,12415.0,0,1470.44,0,5,3,131,2,0,Nuwara Eliya Main Warehouse
2023-05-11,OP,145.7,9407.0,0,2888.46,0,5,3,131,2,0,Nuwara Eliya Main Warehouse
2023-05-12,BOP,297.4,23969.3,0,1991.01,1,5,4,132,2,0,Nuwara Eliya Main Warehouse
2023-05-12,BOPF,298.0,19884.7,0,1611.87,1,5,4,132,2,0,Nuwara Eliya Main Warehouse
2023-05-12,DUST,241.1,16783.6,0,1728.26,1,5,4,132,2,0,Nuwara Eliya Main Warehouse
2023-05-12,FNGS,180.9,12434.4,0,1432.05,1,5,4,132,2,0,Nuwara Eliya Main Warehouse
2023-05-12,OP,128.9,9411.4,0,2949.04,1,5,4,132,2,0,Nuwara Eliya Main Warehouse
2023-05-13,BOP,275.8,23980.0,0,1942.73,0,5,5,133,2,1,Nuwara Eliya Main Warehouse
2023-05-13,BOPF,185.3,19864.5,0,1705.07,0,5,5,133,2,1,Nuwara Eliya Main Warehouse
2023-05-13,DUST,169.2,16760.7,0,1597.93,0,5,5,133,2,1,Nuwara Eliya Main Warehouse
2023-05-13,FNGS,129.2,12454.5,0,1460.15,0,5,5,133,2,1,Nuwara Eliya Main Warehouse
2023-05-13,OP,97.3,9404.9,0,2954.28,0,5,5,133,2,1,Nuwara Eliya Main Warehouse
2023-05-14,BOP,232.1,23949.5,0,1987.86,0,5,6,134,2,1,Nuwara Eliya Main Warehouse
2023-05-14,BOPF,188.6,19867.2,0,1711.17,0,5,6,134,2,1,Nuwara Eliya Main Warehouse
2023-05-14,DUST,177.2,16793.1,0,1663.02,0,5,6,134,2,1,Nuwara Eliya Main Warehouse
2023-05-14,FNGS,109.2,12471.3,0,1464.71,0,5,6,134,2,1,Nuwara Eliya Main Warehouse
2023-05-14,OP,83.4,9415.9,0,3032.8,0,5,6,134,2,1,Nuwara Eliya Main Warehouse
2023-05-15,BOP,345.3,23917.0,0,1956.29,1,5,0,135,2,0,Nuwara Eliya Main Warehouse
2023-05-15,BOPF,304.0,19935.1,0,1757.13,1,5,0,135,2,0,Nuwara Eliya Main Warehouse
2023-05-15,DUST,289.8,16818.1,0,1643.22,1,5,0,135,2,0,Nuwara Eliya Main Warehouse
2023-05-15,FNGS,189.6,12510.0,0,1555.84,1,5,0,135,2,0,Nuwara Eliya Main Warehouse
2023-05-15,OP,136.4,9411.0,0,2871.78,1,5,0,135,2,0,Nuwara Eliya Main Warehouse
2023-05-16,BOP,365.2,23902.7,0,1970.77,0,5,1,136,2,0,Nuwara Eliya Main Warehouse
2023-05-16,BOPF,330.4,19969.8,0,1654.48,0,5,1,136,2,0,Nuwara Eliya Main Warehouse
2023-05-16,DUST,290.1,16816.2,0,1643.49,0,5,1,136,2,0,Nuwara Eliya Main Warehouse
2023-05-16,FNGS,235.8,12543.4,0,1519.49,0,5,1,136,2,0,Nuwara Eliya Main Warehouse
2023-05-16,OP,138.8,9405.0,0,3158.44,0,5,1,136,2,0,Nuwara Eliya Main Warehouse
2023-05-17,BOP,371.2,23991.2,0,1991.86,1,5,2,137,2,0,Nuwara Eliya Main Warehouse
2023-05-17,BOPF,337.9,20027.4,0,1648.7,1,5,2,137,2,0,Nuwara Eliya Main Warehouse
2023-05-17,DUST,307.2,16880.0,0,1685.82,1,5,2,137,2,0,Nuwara Eliya Main Warehouse
2023-05-17,FNGS,208.9,12589.6,0,1461.88,1,5,2,137,2,0,Nuwara Eliya Main Warehouse
2023-05-17,OP,146.4,9434.5,0,2826.77,1,5,2,137,2,0,Nuwara Eliya Main Warehouse
2023-05-18,BOP,365.3,23984.9,0,1947.86,0,5,3,138,2,0,Nuwara Eliya Main Warehouse
2023-05-18,BOPF,305.6,20038.6,0,1744.63,0,5,3,138,2,0,Nuwara Eliya Main Warehouse
2023-05-18,DUST,282.0,16845.6,0,1725.98,0,5,3,138,2,0,Nuwara Eliya Main Warehouse
2023-05-18,FNGS,204.4,12586.1,0,1522.71,0,5,3,138,2,0,Nuwara Eliya Main Warehouse
2023-05-18,OP,138.0,9422.8,0,2996.68,0,5,3,138,2,0,Nuwara Eliya Main Warehouse
2023-05-19,BOP,335.8,23999.2,0,1912.15,1,5,4,139,2,0,Nuwara Eliya Main Warehouse
2023-05-19,BOPF,255.9,20037.2,0,1771.75,1,5,4,139,2,0,Nuwara Eliya Main Warehouse
2023-05-19,DUST,241.5,16904.1,0,1660.08,1,5,4,139,2,0,Nuwara Eliya Main Warehouse
2023-05-19,FNGS,191.0,12595.9,0,1483.42,1,5,4,139,2,0,Nuwara Eliya Main Warehouse
2023-05-19,OP,125.6,9407.2,0,2953.78,1,5,4,139,2,0,Nuwara Eliya Main Warehouse
2023-05-20,BOP,281.2,23979.1,0,1938.02,0,5,5,140,2,1,Nuwara Eliya Main Warehouse
2023-05-20,BOPF,238.4,20011.8,0,1646.59,0,5,5,140,2,1,Nuwara Eliya Main Warehouse
2023-05-20,DUST,188.9,16922.3,0,1678.96,0,5,5,140,2,1,Nuwara Eliya Main Warehouse
2023-05-20,FNGS,149.5,12574.4,0,1557.62,0,5,5,140,2,1,Nuwara Eliya Main Warehouse
2023-05-20,OP,102.6,9402.9,0,2923.47,0,5,5,140,2,1,Nuwara Eliya Main Warehouse
2023-05-21,BOP,190.7,23997.1,0,2034.03,0,5,6,141,2,1,Nuwara Eliya Main Warehouse
2023-05-21,BOPF,190.1,20049.9,0,1775.63,0,5,6,141,2,1,Nuwara Eliya Main Warehouse
2023-05-21,DUST,166.6,16909.5,0,1663.9,0,5,6,141,2,1,Nuwara Eliya Main Warehouse
2023-05-21,FNGS,121.8,12556.4,0,1475.05,0,5,6,141,2,1,Nuwara Eliya Main Warehouse
2023-05-21,OP,75.5,9409.9,0,2963.42,0,5,6,141,2,1,Nuwara Eliya Main Warehouse
2023-05-22,BOP,338.3,23984.3,0,1974.28,1,5,0,142,2,0,Nuwara Eliya Main Warehouse
2023-05-22,BOPF,308.6,20100.3,0,1725.01,1,5,0,142,2,0,Nuwara Eliya Main Warehouse
2023-05-22,DUST,253.8,16940.4,0,1696.04,1,5,0,142,2,0,Nuwara Eliya Main Warehouse
2023-05-22,FNGS,212.7,12545.0,0,1424.54,1,5,0,142,2,0,Nuwara Eliya Main Warehouse
2023-05-22,OP,135.8,9396.2,0,3034.8,1,5,0,142,2,0,Nuwara Eliya Main Warehouse
2023-05-23,BOP,342.6,23961.3,0,1921.08,0,5,1,143,2,0,Nuwara Eliya Main Warehouse
2023-05-23,BOPF,337.9,20072.3,0,1776.36,0,5,1,143,2,0,Nuwara Eliya Main Warehouse
2023-05-23,DUST,261.1,16981.0,0,1627.31,0,5,1,143,2,0,Nuwara Eliya Main Warehouse
2023-05-23,FNGS,202.8,12522.7,0,1481.43,0,5,1,143,2,0,Nuwara Eliya Main Warehouse
2023-05-23,OP,136.9,9401.5,0,3048.06,0,5,1,143,2,0,Nuwara Eliya Main Warehouse
2023-05-24,BOP,348.2,23981.0,0,1990.39,1,5,2,144,2,0,Nuwara Eliya Main Warehouse
2023-05-24,BOPF,311.2,20089.4,0,1720.01,1,5,2,144,2,0,Nuwara Eliya Main Warehouse
2023-05-24,DUST,278.5,16987.0,0,1698.96,1,5,2,144,2,0,Nuwara Eliya Main Warehouse
2023-05-24,FNGS,202.2,12513.4,0,1475.38,1,5,2,144,2,0,Nuwara Eliya Main Warehouse
2023-05-24,OP,141.4,9415.7,0,2960.47,1,5,2,144,2,0,Nuwara Eliya Main Warehouse
2023-05-25,BOP,354.7,23928.6,0,1994.23,0,5,3,145,2,0,Nuwara Eliya Main Warehouse
2023-05-25,BOPF,312.9,20103.5,0,1600.96,0,5,3,145,2,0,Nuwara Eliya Main Warehouse
2023-05-25,DUST,258.9,17037.4,0,1700.7,0,5,3,145,2,0,Nuwara Eliya Main Warehouse
2023-05-25,FNGS,209.6,12496.8,0,1433.06,0,5,3,145,2,0,Nuwara Eliya Main Warehouse
2023-05-25,OP,137.9,9441.9,0,3006.82,0,5,3,145,2,0,Nuwara Eliya Main Warehouse
2023-05-26,BOP,354.1,23876.6,0,1997.23,1,5,4,146,2,0,Nuwara Eliya Main Warehouse
2023-05-26,BOPF,277.6,20131.3,0,1716.27,1,5,4,146,2,0,Nuwara Eliya Main Warehouse
2023-05-26,DUST,207.9,17018.8,0,1699.52,1,5,4,146,2,0,Nuwara Eliya Main Warehouse
2023-05-26,FNGS,175.3,12472.5,0,1514.19,1,5,4,146,2,0,Nuwara Eliya Main Warehouse
2023-05-26,OP,128.1,9434.4,0,2867.41,1,5,4,146,2,0,Nuwara Eliya Main Warehouse
2023-05-27,BOP,229.2,23862.3,0,1914.24,0,5,5,147,2,1,Nuwara Eliya Main Warehouse
2023-05-27,BOPF,204.0,20177.9,0,1775.3,0,5,5,147,2,1,Nuwara Eliya Main Warehouse
2023-05-27,DUST,162.0,17012.5,0,1618.59,0,5,5,147,2,1,Nuwara Eliya Main Warehouse
2023-05-27,FNGS,135.4,12501.5,0,1549.52,0,5,5,147,2,1,Nuwara Eliya Main Warehouse
2023-05-27,OP,86.9,9449.8,0,2963.89,0,5,5,147,2,1,Nuwara Eliya Main Warehouse
2023-05-28,BOP,194.9,23835.9,0,1930.77,0,5,6,148,2,1,Nuwara Eliya Main Warehouse
2023-05-28,BOPF,173.0,20192.0,0,1680.46,0,5,6,148,2,1,Nuwara Eliya Main Warehouse
2023-05-28,DUST,138.9,16996.9,0,1641.58,0,5,6,148,2,1,Nuwara Eliya Main Warehouse
2023-05-28,FNGS,112.3,12485.0,0,1442.64,0,5,6,148,2,1,Nuwara Eliya Main Warehouse
2023-05-28,OP,69.3,9445.9,0,3012.7,0,5,6,148,2,1,Nuwara Eliya Main Warehouse
2023-05-29,BOP,349.8,23798.6,0,1931.21,1,5,0,149,2,0,Nuwara Eliya Main Warehouse
2023-05-29,BOPF,286.2,20211.0,0,1705.16,1,5,0,149,2,0,Nuwara Eliya Main Warehouse
2023-05-29,DUST,263.6,16979.6,0,1660.65,1,5,0,149,2,0,Nuwara Eliya Main Warehouse
2023-05-29,FNGS,206.0,12514.7,0,1530.74,1,5,0,149,2,0,Nuwara Eliya Main Warehouse
2023-05-29,OP,137.8,9462.6,0,2788.0,1,5,0,149,2,0,Nuwara Eliya Main Warehouse
2023-05-30,BOP,388.5,23792.9,0,1948.9,0,5,1,150,2,0,Nuwara Eliya Main Warehouse
2023-05-30,BOPF,315.8,20169.9,0,1715.57,0,5,1,150,2,0,Nuwara Eliya Main Warehouse
2023-05-30,DUST,275.5,16964.6,0,1585.89,0,5,1,150,2,0,Nuwara Eliya Main Warehouse
2023-05-30,FNGS,186.8,12498.1,0,1464.51,0,5,1,150,2,0,Nuwara Eliya Main Warehouse
2023-05-30,OP,139.4,9465.7,0,2986.77,0,5,1,150,2,0,Nuwara Eliya Main Warehouse
2023-05-31,BOP,407.3,23862.6,0,1998.96,1,5,2,151,2,0,Nuwara Eliya Main Warehouse
2023-05-31,BOPF,319.2,20130.1,0,1583.33,1,5,2,151,2,0,Nuwara Eliya Main Warehouse
2023-05-31,DUST,298.0,17029.3,0,1723.91,1,5,2,151,2,0,Nuwara Eliya Main Warehouse
2023-05-31,FNGS,209.6,12543.1,0,1489.05,1,5,2,151,2,0,Nuwara Eliya Main Warehouse
2023-05-31,OP,128.1,9452.3,0,2966.05,1,5,2,151,2,0,Nuwara Eliya Main Warehouse
2023-06-01,BOP,341.7,23889.5,0,1985.62,0,6,3,152,2,0,Nuwara Eliya Main Warehouse
2023-06-01,BOPF,338.8,20104.7,0,1805.59,0,6,3,152,2,0,Nuwara Eliya Main Warehouse
2023-06-01,DUST,260.9,16998.3,0,1649.29,0,6,3,152,2,0,Nuwara Eliya Main Warehouse
2023-06-01,FNGS,195.3,12583.6,0,1484.74,0,6,3,152,2,0,Nuwara Eliya Main Warehouse
2023-06-01,OP,141.2,9471.5,0,3087.05,0,6,3,152,2,0,Nuwara Eliya Main Warehouse
2023-06-02,BOP,306.9,23906.4,0,1990.14,1,6,4,153,2,0,Nuwara Eliya Main Warehouse
2023-06-02,BOPF,257.0,20069.4,0,1680.68,1,6,4,153,2,0,Nuwara Eliya Main Warehouse
2023-06-02,DUST,241.0,17003.3,0,1663.17,1,6,4,153,2,0,Nuwara Eliya Main Warehouse
2023-06-02,FNGS,185.2,12604.2,0,1489.26,1,6,4,153,2,0,Nuwara Eliya Main Warehouse
2023-06-02,OP,105.8,9464.8,0,2994.63,1,6,4,153,2,0,Nuwara Eliya Main Warehouse
2023-06-03,BOP,255.8,23898.1,0,2044.6,0,6,5,154,2,1,Nuwara Eliya Main Warehouse
2023-06-03,BOPF,214.9,20101.1,0,1749.18,0,6,5,154,2,1,Nuwara Eliya Main Warehouse
2023-06-03,DUST,153.1,17013.0,0,1623.25,0,6,5,154,2,1,Nuwara Eliya Main Warehouse
2023-06-03,FNGS,140.4,12620.9,0,1510.27,0,6,5,154,2,1,Nuwara Eliya Main Warehouse
2023-06-03,OP,93.2,9457.4,0,3021.1,0,6,5,154,2,1,Nuwara Eliya Main Warehouse
2023-06-04,BOP,200.5,23942.7,0,2007.82,0,6,6,155,2,1,Nuwara Eliya Main Warehouse
2023-06-04,BOPF,174.3,20125.4,0,1720.51,0,6,6,155,2,1,Nuwara Eliya Main Warehouse
2023-06-04,DUST,139.6,17042.2,0,1588.5,0,6,6,155,2,1,Nuwara Eliya Main Warehouse
2023-06-04,FNGS,122.0,12602.9,0,1447.49,0,6,6,155,2,1,Nuwara Eliya Main Warehouse
2023-06-04,OP,60.0,9457.0,0,2958.19,0,6,6,155,2,1,Nuwara Eliya Main Warehouse
2023-06-05,BOP,382.4,23946.1,0,1961.86,1,6,0,156,2,0,Nuwara Eliya Main Warehouse
2023-06-05,BOPF,271.8,20099.4,0,1785.96,1,6,0,156,2,0,Nuwara Eliya Main Warehouse
2023-06-05,DUST,264.4,17108.1,0,1622.22,1,6,0,156,2,0,Nuwara Eliya Main Warehouse
2023-06-05,FNGS,208.8,12653.8,0,1544.92,1,6,0,156,2,0,Nuwara Eliya Main Warehouse
2023-06-05,OP,142.3,9472.9,0,3034.3,1,6,0,156,2,0,Nuwara Eliya Main Warehouse
2023-06-06,BOP,373.7,23903.1,0,1904.16,0,6,1,157,2,0,Nuwara Eliya Main Warehouse
2023-06-06,BOPF,323.8,20159.1,0,1744.69,0,6,1,157,2,0,Nuwara Eliya Main Warehouse
2023-06-06,DUST,251.4,17146.1,0,1660.62,0,6,1,157,2,0,Nuwara Eliya Main Warehouse
2023-06-06,FNGS,217.3,12697.5,0,1511.85,0,6,1,157,2,0,Nuwara Eliya Main Warehouse
2023-06-06,OP,123.1,9465.9,0,3028.64,0,6,1,157,2,0,Nuwara Eliya Main Warehouse
2023-06-07,BOP,348.8,23936.9,0,1930.34,1,6,2,158,2,0,Nuwara Eliya Main Warehouse
2023-06-07,BOPF,325.7,20130.4,0,1713.66,1,6,2,158,2,0,Nuwara Eliya Main Warehouse
2023-06-07,DUST,252.6,17206.3,0,1681.85,1,6,2,158,2,0,Nuwara Eliya Main Warehouse
2023-06-07,FNGS,214.3,12742.1,0,1525.9,1,6,2,158,2,0,Nuwara Eliya Main Warehouse
2023-06-07,OP,139.7,9455.3,0,2871.86,1,6,2,158,2,0,Nuwara Eliya Main Warehouse
2023-06-08,BOP,360.3,23899.2,0,1955.61,0,6,3,159,2,0,Nuwara Eliya Main Warehouse
2023-06-08,BOPF,314.8,20121.2,0,1681.77,0,6,3,159,2,0,Nuwara Eliya Main Warehouse
2023-06-08,DUST,267.9,17250.5,0,1658.17,0,6,3,159,2,0,Nuwara Eliya Main Warehouse
2023-06-08,FNGS,197.9,12764.6,0,1458.15,0,6,3,159,2,0,Nuwara Eliya Main Warehouse
2023-06-08,OP,128.0,9436.6,0,3007.94,0,6,3,159,2,0,Nuwara Eliya Main Warehouse
2023-06-09,BOP,334.7,23895.2,0,2016.28,1,6,4,160,2,0,Nuwara Eliya Main Warehouse
2023-06-09,BOPF,272.3,20107.4,0,1764.09,1,6,4,160,2,0,Nuwara Eliya Main Warehouse
2023-06-09,DUST,226.2,17303.7,0,1666.89,1,6,4,160,2,0,Nuwara Eliya Main Warehouse
2023-06-09,FNGS,174.9,12762.5,0,1444.19,1,6,4,160,2,0,Nuwara Eliya Main Warehouse
2023-06-09,OP,112.4,9440.9,0,3081.33,1,6,4,160,2,0,Nuwara Eliya Main Warehouse
2023-06-10,BOP,248.8,23908.4,0,1968.89,0,6,5,161,2,1,Nuwara Eliya Main Warehouse
2023-06-10,BOPF,209.0,20107.2,0,1634.38,0,6,5,161,2,1,Nuwara Eliya Main Warehouse
2023-06-10,DUST,172.2,17326.6,0,1635.21,0,6,5,161,2,1,Nuwara Eliya Main Warehouse
2023-06-10,FNGS,138.6,12791.3,0,1540.79,0,6,5,161,2,1,Nuwara Eliya Main Warehouse
2023-06-10,OP,86.0,9442.8,0,3064.87,0,6,5,161,2,1,Nuwara Eliya Main Warehouse
2023-06-11,BOP,194.4,23947.2,0,1934.12,0,6,6,162,2,1,Nuwara Eliya Main Warehouse
2023-06-11,BOPF,163.9,20099.3,0,1756.94,0,6,6,162,2,1,Nuwara Eliya Main Warehouse
2023-06-11,DUST,145.1,17309.5,0,1674.07,0,6,6,162,2,1,Nuwara Eliya Main Warehouse
2023-06-11,FNGS,109.7,12787.6,0,1442.59,0,6,6,162,2,1,Nuwara Eliya Main Warehouse
2023-06-11,OP,70.8,9438.8,0,2984.73,0,6,6,162,2,1,Nuwara Eliya Main Warehouse
2023-06-12,BOP,364.9,23964.5,0,1930.0,1,6,0,163,2,0,Nuwara Eliya Main Warehouse
2023-06-12,BOPF,272.3,20111.7,0,1672.26,1,6,0,163,2,0,Nuwara Eliya Main Warehouse
2023-06-12,DUST,286.3,17312.5,0,1720.06,1,6,0,163,2,0,Nuwara Eliya Main Warehouse
2023-06-12,FNGS,188.1,12801.7,0,1497.59,1,6,0,163,2,0,Nuwara Eliya Main Warehouse
2023-06-12,OP,119.4,9423.4,0,3009.66,1,6,0,163,2,0,Nuwara Eliya Main Warehouse
2023-06-13,BOP,382.5,24014.6,0,1966.95,0,6,1,164,2,0,Nuwara Eliya Main Warehouse
2023-06-13,BOPF,317.6,20115.8,0,1786.65,0,6,1,164,2,0,Nuwara Eliya Main Warehouse
2023-06-13,DUST,265.5,17341.4,0,1683.99,0,6,1,164,2,0,Nuwara Eliya Main Warehouse
2023-06-13,FNGS,204.5,12779.2,0,1534.22,0,6,1,164,2,0,Nuwara Eliya Main Warehouse
2023-06-13,OP,125.7,9426.1,0,3059.7,0,6,1,164,2,0,Nuwara Eliya Main Warehouse
2023-06-14,BOP,379.9,24108.5,0,2020.34,1,6,2,165,2,0,Nuwara Eliya Main Warehouse
2023-06-14,BOPF,302.3,20189.8,0,1733.75,1,6,2,165,2,0,Nuwara Eliya Main Warehouse
2023-06-14,DUST,289.1,17338.6,0,1688.97,1,6,2,165,2,0,Nuwara Eliya Main Warehouse
2023-06-14,FNGS,195.9,12822.1,0,1486.2,1,6,2,165,2,0,Nuwara Eliya Main Warehouse
2023-06-14,OP,133.6,9448.2,0,2887.39,1,6,2,165,2,0,Nuwara Eliya Main Warehouse
2023-06-15,BOP,359.2,24073.5,0,2059.38,0,6,3,166,2,0,Nuwara Eliya Main Warehouse
2023-06-15,BOPF,290.8,20152.7,0,1757.33,0,6,3,166,2,0,Nuwara Eliya Main Warehouse
2023-06-15,DUST,230.3,17329.2,0,1665.12,0,6,3,166,2,0,Nuwara Eliya Main Warehouse
2023-06-15,FNGS,183.1,12804.9,0,1540.77,0,6,3,166,2,0,Nuwara Eliya Main Warehouse
2023-06-15,OP,113.9,9463.7,0,3023.1,0,6,3,166,2,0,Nuwara Eliya Main Warehouse
2023-06-16,BOP,308.1,24061.1,0,1959.79,1,6,4,167,2,0,Nuwara Eliya Main Warehouse
2023-06-16,BOPF,313.3,20123.5,0,1730.13,1,6,4,167,2,0,Nuwara Eliya Main Warehouse
2023-06-16,DUST,234.0,17348.2,0,1581.66,1,6,4,167,2,0,Nuwara Eliya Main Warehouse
2023-06-16,FNGS,186.2,12793.7,0,1480.32,1,6,4,167,2,0,Nuwara Eliya Main Warehouse
2023-06-16,OP,108.5,9484.8,0,2817.9,1,6,4,167,2,0,Nuwara Eliya Main Warehouse
2023-06-17,BOP,233.9,24063.0,0,1968.87,0,6,5,168,2,1,Nuwara Eliya Main Warehouse
2023-06-17,BOPF,222.4,20094.8,0,1641.1,0,6,5,168,2,1,Nuwara Eliya Main Warehouse
2023-06-17,DUST,166.8,17385.4,0,1603.09,0,6,5,168,2,1,Nuwara Eliya Main Warehouse
2023-06-17,FNGS,127.7,12803.1,0,1438.18,0,6,5,168,2,1,Nuwara Eliya Main Warehouse
2023-06-17,OP,104.4,9469.5,0,3056.1,0,6,5,168,2,1,Nuwara Eliya Main Warehouse
2023-06-18,BOP,206.1,24066.8,0,1904.11,0,6,6,169,2,1,Nuwara Eliya Main Warehouse
2023-06-18,BOPF,139.8,20108.9,0,1684.55,0,6,6,169,2,1,Nuwara Eliya Main Warehouse
2023-06-18,DUST,127.8,17368.0,0,1672.94,0,6,6,169,2,1,Nuwara Eliya Main Warehouse
2023-06-18,FNGS,122.0,12822.1,0,1507.65,0,6,6,169,2,1,Nuwara Eliya Main Warehouse
2023-06-18,OP,57.3,9483.1,0,2951.55,0,6,6,169,2,1,Nuwara Eliya Main Warehouse
2023-06-19,BOP,327.0,24071.5,0,2079.24,1,6,0,170,2,0,Nuwara Eliya Main Warehouse
2023-06-19,BOPF,304.8,20069.8,0,1759.18,1,6,0,170,2,0,Nuwara Eliya Main Warehouse
2023-06-19,DUST,264.7,17409.8,0,1651.39,1,6,0,170,2,0,Nuwara Eliya Main Warehouse
2023-06-19,FNGS,172.1,12838.9,0,1500.36,1,6,0,170,2,0,Nuwara Eliya Main Warehouse
2023-06-19,OP,132.3,9481.3,0,2976.81,1,6,0,170,2,0,Nuwara Eliya Main Warehouse
2023-06-20,BOP,365.6,24149.4,0,1894.0,0,6,1,171,2,0,Nuwara Eliya Main Warehouse
2023-06-20,BOPF,337.3,20132.0,0,1734.72,0,6,1,171,2,0,Nuwara Eliya Main Warehouse
2023-06-20,DUST,264.0,17446.5,0,1672.46,0,6,1,171,2,0,Nuwara Eliya Main Warehouse
2023-06-20,FNGS,192.5,12827.9,0,1605.03,0,6,1,171,2,0,Nuwara Eliya Main Warehouse
2023-06-20,OP,125.7,9512.3,0,2937.63,0,6,1,171,2,0,Nuwara Eliya Main Warehouse
2023-06-21,BOP,344.5,24196.1,0,2036.92,1,6,2,172,2,0,Nuwara Eliya Main Warehouse
2023-06-21,BOPF,282.0,20147.5,0,1784.13,1,6,2,172,2,0,Nuwara Eliya Main Warehouse
2023-06-21,DUST,233.0,17501.4,0,1730.08,1,6,2,172,2,0,Nuwara Eliya Main Warehouse
2023-06-21,FNGS,195.1,12798.7,0,1452.55,1,6,2,172,2,0,Nuwara Eliya Main Warehouse
2023-06-21,OP,131.0,9505.9,0,2981.03,1,6,2,172,2,0,Nuwara Eliya Main Warehouse
2023-06-22,BOP,346.1,24228.4,0,1951.75,0,6,3,173,2,0,Nuwara Eliya Main Warehouse
2023-06-22,BOPF,302.7,20165.9,0,1746.45,0,6,3,173,2,0,Nuwara Eliya Main Warehouse
2023-06-22,DUST,234.4,17553.5,0,1686.0,0,6,3,173,2,0,Nuwara Eliya Main Warehouse
2023-06-22,FNGS,203.3,12829.8,0,1481.77,0,6,3,173,2,0,Nuwara Eliya Main Warehouse
2023-06-22,OP,129.5,9510.9,0,3006.14,0,6,3,173,2,0,Nuwara Eliya Main Warehouse
2023-06-23,BOP,334.8,24219.6,0,1938.9,1,6,4,174,2,0,Nuwara Eliya Main Warehouse
2023-06-23,BOPF,272.6,20186.2,0,1679.99,1,6,4,174,2,0,Nuwara Eliya Main Warehouse
2023-06-23,DUST,241.1,17590.8,0,1710.89,1,6,4,174,2,0,Nuwara Eliya Main Warehouse
2023-06-23,FNGS,175.4,12872.6,0,1461.75,1,6,4,174,2,0,Nuwara Eliya Main Warehouse
2023-06-23,OP,119.6,9509.8,0,3048.25,1,6,4,174,2,0,Nuwara Eliya Main Warehouse
2023-06-24,BOP,233.8,24261.6,0,1910.69,0,6,5,175,2,1,Nuwara Eliya Main Warehouse
2023-06-24,BOPF,179.0,20171.6,0,1688.4,0,6,5,175,2,1,Nuwara Eliya Main Warehouse
2023-06-24,DUST,147.1,17599.4,0,1656.87,0,6,5,175,2,1,Nuwara Eliya Main Warehouse
2023-06-24,FNGS,129.4,12895.1,0,1486.56,0,6,5,175,2,1,Nuwara Eliya Main Warehouse
2023-06-24,OP,79.9,9509.2,0,3094.25,0,6,5,175,2,1,Nuwara Eliya Main Warehouse
2023-06-25,BOP,183.0,24304.0,0,2106.19,0,6,6,176,2,1,Nuwara Eliya Main Warehouse
2023-06-25,BOPF,164.7,20159.9,0,1732.21,0,6,6,176,2,1,Nuwara Eliya Main Warehouse
2023-06-25,DUST,145.4,17589.5,0,1615.04,0,6,6,176,2,1,Nuwara Eliya Main Warehouse
2023-06-25,FNGS,86.8,12898.1,0,1484.97,0,6,6,176,2,1,Nuwara Eliya Main Warehouse
2023-06-25,OP,77.6,9523.7,0,2989.38,0,6,6,176,2,1,Nuwara Eliya Main Warehouse
2023-06-26,BOP,316.0,24360.4,0,1984.86,1,6,0,177,2,0,Nuwara Eliya Main Warehouse
2023-06-26,BOPF,317.1,20152.8,0,1614.87,1,6,0,177,2,0,Nuwara Eliya Main Warehouse
2023-06-26,DUST,256.4,17606.9,0,1650.0,1,6,0,177,2,0,Nuwara Eliya Main Warehouse
2023-06-26,FNGS,176.4,12935.4,0,1456.12,1,6,0,177,2,0,Nuwara Eliya Main Warehouse
2023-06-26,OP,119.0,9541.4,0,2845.93,1,6,0,177,2,0,Nuwara Eliya Main Warehouse
2023-06-27,BOP,372.4,24304.8,0,1973.88,0,6,1,178,2,0,Nuwara Eliya Main Warehouse
2023-06-27,BOPF,337.7,20182.3,0,1808.78,0,6,1,178,2,0,Nuwara Eliya Main Warehouse
2023-06-27,DUST,264.1,17648.2,0,1615.38,0,6,1,178,2,0,Nuwara Eliya Main Warehouse
2023-06-27,FNGS,201.4,12938.2,0,1512.52,0,6,1,178,2,0,Nuwara Eliya Main Warehouse
2023-06-27,OP,130.9,9573.7,0,3095.39,0,6,1,178,2,0,Nuwara Eliya Main Warehouse
2023-06-28,BOP,364.1,24342.9,0,2022.05,1,6,2,179,2,0,Nuwara Eliya Main Warehouse
2023-06-28,BOPF,302.6,20162.4,0,1749.03,1,6,2,179,2,0,Nuwara Eliya Main Warehouse
2023-06-28,DUST,260.6,17702.4,0,1725.38,1,6,2,179,2,0,Nuwara Eliya Main Warehouse
2023-06-28,FNGS,179.6,12949.0,0,1483.96,1,6,2,179,2,0,Nuwara Eliya Main Warehouse
2023-06-28,OP,128.6,9586.0,0,2862.27,1,6,2,179,2,0,Nuwara Eliya Main Warehouse
2023-06-29,BOP,386.9,24292.8,0,1936.85,0,6,3,180,2,0,Nuwara Eliya Main Warehouse
2023-06-29,BOPF,343.2,20126.9,0,1787.32,0,6,3,180,2,0,Nuwara Eliya Main Warehouse
2023-06-29,DUST,264.4,17746.3,0,1689.78,0,6,3,180,2,0,Nuwara Eliya Main Warehouse
2023-06-29,FNGS,185.0,12956.5,0,1549.57,0,6,3,180,2,0,Nuwara Eliya Main Warehouse
2023-06-29,OP,116.4,9590.1,0,2950.65,0,6,3,180,2,0,Nuwara Eliya Main Warehouse
2023-06-30,BOP,304.3,24278.5,0,1973.21,1,6,4,181,2,0,Nuwara Eliya Main Warehouse
2023-06-30,BOPF,235.9,20183.0,0,1650.99,1,6,4,181,2,0,Nuwara Eliya Main Warehouse
2023-06-30,DUST,213.7,17730.9,0,1677.35,1,6,4,181,2,0,Nuwara Eliya Main Warehouse
2023-06-30,FNGS,176.4,12961.6,0,1465.92,1,6,4,181,2,0,Nuwara Eliya Main Warehouse
2023-06-30,OP,109.2,9577.7,0,2945.14,1,6,4,181,2,0,Nuwara Eliya Main Warehouse
2023-07-01,BOP,234.5,24248.9,0,1976.37,0,7,5,182,3,1,Nuwara Eliya Main Warehouse
2023-07-01,BOPF,206.5,20153.9,0,1788.41,0,7,5,182,3,1,Nuwara Eliya Main Warehouse
2023-07-01,DUST,171.4,17746.3,0,1710.73,0,7,5,182,3,1,Nuwara Eliya Main Warehouse
2023-07-01,FNGS,115.4,12980.1,0,1571.44,0,7,5,182,3,1,Nuwara Eliya Main Warehouse
2023-07-01,OP,82.5,9598.2,0,2987.5,0,7,5,182,3,1,Nuwara Eliya Main Warehouse
2023-07-02,BOP,187.2,24266.0,0,1944.95,0,7,6,183,3,1,Nuwara Eliya Main Warehouse
2023-07-02,BOPF,134.9,20176.9,0,1836.49,0,7,6,183,3,1,Nuwara Eliya Main Warehouse
2023-07-02,DUST,118.4,17744.3,0,1559.44,0,7,6,183,3,1,Nuwara Eliya Main Warehouse
2023-07-02,FNGS,116.5,12987.2,0,1504.95,0,7,6,183,3,1,Nuwara Eliya Main Warehouse
2023-07-02,OP,60.3,9602.4,0,2880.6,0,7,6,183,3,1,Nuwara Eliya Main Warehouse
2023-07-03,BOP,372.9,24312.5,0,2040.09,1,7,0,184,3,0,Nuwara Eliya Main Warehouse
2023-07-03,BOPF,300.3,20226.6,0,1663.96,1,7,0,184,3,0,Nuwara Eliya Main Warehouse
2023-07-03,DUST,257.3,17706.7,0,1680.83,1,7,0,184,3,0,Nuwara Eliya Main Warehouse
2023-07-03,FNGS,202.5,12982.5,0,1546.87,1,7,0,184,3,0,Nuwara Eliya Main Warehouse
2023-07-03,OP,141.1,9620.8,0,2876.73,1,7,0,184,3,0,Nuwara Eliya Main Warehouse
2023-07-04,BOP,356.9,24275.3,0,1961.51,0,7,1,185,3,0,Nuwara Eliya Main Warehouse
2023-07-04,BOPF,304.2,20217.1,0,1765.77,0,7,1,185,3,0,Nuwara Eliya Main Warehouse
2023-07-04,DUST,276.4,17687.3,0,1592.65,0,7,1,185,3,0,Nuwara Eliya Main Warehouse
2023-07-04,FNGS,181.4,12974.0,0,1498.42,0,7,1,185,3,0,Nuwara Eliya Main Warehouse
2023-07-04,OP,123.6,9622.4,0,2985.34,0,7,1,185,3,0,Nuwara Eliya Main Warehouse
2023-07-05,BOP,357.9,24276.6,0,1887.59,1,7,2,186,3,0,Nuwara Eliya Main Warehouse
2023-07-05,BOPF,316.0,20186.8,0,1728.45,1,7,2,186,3,0,Nuwara Eliya Main Warehouse
2023-07-05,DUST,264.9,17659.6,0,1653.37,1,7,2,186,3,0,Nuwara Eliya Main Warehouse
2023-07-05,FNGS,184.9,12949.0,0,1460.89,1,7,2,186,3,0,Nuwara Eliya Main Warehouse
2023-07-05,OP,135.9,9631.8,0,2920.33,1,7,2,186,3,0,Nuwara Eliya Main Warehouse
2023-07-06,BOP,358.0,24288.2,0,1957.19,0,7,3,187,3,0,Nuwara Eliya Main Warehouse
2023-07-06,BOPF,300.0,20159.3,0,1653.45,0,7,3,187,3,0,Nuwara Eliya Main Warehouse
2023-07-06,DUST,266.6,17709.5,0,1639.33,0,7,3,187,3,0,Nuwara Eliya Main Warehouse
2023-07-06,FNGS,166.8,12962.9,0,1482.71,0,7,3,187,3,0,Nuwara Eliya Main Warehouse
2023-07-06,OP,131.4,9661.6,0,3100.63,0,7,3,187,3,0,Nuwara Eliya Main Warehouse
2023-07-07,BOP,314.9,24287.4,0,1987.88,1,7,4,188,3,0,Nuwara Eliya Main Warehouse
2023-07-07,BOPF,257.6,20192.5,0,1752.59,1,7,4,188,3,0,Nuwara Eliya Main Warehouse
2023-07-07,DUST,221.6,17699.2,0,1684.71,1,7,4,188,3,0,Nuwara Eliya Main Warehouse
2023-07-07,FNGS,163.5,12953.4,0,1435.64,1,7,4,188,3,0,Nuwara Eliya Main Warehouse
2023-07-07,OP,112.1,9652.2,0,2941.48,1,7,4,188,3,0,Nuwara Eliya Main Warehouse
2023-07-08,BOP,223.0,24264.8,0,1924.6,0,7,5,189,3,1,Nuwara Eliya Main Warehouse
2023-07-08,BOPF,188.9,20212.8,0,1769.26,0,7,5,189,3,1,Nuwara Eliya Main Warehouse
2023-07-08,DUST,171.0,17693.0,0,1664.66,0,7,5,189,3,1,Nuwara Eliya Main Warehouse
2023-07-08,FNGS,135.4,12941.2,0,1489.3,0,7,5,189,3,1,Nuwara Eliya Main Warehouse
2023-07-08,OP,76.2,9649.7,0,2901.58,0,7,5,189,3,1,Nuwara Eliya Main Warehouse
2023-07-09,BOP,187.5,24268.1,0,1929.12,0,7,6,190,3,1,Nuwara Eliya Main Warehouse
2023-07-09,BOPF,192.4,20244.1,0,1699.65,0,7,6,190,3,1,Nuwara Eliya Main Warehouse
2023-07-09,DUST,132.7,17724.0,0,1716.71,0,7,6,190,3,1,Nuwara Eliya Main Warehouse
2023-07-09,FNGS,95.9,12951.9,0,1501.31,0,7,6,190,3,1,Nuwara Eliya Main Warehouse
2023-07-09,OP,59.1,9644.4,0,3128.6,0,7,6,190,3,1,Nuwara Eliya Main Warehouse
2023-07-10,BOP,364.7,24323.0,0,1944.14,1,7,0,191,3,0,Nuwara Eliya Main Warehouse
2023-07-10,BOPF,307.7,20313.4,0,1785.65,1,7,0,191,3,0,Nuwara Eliya Main Warehouse
2023-07-10,DUST,252.0,17724.4,0,1626.29,1,7,0,191,3,0,Nuwara Eliya Main Warehouse
2023-07-10,FNGS,195.6,12975.8,0,1496.11,1,7,0,191,3,0,Nuwara Eliya Main Warehouse
2023-07-10,OP,121.1,9664.7,0,3027.85,1,7,0,191,3,0,Nuwara Eliya Main Warehouse
2023-07-11,BOP,340.6,24281.5,0,2042.37,0,7,1,192,3,0,Nuwara Eliya Main Warehouse
2023-07-11,BOPF,285.9,20349.6,0,1648.1,0,7,1,192,3,0,Nuwara Eliya Main Warehouse
2023-07-11,DUST,257.1,17686.9,0,1687.37,0,7,1,192,3,0,Nuwara Eliya Main Warehouse
2023-07-11,FNGS,183.4,13003.5,0,1550.16,0,7,1,192,3,0,Nuwara Eliya Main Warehouse
2023-07-11,OP,118.2,9649.9,0,3216.8,0,7,1,192,3,0,Nuwara Eliya Main Warehouse
2023-07-12,BOP,356.8,24239.5,0,1947.69,1,7,2,193,3,0,Nuwara Eliya Main Warehouse
2023-07-12,BOPF,318.4,20321.7,0,1656.58,1,7,2,193,3,0,Nuwara Eliya Main Warehouse
2023-07-12,DUST,257.9,17677.5,0,1662.05,1,7,2,193,3,0,Nuwara Eliya Main Warehouse
2023-07-12,FNGS,205.2,13014.0,0,1488.13,1,7,2,193,3,0,Nuwara Eliya Main Warehouse
2023-07-12,OP,121.7,9635.6,0,2827.31,1,7,2,193,3,0,Nuwara Eliya Main Warehouse
2023-07-13,BOP,334.7,24236.8,0,2054.18,0,7,3,194,3,0,Nuwara Eliya Main Warehouse
2023-07-13,BOPF,300.6,20305.9,0,1735.98,0,7,3,194,3,0,Nuwara Eliya Main Warehouse
2023-07-13,DUST,243.6,17652.5,0,1578.58,0,7,3,194,3,0,Nuwara Eliya Main Warehouse
2023-07-13,FNGS,187.2,13052.9,0,1414.95,0,7,3,194,3,0,Nuwara Eliya Main Warehouse
2023-07-13,OP,116.2,9632.0,0,3006.44,0,7,3,194,3,0,Nuwara Eliya Main Warehouse
2023-07-14,BOP,336.2,24313.0,0,1940.87,1,7,4,195,3,0,Nuwara Eliya Main Warehouse
2023-07-14,BOPF,273.5,20357.0,0,1730.69,1,7,4,195,3,0,Nuwara Eliya Main Warehouse
2023-07-14,DUST,209.2,17629.8,0,1612.02,1,7,4,195,3,0,Nuwara Eliya Main Warehouse
2023-07-14,FNGS,173.9,13091.9,0,1643.45,1,7,4,195,3,0,Nuwara Eliya Main Warehouse
2023-07-14,OP,123.6,9638.9,0,3029.98,1,7,4,195,3,0,Nuwara Eliya Main Warehouse
2023-07-15,BOP,204.4,24337.0,0,1993.18,0,7,5,196,3,1,Nuwara Eliya Main Warehouse
2023-07-15,BOPF,217.5,20342.6,0,1694.75,0,7,5,196,3,1,Nuwara Eliya Main Warehouse
2023-07-15,DUST,163.8,17610.3,0,1647.88,0,7,5,196,3,1,Nuwara Eliya Main Warehouse
2023-07-15,FNGS,128.1,13114.1,0,1465.69,0,7,5,196,3,1,Nuwara Eliya Main Warehouse
2023-07-15,OP,88.7,9640.0,0,2991.73,0,7,5,196,3,1,Nuwara Eliya Main Warehouse
2023-07-16,BOP,175.2,24358.3,0,1950.51,0,7,6,197,3,1,Nuwara Eliya Main Warehouse
2023-07-16,BOPF,182.0,20320.6,0,1769.04,0,7,6,197,3,1,Nuwara Eliya Main Warehouse
2023-07-16,DUST,147.2,17623.1,0,1706.68,0,7,6,197,3,1,Nuwara Eliya Main Warehouse
2023-07-16,FNGS,88.7,13123.3,0,1535.49,0,7,6,197,3,1,Nuwara Eliya Main Warehouse
2023-07-16,OP,72.2,9630.5,0,2959.19,0,7,6,197,3,1,Nuwara Eliya Main Warehouse
2023-07-17,BOP,353.6,24356.4,0,2017.26,1,7,0,198,3,0,Nuwara Eliya Main Warehouse
2023-07-17,BOPF,288.0,20358.4,0,1755.62,1,7,0,198,3,0,Nuwara Eliya Main Warehouse
2023-07-17,DUST,261.9,17603.7,0,1676.63,1,7,0,198,3,0,Nuwara Eliya Main Warehouse
2023-07-17,FNGS,180.3,13118.2,0,1431.72,1,7,0,198,3,0,Nuwara Eliya Main Warehouse
2023-07-17,OP,131.2,9661.0,0,3094.44,1,7,0,198,3,0,Nuwara Eliya Main Warehouse
2023-07-18,BOP,392.8,24390.8,0,1913.48,0,7,1,199,3,0,Nuwara Eliya Main Warehouse
2023-07-18,BOPF,316.3,20361.9,0,1771.64,0,7,1,199,3,0,Nuwara Eliya Main Warehouse
2023-07-18,DUST,252.8,17602.3,0,1600.9,0,7,1,199,3,0,Nuwara Eliya Main Warehouse
2023-07-18,FNGS,212.5,13169.9,0,1505.3,0,7,1,199,3,0,Nuwara Eliya Main Warehouse
2023-07-18,OP,134.5,9692.1,0,3029.19,0,7,1,199,3,0,Nuwara Eliya Main Warehouse
2023-07-19,BOP,355.4,24338.9,0,2016.91,1,7,2,200,3,0,Nuwara Eliya Main Warehouse
2023-07-19,BOPF,302.4,20427.8,0,1724.07,1,7,2,200,3,0,Nuwara Eliya Main Warehouse
2023-07-19,DUST,260.6,17653.0,0,1648.77,1,7,2,200,3,0,Nuwara Eliya Main Warehouse
2023-07-19,FNGS,203.2,13161.7,0,1461.74,1,7,2,200,3,0,Nuwara Eliya Main Warehouse
2023-07-19,OP,141.7,9686.7,0,2848.32,1,7,2,200,3,0,Nuwara Eliya Main Warehouse
2023-07-20,BOP,340.0,24374.4,0,1982.13,0,7,3,201,3,0,Nuwara Eliya Main Warehouse
2023-07-20,BOPF,316.4,20462.6,0,1759.46,0,7,3,201,3,0,Nuwara Eliya Main Warehouse
2023-07-20,DUST,272.0,17658.4,0,1749.24,0,7,3,201,3,0,Nuwara Eliya Main Warehouse
2023-07-20,FNGS,206.9,13147.4,0,1376.66,0,7,3,201,3,0,Nuwara Eliya Main Warehouse
2023-07-20,OP,124.8,9704.5,0,2917.39,0,7,3,201,3,0,Nuwara Eliya Main Warehouse
2023-07-21,BOP,352.0,24450.2,0,1940.43,1,7,4,202,3,0,Nuwara Eliya Main Warehouse
2023-07-21,BOPF,272.0,20431.7,0,1708.63,1,7,4,202,3,0,Nuwara Eliya Main Warehouse
2023-07-21,DUST,229.6,17708.1,0,1660.7,1,7,4,202,3,0,Nuwara Eliya Main Warehouse
2023-07-21,FNGS,179.7,13152.2,0,1483.43,1,7,4,202,3,0,Nuwara Eliya Main Warehouse
2023-07-21,OP,117.1,9714.1,0,2892.85,1,7,4,202,3,0,Nuwara Eliya Main Warehouse
2023-07-22,BOP,208.4,24470.0,0,1966.86,0,7,5,203,3,1,Nuwara Eliya Main Warehouse
2023-07-22,BOPF,206.8,20479.1,0,1830.22,0,7,5,203,3,1,Nuwara Eliya Main Warehouse
2023-07-22,DUST,156.0,17715.7,0,1640.42,0,7,5,203,3,1,Nuwara Eliya Main Warehouse
2023-07-22,FNGS,133.1,13135.3,0,1493.31,0,7,5,203,3,1,Nuwara Eliya Main Warehouse
2023-07-22,OP,92.1,9709.0,0,2980.65,0,7,5,203,3,1,Nuwara Eliya Main Warehouse
2023-07-23,BOP,146.4,24499.2,0,2061.35,0,7,6,204,3,1,Nuwara Eliya Main Warehouse
2023-07-23,BOPF,160.2,20471.6,0,1691.04,0,7,6,204,3,1,Nuwara Eliya Main Warehouse
2023-07-23,DUST,173.3,17717.4,0,1678.62,0,7,6,204,3,1,Nuwara Eliya Main Warehouse
2023-07-23,FNGS,86.3,13156.1,0,1486.32,0,7,6,204,3,1,Nuwara Eliya Main Warehouse
2023-07-23,OP,59.5,9706.3,0,3070.74,0,7,6,204,3,1,Nuwara Eliya Main Warehouse
2023-07-24,BOP,357.5,24549.1,0,1984.01,1,7,0,205,3,0,Nuwara Eliya Main Warehouse
2023-07-24,BOPF,303.3,20467.0,0,1832.96,1,7,0,205,3,0,Nuwara Eliya Main Warehouse
2023-07-24,DUST,258.8,17756.3,0,1691.36,1,7,0,205,3,0,Nuwara Eliya Main Warehouse
2023-07-24,FNGS,192.4,13172.6,0,1505.83,1,7,0,205,3,0,Nuwara Eliya Main Warehouse
2023-07-24,OP,151.7,9713.3,0,2959.38,1,7,0,205,3,0,Nuwara Eliya Main Warehouse
2023-07-25,BOP,355.8,24512.9,0,1937.49,0,7,1,206,3,0,Nuwara Eliya Main Warehouse
2023-07-25,BOPF,348.1,20470.8,0,1732.46,0,7,1,206,3,0,Nuwara Eliya Main Warehouse
2023-07-25,DUST,256.8,17725.3,0,1634.77,0,7,1,206,3,0,Nuwara Eliya Main Warehouse
2023-07-25,FNGS,204.4,13187.4,0,1484.4,0,7,1,206,3,0,Nuwara Eliya Main Warehouse
2023-07-25,OP,136.0,9715.8,0,2970.18,0,7,1,206,3,0,Nuwara Eliya Main Warehouse
2023-07-26,BOP,339.8,24584.6,0,1909.76,1,7,2,207,3,0,Nuwara Eliya Main Warehouse
2023-07-26,BOPF,354.5,20424.9,0,1664.03,1,7,2,207,3,0,Nuwara Eliya Main Warehouse
2023-07-26,DUST,271.6,17694.2,0,1679.46,1,7,2,207,3,0,Nuwara Eliya Main Warehouse
2023-07-26,FNGS,222.6,13212.4,0,1498.73,1,7,2,207,3,0,Nuwara Eliya Main Warehouse
2023-07-26,OP,134.8,9711.2,0,2909.41,1,7,2,207,3,0,Nuwara Eliya Main Warehouse
2023-07-27,BOP,367.0,24539.3,0,2004.81,0,7,3,208,3,0,Nuwara Eliya Main Warehouse
2023-07-27,BOPF,315.4,20440.2,0,1797.49,0,7,3,208,3,0,Nuwara Eliya Main Warehouse
2023-07-27,DUST,263.5,17723.4,0,1640.91,0,7,3,208,3,0,Nuwara Eliya Main Warehouse
2023-07-27,FNGS,205.7,13222.5,0,1503.07,0,7,3,208,3,0,Nuwara Eliya Main Warehouse
2023-07-27,OP,140.8,9735.6,0,3055.81,0,7,3,208,3,0,Nuwara Eliya Main Warehouse
2023-07-28,BOP,323.3,24559.8,0,1987.77,1,7,4,209,3,0,Nuwara Eliya Main Warehouse
2023-07-28,BOPF,277.0,20412.3,0,1737.24,1,7,4,209,3,0,Nuwara Eliya Main Warehouse
2023-07-28,DUST,216.5,17733.1,0,1689.77,1,7,4,209,3,0,Nuwara Eliya Main Warehouse
2023-07-28,FNGS,195.4,13195.7,0,1494.55,1,7,4,209,3,0,Nuwara Eliya Main Warehouse
2023-07-28,OP,125.5,9740.9,0,3095.6,1,7,4,209,3,0,Nuwara Eliya Main Warehouse
2023-07-29,BOP,228.2,24538.6,0,2015.6,0,7,5,210,3,1,Nuwara Eliya Main Warehouse
2023-07-29,BOPF,182.3,20414.2,0,1772.6,0,7,5,210,3,1,Nuwara Eliya Main Warehouse
2023-07-29,DUST,180.5,17763.1,0,1664.32,0,7,5,210,3,1,Nuwara Eliya Main Warehouse
2023-07-29,FNGS,140.6,13209.0,0,1488.96,0,7,5,210,3,1,Nuwara Eliya Main Warehouse
2023-07-29,OP,89.5,9751.0,0,2989.54,0,7,5,210,3,1,Nuwara Eliya Main Warehouse
2023-07-30,BOP,166.8,24514.4,0,1896.01,0,7,6,211,3,1,Nuwara Eliya Main Warehouse
2023-07-30,BOPF,154.7,20412.7,0,1790.84,0,7,6,211,3,1,Nuwara Eliya Main Warehouse
2023-07-30,DUST,157.7,17797.3,0,1678.96,0,7,6,211,3,1,Nuwara Eliya Main Warehouse
2023-07-30,FNGS,99.9,13222.7,0,1458.7,0,7,6,211,3,1,Nuwara Eliya Main Warehouse
2023-07-30,OP,72.6,9745.6,0,3125.19,0,7,6,211,3,1,Nuwara Eliya Main Warehouse
2023-07-31,BOP,368.5,24521.3,0,1912.24,1,7,0,212,3,0,Nuwara Eliya Main Warehouse
2023-07-31,BOPF,305.7,20461.4,0,1747.9,1,7,0,212,3,0,Nuwara Eliya Main Warehouse
2023-07-31,DUST,260.5,17798.6,0,1621.36,1,7,0,212,3,0,Nuwara Eliya Main Warehouse
2023-07-31,FNGS,199.2,13226.0,0,1521.3,1,7,0,212,3,0,Nuwara Eliya Main Warehouse
2023-07-31,OP,121.1,9753.2,0,2946.97,1,7,0,212,3,0,Nuwara Eliya Main Warehouse
2023-08-01,BOP,406.2,24508.3,0,2041.09,0,8,1,213,3,0,Nuwara Eliya Main Warehouse
2023-08-01,BOPF,332.6,20518.3,0,1702.81,0,8,1,213,3,0,Nuwara Eliya Main Warehouse
2023-08-01,DUST,265.8,17822.2,0,1618.58,0,8,1,213,3,0,Nuwara Eliya Main Warehouse
2023-08-01,FNGS,224.2,13260.3,0,1484.55,0,8,1,213,3,0,Nuwara Eliya Main Warehouse
2023-08-01,OP,143.9,9750.0,0,2875.53,0,8,1,213,3,0,Nuwara Eliya Main Warehouse
2023-08-02,BOP,385.8,24525.4,0,1995.96,1,8,2,214,3,0,Nuwara Eliya Main Warehouse
2023-08-02,BOPF,329.1,20489.2,0,1779.13,1,8,2,214,3,0,Nuwara Eliya Main Warehouse
2023-08-02,DUST,295.9,17837.1,0,1700.85,1,8,2,214,3,0,Nuwara Eliya Main Warehouse
2023-08-02,FNGS,208.3,13247.9,0,1481.26,1,8,2,214,3,0,Nuwara Eliya Main Warehouse
2023-08-02,OP,149.6,9759.0,0,3060.65,1,8,2,214,3,0,Nuwara Eliya Main Warehouse
2023-08-03,BOP,417.1,24559.2,0,2007.31,0,8,3,215,3,0,Nuwara Eliya Main Warehouse
2023-08-03,BOPF,360.5,20488.0,0,1731.87,0,8,3,215,3,0,Nuwara Eliya Main Warehouse
2023-08-03,DUST,295.2,17908.7,0,1653.31,0,8,3,215,3,0,Nuwara Eliya Main Warehouse
2023-08-03,FNGS,211.0,13235.0,0,1518.16,0,8,3,215,3,0,Nuwara Eliya Main Warehouse
2023-08-03,OP,147.0,9782.9,0,2985.23,0,8,3,215,3,0,Nuwara Eliya Main Warehouse
2023-08-04,BOP,326.3,24515.9,0,1924.41,1,8,4,216,3,0,Nuwara Eliya Main Warehouse
2023-08-04,BOPF,304.1,20487.8,0,1765.28,1,8,4,216,3,0,Nuwara Eliya Main Warehouse
2023-08-04,DUST,252.0,17954.7,0,1670.37,1,8,4,216,3,0,Nuwara Eliya Main Warehouse
2023-08-04,FNGS,193.4,13218.4,0,1505.65,1,8,4,216,3,0,Nuwara Eliya Main Warehouse
2023-08-04,OP,139.7,9804.9,0,2944.67,1,8,4,216,3,0,Nuwara Eliya Main Warehouse
2023-08-05,BOP,237.8,24492.0,0,1923.53,0,8,5,217,3,1,Nuwara Eliya Main Warehouse
2023-08-05,BOPF,235.9,20466.7,0,1627.4,0,8,5,217,3,1,Nuwara Eliya Main Warehouse
2023-08-05,DUST,192.4,17996.0,0,1642.98,0,8,5,217,3,1,Nuwara Eliya Main Warehouse
2023-08-05,FNGS,168.3,13218.2,0,1467.52,0,8,5,217,3,1,Nuwara Eliya Main Warehouse
2023-08-05,OP,100.3,9804.1,0,3000.14,0,8,5,217,3,1,Nuwara Eliya Main Warehouse
2023-08-06,BOP,206.1,24507.1,0,2033.13,0,8,6,218,3,1,Nuwara Eliya Main Warehouse
2023-08-06,BOPF,180.9,20497.3,0,1753.91,0,8,6,218,3,1,Nuwara Eliya Main Warehouse
2023-08-06,DUST,197.6,17986.4,0,1699.13,0,8,6,218,3,1,Nuwara Eliya Main Warehouse
2023-08-06,FNGS,101.8,13237.5,0,1549.48,0,8,6,218,3,1,Nuwara Eliya Main Warehouse
2023-08-06,OP,73.5,9813.4,0,2860.81,0,8,6,218,3,1,Nuwara Eliya Main Warehouse
2023-08-07,BOP,378.8,24502.3,0,2035.88,1,8,0,219,3,0,Nuwara Eliya Main Warehouse
2023-08-07,BOPF,352.3,20544.1,0,1701.27,1,8,0,219,3,0,Nuwara Eliya Main Warehouse
2023-08-07,DUST,275.8,18030.3,0,1629.19,1,8,0,219,3,0,Nuwara Eliya Main Warehouse
2023-08-07,FNGS,227.5,13278.7,0,1447.11,1,8,0,219,3,0,Nuwara Eliya Main Warehouse
2023-08-07,OP,151.3,9847.7,0,2847.27,1,8,0,219,3,0,Nuwara Eliya Main Warehouse
2023-08-08,BOP,400.7,24559.0,0,1917.98,0,8,1,220,3,0,Nuwara Eliya Main Warehouse
2023-08-08,BOPF,343.2,20518.8,0,1812.77,0,8,1,220,3,0,Nuwara Eliya Main Warehouse
2023-08-08,DUST,281.4,18018.0,0,1651.26,0,8,1,220,3,0,Nuwara Eliya Main Warehouse
2023-08-08,FNGS,213.7,13279.3,0,1453.83,0,8,1,220,3,0,Nuwara Eliya Main Warehouse
2023-08-08,OP,160.3,9863.8,0,3002.09,0,8,1,220,3,0,Nuwara Eliya Main Warehouse
2023-08-09,BOP,385.2,24601.8,0,1907.51,1,8,2,221,3,0,Nuwara Eliya Main Warehouse
2023-08-09,BOPF,332.7,20517.7,0,1762.82,1,8,2,221,3,0,Nuwara Eliya Main Warehouse
2023-08-09,DUST,293.4,17998.5,0,1694.23,1,8,2,221,3,0,Nuwara Eliya Main Warehouse
2023-08-09,FNGS,205.6,13297.0,0,1525.33,1,8,2,221,3,0,Nuwara Eliya Main Warehouse
2023-08-09,OP,154.3,9849.8,0,3031.0,1,8,2,221,3,0,Nuwara Eliya Main Warehouse
2023-08-10,BOP,390.5,24675.3,0,1972.63,0,8,3,222,3,0,Nuwara Eliya Main Warehouse
2023-08-10,BOPF,309.5,20484.3,0,1744.32,0,8,3,222,3,0,Nuwara Eliya Main Warehouse
2023-08-10,DUST,296.7,18066.0,0,1712.33,0,8,3,222,3,0,Nuwara Eliya Main Warehouse
2023-08-10,FNGS,229.8,13328.7,0,1570.91,0,8,3,222,3,0,Nuwara Eliya Main Warehouse
2023-08-10,OP,144.4,9867.4,0,3111.8,0,8,3,222,3,0,Nuwara Eliya Main Warehouse
2023-08-11,BOP,324.7,24716.5,0,1934.43,1,8,4,223,3,0,Nuwara Eliya Main Warehouse
2023-08-11,BOPF,304.5,20515.2,0,1756.41,1,8,4,223,3,0,Nuwara Eliya Main Warehouse
2023-08-11,DUST,269.9,18027.6,0,1633.55,1,8,4,223,3,0,Nuwara Eliya Main Warehouse
2023-08-11,FNGS,205.4,13317.8,0,1473.21,1,8,4,223,3,0,Nuwara Eliya Main Warehouse
2023-08-11,OP,140.1,9852.3,0,3069.4,1,8,4,223,3,0,Nuwara Eliya Main Warehouse
2023-08-12,BOP,296.6,24723.0,0,1933.41,0,8,5,224,3,1,Nuwara Eliya Main Warehouse
2023-08-12,BOPF,226.4,20492.2,0,1684.37,0,8,5,224,3,1,Nuwara Eliya Main Warehouse
2023-08-12,DUST,166.9,18067.0,0,1749.14,0,8,5,224,3,1,Nuwara Eliya Main Warehouse
2023-08-12,FNGS,166.2,13304.0,0,1514.9,0,8,5,224,3,1,Nuwara Eliya Main Warehouse
2023-08-12,OP,127.5,9877.6,0,3048.5,0,8,5,224,3,1,Nuwara Eliya Main Warehouse
2023-08-13,BOP,219.5,24749.2,0,1909.61,0,8,6,225,3,1,Nuwara Eliya Main Warehouse
2023-08-13,BOPF,222.2,20546.5,0,1811.91,0,8,6,225,3,1,Nuwara Eliya Main Warehouse
2023-08-13,DUST,157.1,18052.8,0,1672.7,0,8,6,225,3,1,Nuwara Eliya Main Warehouse
2023-08-13,FNGS,134.4,13336.1,0,1447.59,0,8,6,225,3,1,Nuwara Eliya Main Warehouse
2023-08-13,OP,85.8,9882.5,0,3102.05,0,8,6,225,3,1,Nuwara Eliya Main Warehouse
2023-08-14,BOP,402.7,24733.1,0,1953.2,1,8,0,226,3,0,Nuwara Eliya Main Warehouse
2023-08-14,BOPF,365.0,20605.7,0,1829.91,1,8,0,226,3,0,Nuwara Eliya Main Warehouse
2023-08-14,DUST,303.4,18106.8,0,1609.75,1,8,0,226,3,0,Nuwara Eliya Main Warehouse
2023-08-14,FNGS,238.2,13359.2,0,1458.75,1,8,0,226,3,0,Nuwara Eliya Main Warehouse
2023-08-14,OP,135.6,9883.0,0,3036.69,1,8,0,226,3,0,Nuwara Eliya Main Warehouse
2023-08-15,BOP,404.0,24722.0,0,1915.25,0,8,1,227,3,0,Nuwara Eliya Main Warehouse
2023-08-15,BOPF,327.4,20607.7,0,1752.35,0,8,1,227,3,0,Nuwara Eliya Main Warehouse
2023-08-15,DUST,303.6,18094.7,0,1675.52,0,8,1,227,3,0,Nuwara Eliya Main Warehouse
2023-08-15,FNGS,231.1,13415.3,0,1545.42,0,8,1,227,3,0,Nuwara Eliya Main Warehouse
2023-08-15,OP,147.0,9864.3,0,2966.83,0,8,1,227,3,0,Nuwara Eliya Main Warehouse
2023-08-16,BOP,399.9,24788.3,0,1918.67,1,8,2,228,3,0,Nuwara Eliya Main Warehouse
2023-08-16,BOPF,323.8,20634.1,0,1810.66,1,8,2,228,3,0,Nuwara Eliya Main Warehouse
2023-08-16,DUST,276.4,18092.1,0,1640.66,1,8,2,228,3,0,Nuwara Eliya Main Warehouse
2023-08-16,FNGS,219.8,13412.0,0,1513.34,1,8,2,228,3,0,Nuwara Eliya Main Warehouse
2023-08-16,OP,153.4,9864.7,0,3072.59,1,8,2,228,3,0,Nuwara Eliya Main Warehouse
2023-08-17,BOP,395.7,24799.6,0,1996.16,0,8,3,229,3,0,Nuwara Eliya Main Warehouse
2023-08-17,BOPF,332.5,20705.4,0,1705.83,0,8,3,229,3,0,Nuwara Eliya Main Warehouse
2023-08-17,DUST,307.4,18072.6,0,1678.77,0,8,3,229,3,0,Nuwara Eliya Main Warehouse
2023-08-17,FNGS,221.7,13441.1,0,1546.93,0,8,3,229,3,0,Nuwara Eliya Main Warehouse
2023-08-17,OP,135.0,9893.2,0,3069.7,0,8,3,229,3,0,Nuwara Eliya Main Warehouse
2023-08-18,BOP,358.2,24860.2,0,1976.67,1,8,4,230,3,0,Nuwara Eliya Main Warehouse
2023-08-18,BOPF,292.7,20726.4,0,1694.87,1,8,4,230,3,0,Nuwara Eliya Main Warehouse
2023-08-18,DUST,277.0,18095.9,0,1656.71,1,8,4,230,3,0,Nuwara Eliya Main Warehouse
2023-08-18,FNGS,211.7,13428.2,0,1543.8,1,8,4,230,3,0,Nuwara Eliya Main Warehouse
2023-08-18,OP,134.6,9874.2,0,2995.7,1,8,4,230,3,0,Nuwara Eliya Main Warehouse
2023-08-19,BOP,282.0,24910.7,0,2006.78,0,8,5,231,3,1,Nuwara Eliya Main Warehouse
2023-08-19,BOPF,240.1,20707.2,0,1735.71,0,8,5,231,3,1,Nuwara Eliya Main Warehouse
2023-08-19,DUST,198.9,18093.8,0,1662.27,0,8,5,231,3,1,Nuwara Eliya Main Warehouse
2023-08-19,FNGS,144.8,13421.6,0,1410.52,0,8,5,231,3,1,Nuwara Eliya Main Warehouse
2023-08-19,OP,106.1,9878.4,0,2895.78,0,8,5,231,3,1,Nuwara Eliya Main Warehouse
2023-08-20,BOP,247.2,24958.4,0,1888.49,0,8,6,232,3,1,Nuwara Eliya Main Warehouse
2023-08-20,BOPF,188.9,20707.4,0,1754.98,0,8,6,232,3,1,Nuwara Eliya Main Warehouse
2023-08-20,DUST,179.8,18114.1,0,1616.54,0,8,6,232,3,1,Nuwara Eliya Main Warehouse
2023-08-20,FNGS,119.2,13428.1,0,1448.15,0,8,6,232,3,1,Nuwara Eliya Main Warehouse
2023-08-20,OP,96.4,9899.8,0,2846.82,0,8,6,232,3,1,Nuwara Eliya Main Warehouse
2023-08-21,BOP,385.4,25041.9,0,1980.69,1,8,0,233,3,0,Nuwara Eliya Main Warehouse
2023-08-21,BOPF,339.1,20770.9,0,1714.81,1,8,0,233,3,0,Nuwara Eliya Main Warehouse
2023-08-21,DUST,315.9,18068.7,0,1705.08,1,8,0,233,3,0,Nuwara Eliya Main Warehouse
2023-08-21,FNGS,212.8,13423.4,0,1510.01,1,8,0,233,3,0,Nuwara Eliya Main Warehouse
2023-08-21,OP,154.7,9901.1,0,3067.73,1,8,0,233,3,0,Nuwara Eliya Main Warehouse
2023-08-22,BOP,411.2,25051.1,0,2095.48,0,8,1,234,3,0,Nuwara Eliya Main Warehouse
2023-08-22,BOPF,365.4,20810.3,0,1760.22,0,8,1,234,3,0,Nuwara Eliya Main Warehouse
2023-08-22,DUST,283.9,18033.4,0,1605.39,0,8,1,234,3,0,Nuwara Eliya Main Warehouse
2023-08-22,FNGS,202.4,13406.6,0,1427.31,0,8,1,234,3,0,Nuwara Eliya Main Warehouse
2023-08-22,OP,157.4,9904.4,0,3037.39,0,8,1,234,3,0,Nuwara Eliya Main Warehouse
2023-08-23,BOP,389.4,25042.4,0,1959.75,1,8,2,235,3,0,Nuwara Eliya Main Warehouse
2023-08-23,BOPF,324.8,20846.1,0,1749.09,1,8,2,235,3,0,Nuwara Eliya Main Warehouse
2023-08-23,DUST,302.1,18000.1,0,1607.71,1,8,2,235,3,0,Nuwara Eliya Main Warehouse
2023-08-23,FNGS,222.9,13396.6,0,1454.41,1,8,2,235,3,0,Nuwara Eliya Main Warehouse
2023-08-23,OP,133.1,9915.2,0,3049.39,1,8,2,235,3,0,Nuwara Eliya Main Warehouse
2023-08-24,BOP,412.3,25076.5,0,2026.32,0,8,3,236,3,0,Nuwara Eliya Main Warehouse
2023-08-24,BOPF,353.6,20915.7,0,1685.8,0,8,3,236,3,0,Nuwara Eliya Main Warehouse
2023-08-24,DUST,317.8,18005.7,0,1676.46,0,8,3,236,3,0,Nuwara Eliya Main Warehouse
2023-08-24,FNGS,197.3,13369.8,0,1558.73,0,8,3,236,3,0,Nuwara Eliya Main Warehouse
2023-08-24,OP,152.8,9920.6,0,3071.48,0,8,3,236,3,0,Nuwara Eliya Main Warehouse
2023-08-25,BOP,336.3,25076.0,0,2025.97,1,8,4,237,3,0,Nuwara Eliya Main Warehouse
2023-08-25,BOPF,293.7,20976.6,0,1759.65,1,8,4,237,3,0,Nuwara Eliya Main Warehouse
2023-08-25,DUST,272.1,18053.6,0,1734.02,1,8,4,237,3,0,Nuwara Eliya Main Warehouse
2023-08-25,FNGS,198.3,13396.0,0,1476.15,1,8,4,237,3,0,Nuwara Eliya Main Warehouse
2023-08-25,OP,137.9,9909.2,0,2922.27,1,8,4,237,3,0,Nuwara Eliya Main Warehouse
2023-08-26,BOP,303.7,25103.5,0,2028.84,0,8,5,238,3,1,Nuwara Eliya Main Warehouse
2023-08-26,BOPF,271.9,21035.9,0,1776.52,0,8,5,238,3,1,Nuwara Eliya Main Warehouse
2023-08-26,DUST,191.6,18092.9,0,1643.21,0,8,5,238,3,1,Nuwara Eliya Main Warehouse
2023-08-26,FNGS,161.9,13403.6,0,1528.83,0,8,5,238,3,1,Nuwara Eliya Main Warehouse
2023-08-26,OP,104.4,9894.3,0,2840.35,0,8,5,238,3,1,Nuwara Eliya Main Warehouse
2023-08-27,BOP,220.1,25132.6,0,1990.2,0,8,6,239,3,1,Nuwara Eliya Main Warehouse
2023-08-27,BOPF,220.8,21011.1,0,1743.01,0,8,6,239,3,1,Nuwara Eliya Main Warehouse
2023-08-27,DUST,169.7,18084.1,0,1692.31,0,8,6,239,3,1,Nuwara Eliya Main Warehouse
2023-08-27,FNGS,120.2,13390.1,0,1497.92,0,8,6,239,3,1,Nuwara Eliya Main Warehouse
2023-08-27,OP,71.9,9901.1,0,3041.53,0,8,6,239,3,1,Nuwara Eliya Main Warehouse
2023-08-28,BOP,353.2,25176.9,0,2012.51,1,8,0,240,3,0,Nuwara Eliya Main Warehouse
2023-08-28,BOPF,331.5,21033.6,0,1790.81,1,8,0,240,3,0,Nuwara Eliya Main Warehouse
2023-08-28,DUST,305.8,18108.5,0,1709.74,1,8,0,240,3,0,Nuwara Eliya Main Warehouse
2023-08-28,FNGS,233.2,13371.1,0,1470.65,1,8,0,240,3,0,Nuwara Eliya Main Warehouse
2023-08-28,OP,138.5,9931.3,0,3099.02,1,8,0,240,3,0,Nuwara Eliya Main Warehouse
2023-08-29,BOP,398.9,25176.8,0,2020.02,0,8,1,241,3,0,Nuwara Eliya Main Warehouse
2023-08-29,BOPF,330.9,21081.9,0,1675.74,0,8,1,241,3,0,Nuwara Eliya Main Warehouse
2023-08-29,DUST,283.2,18153.0,0,1697.83,0,8,1,241,3,0,Nuwara Eliya Main Warehouse
2023-08-29,FNGS,208.0,13348.4,0,1429.41,0,8,1,241,3,0,Nuwara Eliya Main Warehouse
2023-08-29,OP,141.4,9916.1,0,3028.17,0,8,1,241,3,0,Nuwara Eliya Main Warehouse
2023-08-30,BOP,376.7,25145.4,0,2016.63,1,8,2,242,3,0,Nuwara Eliya Main Warehouse
2023-08-30,BOPF,321.8,21131.1,0,1757.77,1,8,2,242,3,0,Nuwara Eliya Main Warehouse
2023-08-30,DUST,292.3,18143.0,0,1645.59,1,8,2,242,3,0,Nuwara Eliya Main Warehouse
2023-08-30,FNGS,232.8,13370.5,0,1509.21,1,8,2,242,3,0,Nuwara Eliya Main Warehouse
2023-08-30,OP,132.6,9907.4,0,2873.96,1,8,2,242,3,0,Nuwara Eliya Main Warehouse
2023-08-31,BOP,399.2,25154.3,0,1919.48,0,8,3,243,3,0,Nuwara Eliya Main Warehouse
2023-08-31,BOPF,350.0,21163.5,0,1678.27,0,8,3,243,3,0,Nuwara Eliya Main Warehouse
2023-08-31,DUST,284.1,18146.8,0,1609.44,0,8,3,243,3,0,Nuwara Eliya Main Warehouse
2023-08-31,FNGS,223.3,13345.5,0,1560.6,0,8,3,243,3,0,Nuwara Eliya Main Warehouse
2023-08-31,OP,144.4,9907.2,0,3019.24,0,8,3,243,3,0,Nuwara Eliya Main Warehouse
2023-09-01,BOP,335.0,25123.2,0,1886.87,1,9,4,244,3,0,Nuwara Eliya Main Warehouse
2023-09-01,BOPF,303.7,21138.3,0,1681.12,1,9,4,244,3,0,Nuwara Eliya Main Warehouse
2023-09-01,DUST,251.7,18161.8,0,1557.63,1,9,4,244,3,0,Nuwara Eliya Main Warehouse
2023-09-01,FNGS,177.3,13372.4,0,1472.25,1,9,4,244,3,0,Nuwara Eliya Main Warehouse
2023-09-01,OP,125.1,9928.9,0,2904.75,1,9,4,244,3,0,Nuwara Eliya Main Warehouse
2023-09-02,BOP,258.6,25176.4,0,1895.54,0,9,5,245,3,1,Nuwara Eliya Main Warehouse
2023-09-02,BOPF,249.4,21180.4,0,1704.72,0,9,5,245,3,1,Nuwara Eliya Main Warehouse
2023-09-02,DUST,203.9,18142.2,0,1648.18,0,9,5,245,3,1,Nuwara Eliya Main Warehouse
2023-09-02,FNGS,179.7,13346.9,0,1502.6,0,9,5,245,3,1,Nuwara Eliya Main Warehouse
2023-09-02,OP,119.3,9923.8,0,2869.87,0,9,5,245,3,1,Nuwara Eliya Main Warehouse
2023-09-03,BOP,182.5,25174.3,0,1966.91,0,9,6,246,3,1,Nuwara Eliya Main Warehouse
2023-09-03,BOPF,228.4,21211.9,0,1689.72,0,9,6,246,3,1,Nuwara Eliya Main Warehouse
2023-09-03,DUST,162.6,18119.5,0,1715.29,0,9,6,246,3,1,Nuwara Eliya Main Warehouse
2023-09-03,FNGS,122.3,13340.7,0,1435.99,0,9,6,246,3,1,Nuwara Eliya Main Warehouse
2023-09-03,OP,80.8,9940.2,0,2998.99,0,9,6,246,3,1,Nuwara Eliya Main Warehouse
2023-09-04,BOP,369.6,25141.7,0,2015.0,1,9,0,247,3,0,Nuwara Eliya Main Warehouse
2023-09-04,BOPF,318.0,21175.2,0,1708.99,1,9,0,247,3,0,Nuwara Eliya Main Warehouse
2023-09-04,DUST,292.9,18093.5,0,1608.35,1,9,0,247,3,0,Nuwara Eliya Main Warehouse
2023-09-04,FNGS,203.1,13382.6,0,1471.69,1,9,0,247,3,0,Nuwara Eliya Main Warehouse
2023-09-04,OP,150.9,9920.9,0,3013.49,1,9,0,247,3,0,Nuwara Eliya Main Warehouse
2023-09-05,BOP,347.3,25093.2,0,1920.88,0,9,1,248,3,0,Nuwara Eliya Main Warehouse
2023-09-05,BOPF,323.8,21186.7,0,1725.33,0,9,1,248,3,0,Nuwara Eliya Main Warehouse
2023-09-05,DUST,311.6,18124.9,0,1693.3,0,9,1,248,3,0,Nuwara Eliya Main Warehouse
2023-09-05,FNGS,205.9,13410.9,0,1514.34,0,9,1,248,3,0,Nuwara Eliya Main Warehouse
2023-09-05,OP,135.8,9951.6,0,2991.76,0,9,1,248,3,0,Nuwara Eliya Main Warehouse
2023-09-06,BOP,356.6,25131.8,0,2033.59,1,9,2,249,3,0,Nuwara Eliya Main Warehouse
2023-09-06,BOPF,341.7,21159.2,0,1776.54,1,9,2,249,3,0,Nuwara Eliya Main Warehouse
2023-09-06,DUST,271.5,18092.2,0,1616.67,1,9,2,249,3,0,Nuwara Eliya Main Warehouse
2023-09-06,FNGS,214.6,13385.0,0,1531.36,1,9,2,249,3,0,Nuwara Eliya Main Warehouse
2023-09-06,OP,140.4,9962.1,0,3037.05,1,9,2,249,3,0,Nuwara Eliya Main Warehouse
2023-09-07,BOP,394.7,25173.1,0,1954.57,0,9,3,250,3,0,Nuwara Eliya Main Warehouse
2023-09-07,BOPF,351.6,21153.9,0,1720.37,0,9,3,250,3,0,Nuwara Eliya Main Warehouse
2023-09-07,DUST,285.5,18071.0,0,1665.9,0,9,3,250,3,0,Nuwara Eliya Main Warehouse
2023-09-07,FNGS,211.5,13422.7,0,1523.58,0,9,3,250,3,0,Nuwara Eliya Main Warehouse
2023-09-07,OP,141.9,9978.2,0,2934.04,0,9,3,250,3,0,Nuwara Eliya Main Warehouse
2023-09-08,BOP,359.4,25168.2,0,1955.23,1,9,4,251,3,0,Nuwara Eliya Main Warehouse
2023-09-08,BOPF,285.2,21113.2,0,1659.03,1,9,4,251,3,0,Nuwara Eliya Main Warehouse
2023-09-08,DUST,256.8,18067.2,0,1693.99,1,9,4,251,3,0,Nuwara Eliya Main Warehouse
2023-09-08,FNGS,193.7,13431.9,0,1415.0,1,9,4,251,3,0,Nuwara Eliya Main Warehouse
2023-09-08,OP,120.9,9977.8,0,3007.86,1,9,4,251,3,0,Nuwara Eliya Main Warehouse
2023-09-09,BOP,272.0,25135.2,0,1936.31,0,9,5,252,3,1,Nuwara Eliya Main Warehouse
2023-09-09,BOPF,231.0,21115.6,0,1791.62,0,9,5,252,3,1,Nuwara Eliya Main Warehouse
2023-09-09,DUST,200.0,18043.4,0,1630.53,0,9,5,252,3,1,Nuwara Eliya Main Warehouse
2023-09-09,FNGS,143.8,13459.0,0,1481.24,0,9,5,252,3,1,Nuwara Eliya Main Warehouse
2023-09-09,OP,93.9,9993.1,0,2960.09,0,9,5,252,3,1,Nuwara Eliya Main Warehouse
2023-09-10,BOP,196.7,25137.9,0,1878.24,0,9,6,253,3,1,Nuwara Eliya Main Warehouse
2023-09-10,BOPF,210.9,21130.3,0,1695.65,0,9,6,253,3,1,Nuwara Eliya Main Warehouse
2023-09-10,DUST,160.2,18031.7,0,1669.23,0,9,6,253,3,1,Nuwara Eliya Main Warehouse
2023-09-10,FNGS,126.2,13470.4,0,1459.91,0,9,6,253,3,1,Nuwara Eliya Main Warehouse
2023-09-10,OP,76.7,9986.7,0,2979.93,0,9,6,253,3,1,Nuwara Eliya Main Warehouse
2023-09-11,BOP,373.7,25128.4,0,1995.71,1,9,0,254,3,0,Nuwara Eliya Main Warehouse
2023-09-11,BOPF,299.8,21159.6,0,1733.6,1,9,0,254,3,0,Nuwara Eliya Main Warehouse
2023-09-11,DUST,265.7,18088.7,0,1642.12,1,9,0,254,3,0,Nuwara Eliya Main Warehouse
2023-09-11,FNGS,204.6,13495.5,0,1487.66,1,9,0,254,3,0,Nuwara Eliya Main Warehouse
2023-09-11,OP,136.0,9969.0,0,3023.82,1,9,0,254,3,0,Nuwara Eliya Main Warehouse
2023-09-12,BOP,389.9,25175.5,0,2078.17,0,9,1,255,3,0,Nuwara Eliya Main Warehouse
2023-09-12,BOPF,344.6,21199.4,0,1758.27,0,9,1,255,3,0,Nuwara Eliya Main Warehouse
2023-09-12,DUST,312.2,18044.3,0,1694.32,0,9,1,255,3,0,Nuwara Eliya Main Warehouse
2023-09-12,FNGS,196.2,13544.1,0,1496.07,0,9,1,255,3,0,Nuwara Eliya Main Warehouse
2023-09-12,OP,156.4,9970.3,0,3090.49,0,9,1,255,3,0,Nuwara Eliya Main Warehouse
2023-09-13,BOP,360.7,25208.8,0,1979.78,1,9,2,256,3,0,Nuwara Eliya Main Warehouse
2023-09-13,BOPF,325.3,21259.4,0,1746.39,1,9,2,256,3,0,Nuwara Eliya Main Warehouse
2023-09-13,DUST,312.9,18079.1,0,1672.59,1,9,2,256,3,0,Nuwara Eliya Main Warehouse
2023-09-13,FNGS,211.3,13532.0,0,1545.63,1,9,2,256,3,0,Nuwara Eliya Main Warehouse
2023-09-13,OP,142.7,9997.6,0,3026.23,1,9,2,256,3,0,Nuwara Eliya Main Warehouse
2023-09-14,BOP,404.8,25207.1,0,1880.68,0,9,3,257,3,0,Nuwara Eliya Main Warehouse
2023-09-14,BOPF,330.2,21238.4,0,1789.98,0,9,3,257,3,0,Nuwara Eliya Main Warehouse
2023-09-14,DUST,288.2,18080.2,0,1664.39,0,9,3,257,3,0,Nuwara Eliya Main Warehouse
2023-09-14,FNGS,183.0,13550.2,0,1513.34,0,9,3,257,3,0,Nuwara Eliya Main Warehouse
2023-09-14,OP,140.3,10018.9,0,3054.3,0,9,3,257,3,0,Nuwara Eliya Main Warehouse
2023-09-15,BOP,356.9,25184.7,0,2026.83,1,9,4,258,3,0,Nuwara Eliya Main Warehouse
2023-09-15,BOPF,308.6,21206.9,0,1760.2,1,9,4,258,3,0,Nuwara Eliya Main Warehouse
2023-09-15,DUST,261.8,18111.4,0,1734.34,1,9,4,258,3,0,Nuwara Eliya Main Warehouse
2023-09-15,FNGS,191.9,13556.8,0,1560.59,1,9,4,258,3,0,Nuwara Eliya Main Warehouse
2023-09-15,OP,126.9,10026.1,0,3002.95,1,9,4,258,3,0,Nuwara Eliya Main Warehouse
2023-09-16,BOP,255.1,25247.2,0,1893.48,0,9,5,259,3,1,Nuwara Eliya Main Warehouse
2023-09-16,BOPF,229.6,21250.7,0,1695.18,0,9,5,259,3,1,Nuwara Eliya Main Warehouse
2023-09-16,DUST,194.4,18128.0,0,1692.78,0,9,5,259,3,1,Nuwara Eliya Main Warehouse
2023-09-16,FNGS,131.8,13539.1,0,1471.77,0,9,5,259,3,1,Nuwara Eliya Main Warehouse
2023-09-16,OP,96.7,10033.7,0,3043.26,0,9,5,259,3,1,Nuwara Eliya Main Warehouse
2023-09-17,BOP,211.2,25253.9,0,1916.69,0,9,6,260,3,1,Nuwara Eliya Main Warehouse
2023-09-17,BOPF,166.2,21236.2,0,1843.04,0,9,6,260,3,1,Nuwara Eliya Main Warehouse
2023-09-17,DUST,169.7,18117.7,0,1630.0,0,9,6,260,3,1,Nuwara Eliya Main Warehouse
2023-09-17,FNGS,116.4,13522.3,0,1441.73,0,9,6,260,3,1,Nuwara Eliya Main Warehouse
2023-09-17,OP,72.9,10026.6,0,3089.34,0,9,6,260,3,1,Nuwara Eliya Main Warehouse
2023-09-18,BOP,373.9,25300.8,0,1970.7,1,9,0,261,3,0,Nuwara Eliya Main Warehouse
2023-09-18,BOPF,314.1,21311.5,0,1746.72,1,9,0,261,3,0,Nuwara Eliya Main Warehouse
2023-09-18,DUST,239.9,18163.0,0,1658.22,1,9,0,261,3,0,Nuwara Eliya Main Warehouse
2023-09-18,FNGS,218.1,13500.0,0,1562.47,1,9,0,261,3,0,Nuwara Eliya Main Warehouse
2023-09-18,OP,130.5,10050.9,0,3160.56,1,9,0,261,3,0,Nuwara Eliya Main Warehouse
2023-09-19,BOP,346.0,25268.3,0,1990.88,0,9,1,262,3,0,Nuwara Eliya Main Warehouse
2023-09-19,BOPF,359.7,21378.8,0,1730.24,0,9,1,262,3,0,Nuwara Eliya Main Warehouse
2023-09-19,DUST,286.2,18176.4,0,1658.8,0,9,1,262,3,0,Nuwara Eliya Main Warehouse
2023-09-19,FNGS,201.9,13522.1,0,1519.66,0,9,1,262,3,0,Nuwara Eliya Main Warehouse
2023-09-19,OP,139.2,10073.8,0,3104.62,0,9,1,262,3,0,Nuwara Eliya Main Warehouse
2023-09-20,BOP,373.3,25284.8,0,1928.22,1,9,2,263,3,0,Nuwara Eliya Main Warehouse
2023-09-20,BOPF,334.9,21395.7,0,1784.36,1,9,2,263,3,0,Nuwara Eliya Main Warehouse
2023-09-20,DUST,272.5,18225.2,0,1666.17,1,9,2,263,3,0,Nuwara Eliya Main Warehouse
2023-09-20,FNGS,219.2,13539.0,0,1470.34,1,9,2,263,3,0,Nuwara Eliya Main Warehouse
2023-09-20,OP,143.1,10090.0,0,2998.49,1,9,2,263,3,0,Nuwara Eliya Main Warehouse
2023-09-21,BOP,357.8,25235.1,0,1968.95,0,9,3,264,3,0,Nuwara Eliya Main Warehouse
2023-09-21,BOPF,337.1,21477.4,0,1749.76,0,9,3,264,3,0,Nuwara Eliya Main Warehouse
2023-09-21,DUST,277.3,18228.6,0,1779.94,0,9,3,264,3,0,Nuwara Eliya Main Warehouse
2023-09-21,FNGS,198.7,13553.2,0,1520.05,0,9,3,264,3,0,Nuwara Eliya Main Warehouse
2023-09-21,OP,139.7,10095.1,0,3099.47,0,9,3,264,3,0,Nuwara Eliya Main Warehouse
2023-09-22,BOP,315.7,25251.6,0,2024.16,1,9,4,265,3,0,Nuwara Eliya Main Warehouse
2023-09-22,BOPF,295.6,21444.6,0,1757.16,1,9,4,265,3,0,Nuwara Eliya Main Warehouse
2023-09-22,DUST,263.7,18292.9,0,1679.91,1,9,4,265,3,0,Nuwara Eliya Main Warehouse
2023-09-22,FNGS,201.7,13525.5,0,1536.84,1,9,4,265,3,0,Nuwara Eliya Main Warehouse
2023-09-22,OP,115.9,10122.4,0,3049.64,1,9,4,265,3,0,Nuwara Eliya Main Warehouse
2023-09-23,BOP,248.7,25310.2,0,2031.9,0,9,5,266,3,1,Nuwara Eliya Main Warehouse
2023-09-23,BOPF,234.3,21437.9,0,1858.99,0,9,5,266,3,1,Nuwara Eliya Main Warehouse
2023-09-23,DUST,187.5,18322.6,0,1568.11,0,9,5,266,3,1,Nuwara Eliya Main Warehouse
2023-09-23,FNGS,133.1,13530.5,0,1506.87,0,9,5,266,3,1,Nuwara Eliya Main Warehouse
2023-09-23,OP,92.4,10141.0,0,2952.72,0,9,5,266,3,1,Nuwara Eliya Main Warehouse
2023-09-24,BOP,239.8,25311.1,0,2054.2,0,9,6,267,3,1,Nuwara Eliya Main Warehouse
2023-09-24,BOPF,171.2,21455.9,0,1724.62,0,9,6,267,3,1,Nuwara Eliya Main Warehouse
2023-09-24,DUST,145.2,18356.9,0,1637.65,0,9,6,267,3,1,Nuwara Eliya Main Warehouse
2023-09-24,FNGS,100.1,13552.5,0,1471.35,0,9,6,267,3,1,Nuwara Eliya Main Warehouse
2023-09-24,OP,66.6,10148.2,0,3051.21,0,9,6,267,3,1,Nuwara Eliya Main Warehouse
2023-09-25,BOP,376.8,25260.4,0,2090.85,1,9,0,268,3,0,Nuwara Eliya Main Warehouse
2023-09-25,BOPF,304.2,21452.9,0,1722.67,1,9,0,268,3,0,Nuwara Eliya Main Warehouse
2023-09-25,DUST,249.4,18370.8,0,1573.15,1,9,0,268,3,0,Nuwara Eliya Main Warehouse
2023-09-25,FNGS,205.8,13554.4,0,1483.54,1,9,0,268,3,0,Nuwara Eliya Main Warehouse
2023-09-25,OP,127.4,10148.0,0,2909.33,1,9,0,268,3,0,Nuwara Eliya Main Warehouse
2023-09-26,BOP,368.8,25209.7,0,2029.96,0,9,1,269,3,0,Nuwara Eliya Main Warehouse
2023-09-26,BOPF,343.1,21528.8,0,1743.89,0,9,1,269,3,0,Nuwara Eliya Main Warehouse
2023-09-26,DUST,279.2,18381.8,0,1647.78,0,9,1,269,3,0,Nuwara Eliya Main Warehouse
2023-09-26,FNGS,201.9,13574.5,0,1514.38,0,9,1,269,3,0,Nuwara Eliya Main Warehouse
2023-09-26,OP,129.0,10160.6,0,3051.75,0,9,1,269,3,0,Nuwara Eliya Main Warehouse
2023-09-27,BOP,383.6,25211.7,0,1973.12,1,9,2,270,3,0,Nuwara Eliya Main Warehouse
2023-09-27,BOPF,342.8,21486.4,0,1790.42,1,9,2,270,3,0,Nuwara Eliya Main Warehouse
2023-09-27,DUST,284.9,18425.2,0,1570.82,1,9,2,270,3,0,Nuwara Eliya Main Warehouse
2023-09-27,FNGS,193.1,13605.8,0,1510.63,1,9,2,270,3,0,Nuwara Eliya Main Warehouse
2023-09-27,OP,127.9,10170.8,0,3151.7,1,9,2,270,3,0,Nuwara Eliya Main Warehouse
2023-09-28,BOP,392.2,25177.9,0,2032.98,0,9,3,271,3,0,Nuwara Eliya Main Warehouse
2023-09-28,BOPF,302.1,21507.5,0,1665.25,0,9,3,271,3,0,Nuwara Eliya Main Warehouse
2023-09-28,DUST,257.5,18477.2,0,1622.82,0,9,3,271,3,0,Nuwara Eliya Main Warehouse
2023-09-28,FNGS,192.6,13637.3,0,1553.29,0,9,3,271,3,0,Nuwara Eliya Main Warehouse
2023-09-28,OP,135.6,10171.9,0,3073.85,0,9,3,271,3,0,Nuwara Eliya Main Warehouse
2023-09-29,BOP,347.1,25129.1,0,2011.32,1,9,4,272,3,0,Nuwara Eliya Main Warehouse
2023-09-29,BOPF,276.2,21531.3,0,1643.06,1,9,4,272,3,0,Nuwara Eliya Main Warehouse
2023-09-29,DUST,213.5,18527.5,0,1592.75,1,9,4,272,3,0,Nuwara Eliya Main Warehouse
2023-09-29,FNGS,176.7,13647.5,0,1490.89,1,9,4,272,3,0,Nuwara Eliya Main Warehouse
2023-09-29,OP,112.6,10168.8,0,3105.47,1,9,4,272,3,0,Nuwara Eliya Main Warehouse
2023-09-30,BOP,249.7,25167.2,0,2013.66,0,9,5,273,3,1,Nuwara Eliya Main Warehouse
2023-09-30,BOPF,212.3,21554.9,0,1710.17,0,9,5,273,3,1,Nuwara Eliya Main Warehouse
2023-09-30,DUST,214.3,18523.2,0,1681.44,0,9,5,273,3,1,Nuwara Eliya Main Warehouse
2023-09-30,FNGS,145.8,13675.7,0,1462.1,0,9,5,273,3,1,Nuwara Eliya Main Warehouse
2023-09-30,OP,82.1,10169.8,0,2973.39,0,9,5,273,3,1,Nuwara Eliya Main Warehouse
2023-10-01,BOP,187.4,25173.4,0,1995.52,0,10,6,274,4,1,Nuwara Eliya Main Warehouse
2023-10-01,BOPF,199.5,21545.4,0,1659.41,0,10,6,274,4,1,Nuwara Eliya Main Warehouse
2023-10-01,DUST,149.6,18548.6,0,1663.71,0,10,6,274,4,1,Nuwara Eliya Main Warehouse
2023-10-01,FNGS,82.7,13676.2,0,1610.92,0,10,6,274,4,1,Nuwara Eliya Main Warehouse
2023-10-01,OP,51.9,10174.0,0,3045.76,0,10,6,274,4,1,Nuwara Eliya Main Warehouse
2023-10-02,BOP,372.4,25160.7,0,1935.21,1,10,0,275,4,0,Nuwara Eliya Main Warehouse
2023-10-02,BOPF,321.0,21544.0,0,1718.29,1,10,0,275,4,0,Nuwara Eliya Main Warehouse
2023-10-02,DUST,260.8,18531.4,0,1677.89,1,10,0,275,4,0,Nuwara Eliya Main Warehouse
2023-10-02,FNGS,193.0,13715.9,0,1510.11,1,10,0,275,4,0,Nuwara Eliya Main Warehouse
2023-10-02,OP,119.3,10176.5,0,3064.22,1,10,0,275,4,0,Nuwara Eliya Main Warehouse
2023-10-03,BOP,381.8,25240.9,0,1928.9,0,10,1,276,4,0,Nuwara Eliya Main Warehouse
2023-10-03,BOPF,302.5,21600.7,0,1763.48,0,10,1,276,4,0,Nuwara Eliya Main Warehouse
2023-10-03,DUST,295.3,18551.6,0,1659.05,0,10,1,276,4,0,Nuwara Eliya Main Warehouse
2023-10-03,FNGS,207.7,13704.7,0,1537.93,0,10,1,276,4,0,Nuwara Eliya Main Warehouse
2023-10-03,OP,125.0,10170.9,0,2980.14,0,10,1,276,4,0,Nuwara Eliya Main Warehouse
2023-10-04,BOP,384.3,25201.1,0,1980.71,1,10,2,277,4,0,Nuwara Eliya Main Warehouse
2023-10-04,BOPF,316.8,21577.9,0,1695.88,1,10,2,277,4,0,Nuwara Eliya Main Warehouse
2023-10-04,DUST,271.7,18530.4,0,1599.19,1,10,2,277,4,0,Nuwara Eliya Main Warehouse
2023-10-04,FNGS,198.7,13697.1,0,1524.91,1,10,2,277,4,0,Nuwara Eliya Main Warehouse
2023-10-04,OP,117.5,10189.1,0,3063.41,1,10,2,277,4,0,Nuwara Eliya Main Warehouse
2023-10-05,BOP,372.1,25287.5,0,1994.49,0,10,3,278,4,0,Nuwara Eliya Main Warehouse
2023-10-05,BOPF,307.9,21633.6,0,1669.95,0,10,3,278,4,0,Nuwara Eliya Main Warehouse
2023-10-05,DUST,283.3,18527.2,0,1688.02,0,10,3,278,4,0,Nuwara Eliya Main Warehouse
2023-10-05,FNGS,206.4,13670.6,0,1510.93,0,10,3,278,4,0,Nuwara Eliya Main Warehouse
2023-10-05,OP,120.5,10196.6,0,3044.38,0,10,3,278,4,0,Nuwara Eliya Main Warehouse
2023-10-06,BOP,344.2,25279.1,0,1948.66,1,10,4,279,4,0,Nuwara Eliya Main Warehouse
2023-10-06,BOPF,260.8,21653.1,0,1742.78,1,10,4,279,4,0,Nuwara Eliya Main Warehouse
2023-10-06,DUST,254.9,18584.0,0,1753.64,1,10,4,279,4,0,Nuwara Eliya Main Warehouse
2023-10-06,FNGS,170.9,13699.3,0,1493.63,1,10,4,279,4,0,Nuwara Eliya Main Warehouse
2023-10-06,OP,103.3,10183.9,0,3064.76,1,10,4,279,4,0,Nuwara Eliya Main Warehouse
2023-10-07,BOP,233.0,25327.0,0,2010.0,0,10,5,280,4,1,Nuwara Eliya Main Warehouse
2023-10-07,BOPF,208.0,21685.4,0,1781.45,0,10,5,280,4,1,Nuwara Eliya Main Warehouse
2023-10-07,DUST,157.9,18569.5,0,1683.39,0,10,5,280,4,1,Nuwara Eliya Main Warehouse
2023-10-07,FNGS,123.9,13701.4,0,1385.54,0,10,5,280,4,1,Nuwara Eliya Main Warehouse
2023-10-07,OP,76.2,10183.7,0,2920.07,0,10,5,280,4,1,Nuwara Eliya Main Warehouse
2023-10-08,BOP,219.9,25347.0,0,2102.12,0,10,6,281,4,1,Nuwara Eliya Main Warehouse
2023-10-08,BOPF,162.2,21707.3,0,1657.27,0,10,6,281,4,1,Nuwara Eliya Main Warehouse
2023-10-08,DUST,146.1,18584.5,0,1644.67,0,10,6,281,4,1,Nuwara Eliya Main Warehouse
2023-10-08,FNGS,104.6,13695.3,0,1458.75,0,10,6,281,4,1,Nuwara Eliya Main Warehouse
2023-10-08,OP,57.8,10195.5,0,3113.99,0,10,6,281,4,1,Nuwara Eliya Main Warehouse
2023-10-09,BOP,357.7,25411.7,0,1889.96,1,10,0,282,4,0,Nuwara Eliya Main Warehouse
2023-10-09,BOPF,300.3,21687.2,0,1779.63,1,10,0,282,4,0,Nuwara Eliya Main Warehouse
2023-10-09,DUST,283.6,18609.3,0,1598.19,1,10,0,282,4,0,Nuwara Eliya Main Warehouse
2023-10-09,FNGS,188.6,13684.5,0,1517.33,1,10,0,282,4,0,Nuwara Eliya Main Warehouse
2023-10-09,OP,109.3,10212.1,0,3044.86,1,10,0,282,4,0,Nuwara Eliya Main Warehouse
2023-10-10,BOP,409.1,25511.3,0,2019.22,0,10,1,283,4,0,Nuwara Eliya Main Warehouse
2023-10-10,BOPF,312.8,21711.5,0,1779.61,0,10,1,283,4,0,Nuwara Eliya Main Warehouse
2023-10-10,DUST,255.7,18583.3,0,1622.48,0,10,1,283,4,0,Nuwara Eliya Main Warehouse
2023-10-10,FNGS,191.6,13724.8,0,1389.41,0,10,1,283,4,0,Nuwara Eliya Main Warehouse
2023-10-10,OP,118.6,10209.7,0,2997.29,0,10,1,283,4,0,Nuwara Eliya Main Warehouse
2023-10-11,BOP,348.9,25499.2,0,1983.38,1,10,2,284,4,0,Nuwara Eliya Main Warehouse
2023-10-11,BOPF,338.1,21778.1,0,1786.37,1,10,2,284,4,0,Nuwara Eliya Main Warehouse
2023-10-11,DUST,250.5,18578.4,0,1685.89,1,10,2,284,4,0,Nuwara Eliya Main Warehouse
2023-10-11,FNGS,197.1,13761.0,0,1506.72,1,10,2,284,4,0,Nuwara Eliya Main Warehouse
2023-10-11,OP,118.9,10236.5,0,2999.52,1,10,2,284,4,0,Nuwara Eliya Main Warehouse
2023-10-12,BOP,388.5,25590.3,0,2012.19,0,10,3,285,4,0,Nuwara Eliya Main Warehouse
2023-10-12,BOPF,301.1,21785.0,0,1799.34,0,10,3,285,4,0,Nuwara Eliya Main Warehouse
2023-10-12,DUST,247.5,18597.0,0,1714.83,0,10,3,285,4,0,Nuwara Eliya Main Warehouse
2023-10-12,FNGS,180.2,13773.9,0,1531.58,0,10,3,285,4,0,Nuwara Eliya Main Warehouse
2023-10-12,OP,123.9,10221.7,0,3004.36,0,10,3,285,4,0,Nuwara Eliya Main Warehouse
2023-10-13,BOP,323.1,25592.2,0,1963.41,1,10,4,286,4,0,Nuwara Eliya Main Warehouse
2023-10-13,BOPF,276.6,21850.4,0,1847.26,1,10,4,286,4,0,Nuwara Eliya Main Warehouse
2023-10-13,DUST,245.0,18578.6,0,1677.18,1,10,4,286,4,0,Nuwara Eliya Main Warehouse
2023-10-13,FNGS,160.3,13789.4,0,1538.91,1,10,4,286,4,0,Nuwara Eliya Main Warehouse
2023-10-13,OP,103.3,10245.9,0,2938.19,1,10,4,286,4,0,Nuwara Eliya Main Warehouse
2023-10-14,BOP,226.2,25593.1,0,1979.34,0,10,5,287,4,1,Nuwara Eliya Main Warehouse
2023-10-14,BOPF,204.2,21856.7,0,1723.05,0,10,5,287,4,1,Nuwara Eliya Main Warehouse
2023-10-14,DUST,175.7,18608.5,0,1702.35,0,10,5,287,4,1,Nuwara Eliya Main Warehouse
2023-10-14,FNGS,115.5,13793.9,0,1529.14,0,10,5,287,4,1,Nuwara Eliya Main Warehouse
2023-10-14,OP,66.1,10242.5,0,3107.92,0,10,5,287,4,1,Nuwara Eliya Main Warehouse
2023-10-15,BOP,180.9,25590.6,0,1994.77,0,10,6,288,4,1,Nuwara Eliya Main Warehouse
2023-10-15,BOPF,154.1,21842.4,0,1745.8,0,10,6,288,4,1,Nuwara Eliya Main Warehouse
2023-10-15,DUST,107.2,18634.1,0,1698.18,0,10,6,288,4,1,Nuwara Eliya Main Warehouse
2023-10-15,FNGS,108.3,13794.7,0,1544.37,0,10,6,288,4,1,Nuwara Eliya Main Warehouse
2023-10-15,OP,55.2,10234.4,0,3089.14,0,10,6,288,4,1,Nuwara Eliya Main Warehouse
2023-10-16,BOP,343.5,25613.5,0,1970.98,1,10,0,289,4,0,Nuwara Eliya Main Warehouse
2023-10-16,BOPF,303.4,21844.2,0,1720.36,1,10,0,289,4,0,Nuwara Eliya Main Warehouse
2023-10-16,DUST,259.4,18617.5,0,1688.94,1,10,0,289,4,0,Nuwara Eliya Main Warehouse
2023-10-16,FNGS,148.3,13826.7,0,1571.66,1,10,0,289,4,0,Nuwara Eliya Main Warehouse
2023-10-16,OP,124.0,10237.3,0,3094.99,1,10,0,289,4,0,Nuwara Eliya Main Warehouse
2023-10-17,BOP,373.3,25580.5,0,1903.46,0,10,1,290,4,0,Nuwara Eliya Main Warehouse
2023-10-17,BOPF,316.7,21917.2,0,1740.81,0,10,1,290,4,0,Nuwara Eliya Main Warehouse
2023-10-17,DUST,262.4,18597.7,0,1634.88,0,10,1,290,4,0,Nuwara Eliya Main Warehouse
2023-10-17,FNGS,195.9,13807.2,0,1550.36,0,10,1,290,4,0,Nuwara Eliya Main Warehouse
2023-10-17,OP,123.8,10236.5,0,3135.75,0,10,1,290,4,0,Nuwara Eliya Main Warehouse
2023-10-18,BOP,368.3,25606.8,0,1975.01,1,10,2,291,4,0,Nuwara Eliya Main Warehouse
2023-10-18,BOPF,310.8,21910.4,0,1815.33,1,10,2,291,4,0,Nuwara Eliya Main Warehouse
2023-10-18,DUST,259.1,18606.0,0,1673.7,1,10,2,291,4,0,Nuwara Eliya Main Warehouse
2023-10-18,FNGS,187.9,13810.5,0,1512.69,1,10,2,291,4,0,Nuwara Eliya Main Warehouse
2023-10-18,OP,118.3,10244.3,0,3024.79,1,10,2,291,4,0,Nuwara Eliya Main Warehouse
2023-10-19,BOP,340.4,25629.5,0,1909.51,0,10,3,292,4,0,Nuwara Eliya Main Warehouse
2023-10-19,BOPF,289.0,21967.4,0,1675.58,0,10,3,292,4,0,Nuwara Eliya Main Warehouse
2023-10-19,DUST,243.4,18642.3,0,1626.28,0,10,3,292,4,0,Nuwara Eliya Main Warehouse
2023-10-19,FNGS,165.3,13808.4,0,1498.87,0,10,3,292,4,0,Nuwara Eliya Main Warehouse
2023-10-19,OP,116.7,10264.0,0,2869.97,0,10,3,292,4,0,Nuwara Eliya Main Warehouse
2023-10-20,BOP,315.4,25678.4,0,2024.51,1,10,4,293,4,0,Nuwara Eliya Main Warehouse
2023-10-20,BOPF,268.8,22021.8,0,1699.22,1,10,4,293,4,0,Nuwara Eliya Main Warehouse
2023-10-20,DUST,233.6,18633.6,0,1666.65,1,10,4,293,4,0,Nuwara Eliya Main Warehouse
2023-10-20,FNGS,166.6,13816.6,0,1509.44,1,10,4,293,4,0,Nuwara Eliya Main Warehouse
2023-10-20,OP,108.2,10284.2,0,3062.08,1,10,4,293,4,0,Nuwara Eliya Main Warehouse
2023-10-21,BOP,276.6,25729.1,0,1884.86,0,10,5,294,4,1,Nuwara Eliya Main Warehouse
2023-10-21,BOPF,214.6,22019.7,0,1808.12,0,10,5,294,4,1,Nuwara Eliya Main Warehouse
2023-10-21,DUST,183.4,18607.5,0,1681.34,0,10,5,294,4,1,Nuwara Eliya Main Warehouse
2023-10-21,FNGS,123.0,13820.7,0,1493.16,0,10,5,294,4,1,Nuwara Eliya Main Warehouse
2023-10-21,OP,75.2,10285.0,0,3059.16,0,10,5,294,4,1,Nuwara Eliya Main Warehouse
2023-10-22,BOP,220.3,25734.9,0,2045.62,0,10,6,295,4,1,Nuwara Eliya Main Warehouse
2023-10-22,BOPF,156.5,22001.4,0,1790.88,0,10,6,295,4,1,Nuwara Eliya Main Warehouse
2023-10-22,DUST,122.6,18615.7,0,1744.13,0,10,6,295,4,1,Nuwara Eliya Main Warehouse
2023-10-22,FNGS,96.8,13826.3,0,1551.77,0,10,6,295,4,1,Nuwara Eliya Main Warehouse
2023-10-22,OP,53.1,10286.2,0,3140.19,0,10,6,295,4,1,Nuwara Eliya Main Warehouse
2023-10-23,BOP,355.2,25724.5,0,2012.51,1,10,0,296,4,0,Nuwara Eliya Main Warehouse
2023-10-23,BOPF,301.9,22043.6,0,1723.78,1,10,0,296,4,0,Nuwara Eliya Main Warehouse
2023-10-23,DUST,227.3,18668.5,0,1605.28,1,10,0,296,4,0,Nuwara Eliya Main Warehouse
2023-10-23,FNGS,151.5,13812.0,0,1528.96,1,10,0,296,4,0,Nuwara Eliya Main Warehouse
2023-10-23,OP,116.4,10275.6,0,3100.77,1,10,0,296,4,0,Nuwara Eliya Main Warehouse
2023-10-24,BOP,363.3,25707.7,0,2012.85,0,10,1,297,4,0,Nuwara Eliya Main Warehouse
2023-10-24,BOPF,315.7,22035.6,0,1783.07,0,10,1,297,4,0,Nuwara Eliya Main Warehouse
2023-10-24,DUST,258.9,18670.2,0,1688.68,0,10,1,297,4,0,Nuwara Eliya Main Warehouse
2023-10-24,FNGS,203.6,13823.3,0,1489.03,0,10,1,297,4,0,Nuwara Eliya Main Warehouse
2023-10-24,OP,106.6,10261.6,0,3021.33,0,10,1,297,4,0,Nuwara Eliya Main Warehouse
2023-10-25,BOP,358.2,25681.9,0,1868.82,1,10,2,298,4,0,Nuwara Eliya Main Warehouse
2023-10-25,BOPF,314.1,22086.8,0,1758.25,1,10,2,298,4,0,Nuwara Eliya Main Warehouse
2023-10-25,DUST,269.1,18675.1,0,1735.28,1,10,2,298,4,0,Nuwara Eliya Main Warehouse
2023-10-25,FNGS,177.0,13813.9,0,1560.75,1,10,2,298,4,0,Nuwara Eliya Main Warehouse
2023-10-25,OP,100.9,10272.4,0,2998.16,1,10,2,298,4,0,Nuwara Eliya Main Warehouse
2023-10-26,BOP,361.1,25636.1,0,1970.83,0,10,3,299,4,0,Nuwara Eliya Main Warehouse
2023-10-26,BOPF,310.6,22095.3,0,1814.69,0,10,3,299,4,0,Nuwara Eliya Main Warehouse
2023-10-26,DUST,247.1,18733.8,0,1701.81,0,10,3,299,4,0,Nuwara Eliya Main Warehouse
2023-10-26,FNGS,188.6,13799.5,0,1492.98,0,10,3,299,4,0,Nuwara Eliya Main Warehouse
2023-10-26,OP,110.2,10258.7,0,3094.79,0,10,3,299,4,0,Nuwara Eliya Main Warehouse
2023-10-27,BOP,294.3,25632.2,0,2053.23,1,10,4,300,4,0,Nuwara Eliya Main Warehouse
2023-10-27,BOPF,267.3,22107.0,0,1745.52,1,10,4,300,4,0,Nuwara Eliya Main Warehouse
2023-10-27,DUST,205.1,18760.0,0,1705.36,1,10,4,300,4,0,Nuwara Eliya Main Warehouse
2023-10-27,FNGS,169.2,13778.5,0,1465.62,1,10,4,300,4,0,Nuwara Eliya Main Warehouse
2023-10-27,OP,96.2,10272.5,0,2787.68,1,10,4,300,4,0,Nuwara Eliya Main Warehouse
2023-10-28,BOP,228.8,25622.6,0,1960.56,0,10,5,301,4,1,Nuwara Eliya Main Warehouse
2023-10-28,BOPF,184.8,22136.8,0,1791.86,0,10,5,301,4,1,Nuwara Eliya Main Warehouse
2023-10-28,DUST,177.5,18784.4,0,1694.07,0,10,5,301,4,1,Nuwara Eliya Main Warehouse
2023-10-28,FNGS,106.5,13795.0,0,1505.0,0,10,5,301,4,1,Nuwara Eliya Main Warehouse
2023-10-28,OP,61.6,10276.5,0,3031.17,0,10,5,301,4,1,Nuwara Eliya Main Warehouse
2023-10-29,BOP,153.7,25659.0,0,1929.64,0,10,6,302,4,1,Nuwara Eliya Main Warehouse
2023-10-29,BOPF,137.6,22137.2,0,1870.54,0,10,6,302,4,1,Nuwara Eliya Main Warehouse
2023-10-29,DUST,150.8,18795.8,0,1727.23,0,10,6,302,4,1,Nuwara Eliya Main Warehouse
2023-10-29,FNGS,96.0,13797.1,0,1470.94,0,10,6,302,4,1,Nuwara Eliya Main Warehouse
2023-10-29,OP,53.4,10272.8,0,3090.54,0,10,6,302,4,1,Nuwara Eliya Main Warehouse
2023-10-30,BOP,353.3,25684.8,0,1954.28,1,10,0,303,4,0,Nuwara Eliya Main Warehouse
2023-10-30,BOPF,315.1,22145.8,0,1771.32,1,10,0,303,4,0,Nuwara Eliya Main Warehouse
2023-10-30,DUST,250.6,18855.9,0,1616.4,1,10,0,303,4,0,Nuwara Eliya Main Warehouse
2023-10-30,FNGS,174.7,13814.6,0,1544.97,1,10,0,303,4,0,Nuwara Eliya Main Warehouse
2023-10-30,OP,93.9,10278.9,0,3001.14,1,10,0,303,4,0,Nuwara Eliya Main Warehouse
2023-10-31,BOP,374.0,25680.7,0,1985.96,0,10,1,304,4,0,Nuwara Eliya Main Warehouse
2023-10-31,BOPF,324.9,22146.0,0,1744.77,0,10,1,304,4,0,Nuwara Eliya Main Warehouse
2023-10-31,DUST,239.2,18885.9,0,1602.64,0,10,1,304,4,0,Nuwara Eliya Main Warehouse
2023-10-31,FNGS,165.4,13838.0,0,1470.25,0,10,1,304,4,0,Nuwara Eliya Main Warehouse
2023-10-31,OP,109.4,10270.5,0,2979.41,0,10,1,304,4,0,Nuwara Eliya Main Warehouse
2023-11-01,BOP,362.0,25710.4,0,1942.63,1,11,2,305,4,0,Nuwara Eliya Main Warehouse
2023-11-01,BOPF,331.3,22145.0,0,1777.6,1,11,2,305,4,0,Nuwara Eliya Main Warehouse
2023-11-01,DUST,264.9,18941.0,0,1666.9,1,11,2,305,4,0,Nuwara Eliya Main Warehouse
2023-11-01,FNGS,205.8,13863.0,0,1501.01,1,11,2,305,4,0,Nuwara Eliya Main Warehouse
2023-11-01,OP,113.4,10273.4,0,3036.48,1,11,2,305,4,0,Nuwara Eliya Main Warehouse
2023-11-02,BOP,395.1,25673.2,0,2058.5,0,11,3,306,4,0,Nuwara Eliya Main Warehouse
2023-11-02,BOPF,328.5,22164.8,0,1724.86,0,11,3,306,4,0,Nuwara Eliya Main Warehouse
2023-11-02,DUST,266.9,18975.6,0,1566.82,0,11,3,306,4,0,Nuwara Eliya Main Warehouse
2023-11-02,FNGS,181.3,13869.9,0,1545.43,0,11,3,306,4,0,Nuwara Eliya Main Warehouse
2023-11-02,OP,102.7,10290.9,0,3125.27,0,11,3,306,4,0,Nuwara Eliya Main Warehouse
2023-11-03,BOP,306.3,25681.6,0,1986.56,1,11,4,307,4,0,Nuwara Eliya Main Warehouse
2023-11-03,BOPF,281.4,22213.6,0,1858.78,1,11,4,307,4,0,Nuwara Eliya Main Warehouse
2023-11-03,DUST,226.8,19008.3,0,1724.65,1,11,4,307,4,0,Nuwara Eliya Main Warehouse
2023-11-03,FNGS,160.7,13870.8,0,1476.15,1,11,4,307,4,0,Nuwara Eliya Main Warehouse
2023-11-03,OP,112.2,10294.8,0,3050.01,1,11,4,307,4,0,Nuwara Eliya Main Warehouse
2023-11-04,BOP,221.8,25703.9,0,1959.45,0,11,5,308,4,1,Nuwara Eliya Main Warehouse
2023-11-04,BOPF,203.8,22212.5,0,1751.6,0,11,5,308,4,1,Nuwara Eliya Main Warehouse
2023-11-04,DUST,187.0,19002.0,0,1724.3,0,11,5,308,4,1,Nuwara Eliya Main Warehouse
2023-11-04,FNGS,120.7,13870.8,0,1523.43,0,11,5,308,4,1,Nuwara Eliya Main Warehouse
2023-11-04,OP,61.7,10289.2,0,2955.46,0,11,5,308,4,1,Nuwara Eliya Main Warehouse
2023-11-05,BOP,206.4,25713.3,0,1918.2,0,11,6,309,4,1,Nuwara Eliya Main Warehouse
2023-11-05,BOPF,156.0,22221.9,0,1729.7,0,11,6,309,4,1,Nuwara Eliya Main Warehouse
2023-11-05,DUST,129.7,18998.3,0,1647.5,0,11,6,309,4,1,Nuwara Eliya Main Warehouse
2023-11-05,FNGS,101.1,13881.5,0,1465.38,0,11,6,309,4,1,Nuwara Eliya Main Warehouse
2023-11-05,OP,49.4,10296.1,0,3114.76,0,11,6,309,4,1,Nuwara Eliya Main Warehouse
2023-11-06,BOP,382.4,25717.4,0,2017.45,1,11,0,310,4,0,Nuwara Eliya Main Warehouse
2023-11-06,BOPF,294.3,22256.7,0,1702.47,1,11,0,310,4,0,Nuwara Eliya Main Warehouse
2023-11-06,DUST,263.3,19041.2,0,1650.53,1,11,0,310,4,0,Nuwara Eliya Main Warehouse
2023-11-06,FNGS,187.8,13890.5,0,1516.63,1,11,0,310,4,0,Nuwara Eliya Main Warehouse
2023-11-06,OP,120.4,10287.0,0,3131.32,1,11,0,310,4,0,Nuwara Eliya Main Warehouse
2023-11-07,BOP,410.9,25819.1,0,2016.32,0,11,1,311,4,0,Nuwara Eliya Main Warehouse
2023-11-07,BOPF,347.3,22242.0,0,1796.53,0,11,1,311,4,0,Nuwara Eliya Main Warehouse
2023-11-07,DUST,271.9,19032.7,0,1664.52,0,11,1,311,4,0,Nuwara Eliya Main Warehouse
2023-11-07,FNGS,203.5,13929.1,0,1530.3,0,11,1,311,4,0,Nuwara Eliya Main Warehouse
2023-11-07,OP,124.7,10305.2,0,2945.13,0,11,1,311,4,0,Nuwara Eliya Main Warehouse
2023-11-08,BOP,363.7,25892.6,0,1946.86,1,11,2,312,4,0,Nuwara Eliya Main Warehouse
2023-11-08,BOPF,313.3,22229.8,0,1785.47,1,11,2,312,4,0,Nuwara Eliya Main Warehouse
2023-11-08,DUST,279.5,19053.7,0,1670.41,1,11,2,312,4,0,Nuwara Eliya Main Warehouse
2023-11-08,FNGS,179.8,13965.1,0,1504.8,1,11,2,312,4,0,Nuwara Eliya Main Warehouse
2023-11-08,OP,110.0,10309.7,0,3248.23,1,11,2,312,4,0,Nuwara Eliya Main Warehouse
2023-11-09,BOP,387.1,25931.1,0,1866.85,0,11,3,313,4,0,Nuwara Eliya Main Warehouse
2023-11-09,BOPF,334.0,22304.4,0,1719.27,0,11,3,313,4,0,Nuwara Eliya Main Warehouse
2023-11-09,DUST,266.0,19040.3,0,1674.02,0,11,3,313,4,0,Nuwara Eliya Main Warehouse
2023-11-09,FNGS,183.0,13950.1,0,1508.08,0,11,3,313,4,0,Nuwara Eliya Main Warehouse
2023-11-09,OP,120.8,10313.6,0,3013.3,0,11,3,313,4,0,Nuwara Eliya Main Warehouse
2023-11-10,BOP,330.8,25956.8,0,2013.9,1,11,4,314,4,0,Nuwara Eliya Main Warehouse
2023-11-10,BOPF,282.7,22343.8,0,1771.57,1,11,4,314,4,0,Nuwara Eliya Main Warehouse
2023-11-10,DUST,237.3,19082.3,0,1694.18,1,11,4,314,4,0,Nuwara Eliya Main Warehouse
2023-11-10,FNGS,170.3,13933.8,0,1525.43,1,11,4,314,4,0,Nuwara Eliya Main Warehouse
2023-11-10,OP,105.1,10333.6,0,3093.23,1,11,4,314,4,0,Nuwara Eliya Main Warehouse
2023-11-11,BOP,248.7,25981.3,0,1980.87,0,11,5,315,4,1,Nuwara Eliya Main Warehouse
2023-11-11,BOPF,204.9,22360.4,0,1670.36,0,11,5,315,4,1,Nuwara Eliya Main Warehouse
2023-11-11,DUST,169.0,19064.4,0,1660.31,0,11,5,315,4,1,Nuwara Eliya Main Warehouse
2023-11-11,FNGS,147.5,13948.9,0,1495.1,0,11,5,315,4,1,Nuwara Eliya Main Warehouse
2023-11-11,OP,90.2,10345.6,0,3074.87,0,11,5,315,4,1,Nuwara Eliya Main Warehouse
2023-11-12,BOP,221.4,25965.9,0,2010.02,0,11,6,316,4,1,Nuwara Eliya Main Warehouse
2023-11-12,BOPF,156.3,22377.4,0,1752.78,0,11,6,316,4,1,Nuwara Eliya Main Warehouse
2023-11-12,DUST,145.5,19090.9,0,1712.3,0,11,6,316,4,1,Nuwara Eliya Main Warehouse
2023-11-12,FNGS,99.2,13946.0,0,1544.34,0,11,6,316,4,1,Nuwara Eliya Main Warehouse
2023-11-12,OP,58.7,10337.6,0,2955.33,0,11,6,316,4,1,Nuwara Eliya Main Warehouse
2023-11-13,BOP,377.4,25968.9,0,2100.13,1,11,0,317,4,0,Nuwara Eliya Main Warehouse
2023-11-13,BOPF,305.3,22335.2,0,1765.92,1,11,0,317,4,0,Nuwara Eliya Main Warehouse
2023-11-13,DUST,261.7,19114.7,0,1689.3,1,11,0,317,4,0,Nuwara Eliya Main Warehouse
2023-11-13,FNGS,202.6,13917.1,0,1564.67,1,11,0,317,4,0,Nuwara Eliya Main Warehouse
2023-11-13,OP,115.2,10334.0,0,2976.24,1,11,0,317,4,0,Nuwara Eliya Main Warehouse
2023-11-14,BOP,351.2,25921.8,0,1990.15,0,11,1,318,4,0,Nuwara Eliya Main Warehouse
2023-11-14,BOPF,353.5,22369.6,0,1827.01,0,11,1,318,4,0,Nuwara Eliya Main Warehouse
2023-11-14,DUST,265.4,19094.7,0,1640.45,0,11,1,318,4,0,Nuwara Eliya Main Warehouse
2023-11-14,FNGS,200.8,13958.3,0,1468.31,0,11,1,318,4,0,Nuwara Eliya Main Warehouse
2023-11-14,OP,116.6,10357.1,0,3020.06,0,11,1,318,4,0,Nuwara Eliya Main Warehouse
2023-11-15,BOP,403.9,25938.0,0,1963.26,1,11,2,319,4,0,Nuwara Eliya Main Warehouse
2023-11-15,BOPF,306.4,22386.1,0,1706.69,1,11,2,319,4,0,Nuwara Eliya Main Warehouse
2023-11-15,DUST,276.0,19113.2,0,1730.87,1,11,2,319,4,0,Nuwara Eliya Main Warehouse
2023-11-15,FNGS,192.0,13947.0,0,1581.51,1,11,2,319,4,0,Nuwara Eliya Main Warehouse
2023-11-15,OP,115.5,10340.6,0,2857.5,1,11,2,319,4,0,Nuwara Eliya Main Warehouse
2023-11-16,BOP,396.3,25964.7,0,1928.24,0,11,3,320,4,0,Nuwara Eliya Main Warehouse
2023-11-16,BOPF,355.2,22410.3,0,1682.14,0,11,3,320,4,0,Nuwara Eliya Main Warehouse
2023-11-16,DUST,274.7,19103.0,0,1605.74,0,11,3,320,4,0,Nuwara Eliya Main Warehouse
2023-11-16,FNGS,191.6,13989.5,0,1494.65,0,11,3,320,4,0,Nuwara Eliya Main Warehouse
2023-11-16,OP,113.1,10348.3,0,3083.75,0,11,3,320,4,0,Nuwara Eliya Main Warehouse
2023-11-17,BOP,323.2,25945.6,0,1974.71,1,11,4,321,4,0,Nuwara Eliya Main Warehouse
2023-11-17,BOPF,275.3,22408.6,0,1700.87,1,11,4,321,4,0,Nuwara Eliya Main Warehouse
2023-11-17,DUST,238.8,19098.1,0,1664.73,1,11,4,321,4,0,Nuwara Eliya Main Warehouse
2023-11-17,FNGS,173.2,14013.2,0,1591.26,1,11,4,321,4,0,Nuwara Eliya Main Warehouse
2023-11-17,OP,116.3,10364.7,0,2855.75,1,11,4,321,4,0,Nuwara Eliya Main Warehouse
2023-11-18,BOP,263.4,26007.7,0,2001.09,0,11,5,322,4,1,Nuwara Eliya Main Warehouse
2023-11-18,BOPF,232.7,22381.3,0,1679.55,0,11,5,322,4,1,Nuwara Eliya Main Warehouse
2023-11-18,DUST,197.7,19096.2,0,1714.09,0,11,5,322,4,1,Nuwara Eliya Main Warehouse
2023-11-18,FNGS,137.2,14034.5,0,1495.42,0,11,5,322,4,1,Nuwara Eliya Main Warehouse
2023-11-18,OP,77.1,10372.3,0,3016.43,0,11,5,322,4,1,Nuwara Eliya Main Warehouse
2023-11-19,BOP,218.0,26054.3,0,1995.28,0,11,6,323,4,1,Nuwara Eliya Main Warehouse
2023-11-19,BOPF,176.3,22368.5,0,1809.59,0,11,6,323,4,1,Nuwara Eliya Main Warehouse
2023-11-19,DUST,152.8,19077.2,0,1635.62,0,11,6,323,4,1,Nuwara Eliya Main Warehouse
2023-11-19,FNGS,119.2,14026.2,0,1537.41,0,11,6,323,4,1,Nuwara Eliya Main Warehouse
2023-11-19,OP,63.7,10382.2,0,2958.98,0,11,6,323,4,1,Nuwara Eliya Main Warehouse
2023-11-20,BOP,374.2,26106.2,0,2088.11,1,11,0,324,4,0,Nuwara Eliya Main Warehouse
2023-11-20,BOPF,314.1,22440.8,0,1820.01,1,11,0,324,4,0,Nuwara Eliya Main Warehouse
2023-11-20,DUST,251.2,19138.6,0,1683.75,1,11,0,324,4,0,Nuwara Eliya Main Warehouse
2023-11-20,FNGS,198.9,14015.0,0,1537.29,1,11,0,324,4,0,Nuwara Eliya Main Warehouse
2023-11-20,OP,131.2,10400.6,0,3064.23,1,11,0,324,4,0,Nuwara Eliya Main Warehouse
2023-11-21,BOP,375.4,26130.0,0,2020.29,0,11,1,325,4,0,Nuwara Eliya Main Warehouse
2023-11-21,BOPF,312.8,22445.0,0,1760.42,0,11,1,325,4,0,Nuwara Eliya Main Warehouse
2023-11-21,DUST,301.7,19097.1,0,1694.73,0,11,1,325,4,0,Nuwara Eliya Main Warehouse
2023-11-21,FNGS,217.5,14027.7,0,1491.64,0,11,1,325,4,0,Nuwara Eliya Main Warehouse
2023-11-21,OP,110.1,10414.5,0,2830.66,0,11,1,325,4,0,Nuwara Eliya Main Warehouse
2023-11-22,BOP,367.4,26202.8,0,1985.24,1,11,2,326,4,0,Nuwara Eliya Main Warehouse
2023-11-22,BOPF,327.7,22457.1,0,1804.33,1,11,2,326,4,0,Nuwara Eliya Main Warehouse
2023-11-22,DUST,289.4,19130.4,0,1629.57,1,11,2,326,4,0,Nuwara Eliya Main Warehouse
2023-11-22,FNGS,191.5,14012.2,0,1511.06,1,11,2,326,4,0,Nuwara Eliya Main Warehouse
2023-11-22,OP,134.6,10438.6,0,2876.39,1,11,2,326,4,0,Nuwara Eliya Main Warehouse
2023-11-23,BOP,374.2,26166.2,0,1953.65,0,11,3,327,4,0,Nuwara Eliya Main Warehouse
2023-11-23,BOPF,305.1,22417.7,0,1751.61,0,11,3,327,4,0,Nuwara Eliya Main Warehouse
2023-11-23,DUST,288.8,19130.0,0,1666.32,0,11,3,327,4,0,Nuwara Eliya Main Warehouse
2023-11-23,FNGS,194.6,14006.7,0,1568.59,0,11,3,327,4,0,Nuwara Eliya Main Warehouse
2023-11-23,OP,124.2,10452.0,0,2966.09,0,11,3,327,4,0,Nuwara Eliya Main Warehouse
2023-11-24,BOP,362.9,26226.5,0,2007.79,1,11,4,328,4,0,Nuwara Eliya Main Warehouse
2023-11-24,BOPF,266.3,22381.8,0,1740.59,1,11,4,328,4,0,Nuwara Eliya Main Warehouse
2023-11-24,DUST,254.5,19157.6,0,1662.53,1,11,4,328,4,0,Nuwara Eliya Main Warehouse
2023-11-24,FNGS,172.2,14003.1,0,1494.68,1,11,4,328,4,0,Nuwara Eliya Main Warehouse
2023-11-24,OP,114.5,10453.3,0,3060.01,1,11,4,328,4,0,Nuwara Eliya Main Warehouse
2023-11-25,BOP,271.6,26199.3,0,1942.79,0,11,5,329,4,1,Nuwara Eliya Main Warehouse
2023-11-25,BOPF,227.4,22412.9,0,1729.15,0,11,5,329,4,1,Nuwara Eliya Main Warehouse
2023-11-25,DUST,155.9,19156.4,0,1644.26,0,11,5,329,4,1,Nuwara Eliya Main Warehouse
2023-11-25,FNGS,139.3,13991.1,0,1490.78,0,11,5,329,4,1,Nuwara Eliya Main Warehouse
2023-11-25,OP,76.2,10456.2,0,3035.24,0,11,5,329,4,1,Nuwara Eliya Main Warehouse
2023-11-26,BOP,206.9,26234.0,0,2003.25,0,11,6,330,4,1,Nuwara Eliya Main Warehouse
2023-11-26,BOPF,173.6,22424.2,0,1730.37,0,11,6,330,4,1,Nuwara Eliya Main Warehouse
2023-11-26,DUST,170.2,19176.7,0,1777.06,0,11,6,330,4,1,Nuwara Eliya Main Warehouse
2023-11-26,FNGS,105.8,13983.9,0,1459.97,0,11,6,330,4,1,Nuwara Eliya Main Warehouse
2023-11-26,OP,59.6,10464.4,0,3105.06,0,11,6,330,4,1,Nuwara Eliya Main Warehouse
2023-11-27,BOP,389.8,26218.5,0,2020.45,1,11,0,331,4,0,Nuwara Eliya Main Warehouse
2023-11-27,BOPF,353.4,22443.1,0,1670.35,1,11,0,331,4,0,Nuwara Eliya Main Warehouse
2023-11-27,DUST,276.2,19215.9,0,1634.66,1,11,0,331,4,0,Nuwara Eliya Main Warehouse
2023-11-27,FNGS,208.5,14018.4,0,1574.36,1,11,0,331,4,0,Nuwara Eliya Main Warehouse
2023-11-27,OP,129.4,10490.3,0,3026.1,1,11,0,331,4,0,Nuwara Eliya Main Warehouse
2023-11-28,BOP,337.2,26286.3,0,1981.52,0,11,1,332,4,0,Nuwara Eliya Main Warehouse
2023-11-28,BOPF,356.8,22424.3,0,1758.53,0,11,1,332,4,0,Nuwara Eliya Main Warehouse
2023-11-28,DUST,293.3,19252.9,0,1716.99,0,11,1,332,4,0,Nuwara Eliya Main Warehouse
2023-11-28,FNGS,200.4,14001.7,0,1488.43,0,11,1,332,4,0,Nuwara Eliya Main Warehouse
2023-11-28,OP,149.9,10484.2,0,3015.75,0,11,1,332,4,0,Nuwara Eliya Main Warehouse
2023-11-29,BOP,408.4,26379.2,0,1958.69,1,11,2,333,4,0,Nuwara Eliya Main Warehouse
2023-11-29,BOPF,363.9,22478.1,0,1743.85,1,11,2,333,4,0,Nuwara Eliya Main Warehouse
2023-11-29,DUST,292.1,19222.4,0,1652.11,1,11,2,333,4,0,Nuwara Eliya Main Warehouse
2023-11-29,FNGS,208.2,13972.8,0,1559.12,1,11,2,333,4,0,Nuwara Eliya Main Warehouse
2023-11-29,OP,138.5,10482.3,0,2927.44,1,11,2,333,4,0,Nuwara Eliya Main Warehouse
2023-11-30,BOP,347.5,26347.8,0,1872.52,0,11,3,334,4,0,Nuwara Eliya Main Warehouse
2023-11-30,BOPF,319.2,22451.7,0,1782.15,0,11,3,334,4,0,Nuwara Eliya Main Warehouse
2023-11-30,DUST,308.3,19257.1,0,1619.96,0,11,3,334,4,0,Nuwara Eliya Main Warehouse
2023-11-30,FNGS,212.5,13994.5,0,1483.57,0,11,3,334,4,0,Nuwara Eliya Main Warehouse
2023-11-30,OP,138.9,10513.2,0,2998.89,0,11,3,334,4,0,Nuwara Eliya Main Warehouse
2023-12-01,BOP,339.7,26359.7,0,2057.42,1,12,4,335,4,0,Nuwara Eliya Main Warehouse
2023-12-01,BOPF,303.1,22429.3,0,1750.59,1,12,4,335,4,0,Nuwara Eliya Main Warehouse
2023-12-01,DUST,247.1,19247.8,0,1675.38,1,12,4,335,4,0,Nuwara Eliya Main Warehouse
2023-12-01,FNGS,163.9,14033.9,0,1558.01,1,12,4,335,4,0,Nuwara Eliya Main Warehouse
2023-12-01,OP,116.1,10522.7,0,3016.22,1,12,4,335,4,0,Nuwara Eliya Main Warehouse
2023-12-02,BOP,246.2,26419.4,0,2016.46,0,12,5,336,4,1,Nuwara Eliya Main Warehouse
2023-12-02,BOPF,187.8,22435.7,0,1738.26,0,12,5,336,4,1,Nuwara Eliya Main Warehouse
2023-12-02,DUST,188.5,19221.7,0,1700.9,0,12,5,336,4,1,Nuwara Eliya Main Warehouse
2023-12-02,FNGS,165.1,14031.0,0,1542.91,0,12,5,336,4,1,Nuwara Eliya Main Warehouse
2023-12-02,OP,84.1,10516.1,0,2845.46,0,12,5,336,4,1,Nuwara Eliya Main Warehouse
2023-12-03,BOP,195.8,26427.9,0,2017.94,0,12,6,337,4,1,Nuwara Eliya Main Warehouse
2023-12-03,BOPF,186.1,22429.1,0,1703.94,0,12,6,337,4,1,Nuwara Eliya Main Warehouse
2023-12-03,DUST,148.7,19224.0,0,1713.63,0,12,6,337,4,1,Nuwara Eliya Main Warehouse
2023-12-03,FNGS,113.1,14019.4,0,1499.54,0,12,6,337,4,1,Nuwara Eliya Main Warehouse
2023-12-03,OP,65.8,10523.7,0,2943.49,0,12,6,337,4,1,Nuwara Eliya Main Warehouse
2023-12-04,BOP,403.9,26506.8,0,1907.69,1,12,0,338,4,0,Nuwara Eliya Main Warehouse
2023-12-04,BOPF,333.4,22412.1,0,1749.91,1,12,0,338,4,0,Nuwara Eliya Main Warehouse
2023-12-04,DUST,266.5,19230.3,0,1743.58,1,12,0,338,4,0,Nuwara Eliya Main Warehouse
2023-12-04,FNGS,185.3,14033.9,0,1478.4,1,12,0,338,4,0,Nuwara Eliya Main Warehouse
2023-12-04,OP,128.9,10555.4,0,3057.39,1,12,0,338,4,0,Nuwara Eliya Main Warehouse
2023-12-05,BOP,389.7,26540.1,0,2071.06,0,12,1,339,4,0,Nuwara Eliya Main Warehouse
2023-12-05,BOPF,349.4,22449.9,0,1782.4,0,12,1,339,4,0,Nuwara Eliya Main Warehouse
2023-12-05,DUST,279.8,19240.6,0,1808.01,0,12,1,339,4,0,Nuwara Eliya Main Warehouse
2023-12-05,FNGS,218.9,14080.4,0,1481.91,0,12,1,339,4,0,Nuwara Eliya Main Warehouse
2023-12-05,OP,124.6,10577.8,0,3033.75,0,12,1,339,4,0,Nuwara Eliya Main Warehouse
2023-12-06,BOP,399.9,26540.2,0,1968.8,1,12,2,340,4,0,Nuwara Eliya Main Warehouse
2023-12-06,BOPF,341.5,22487.6,0,1691.07,1,12,2,340,4,0,Nuwara Eliya Main Warehouse
2023-12-06,DUST,264.5,19275.5,0,1682.82,1,12,2,340,4,0,Nuwara Eliya Main Warehouse
2023-12-06,FNGS,214.9,14115.5,0,1481.48,1,12,2,340,4,0,Nuwara Eliya Main Warehouse
2023-12-06,OP,132.7,10597.4,0,2997.63,1,12,2,340,4,0,Nuwara Eliya Main Warehouse
2023-12-07,BOP,387.0,26526.4,0,1978.73,0,12,3,341,4,0,Nuwara Eliya Main Warehouse
2023-12-07,BOPF,338.7,22548.5,0,1751.01,0,12,3,341,4,0,Nuwara Eliya Main Warehouse
2023-12-07,DUST,293.5,19267.7,0,1640.45,0,12,3,341,4,0,Nuwara Eliya Main Warehouse
2023-12-07,FNGS,211.1,14136.4,0,1554.28,0,12,3,341,4,0,Nuwara Eliya Main Warehouse
2023-12-07,OP,132.5,10588.6,0,2968.06,0,12,3,341,4,0,Nuwara Eliya Main Warehouse
2023-12-08,BOP,362.9,26501.4,0,1935.54,1,12,4,342,4,0,Nuwara Eliya Main Warehouse
2023-12-08,BOPF,262.3,22553.0,0,1758.2,1,12,4,342,4,0,Nuwara Eliya Main Warehouse
2023-12-08,DUST,290.6,19260.8,0,1692.45,1,12,4,342,4,0,Nuwara Eliya Main Warehouse
2023-12-08,FNGS,203.9,14131.6,0,1516.38,1,12,4,342,4,0,Nuwara Eliya Main Warehouse
2023-12-08,OP,123.1,10613.3,0,2872.89,1,12,4,342,4,0,Nuwara Eliya Main Warehouse
2023-12-09,BOP,276.2,26544.2,0,1895.85,0,12,5,343,4,1,Nuwara Eliya Main Warehouse
2023-12-09,BOPF,243.2,22523.6,0,1712.1,0,12,5,343,4,1,Nuwara Eliya Main Warehouse
2023-12-09,DUST,232.5,19231.5,0,1659.13,0,12,5,343,4,1,Nuwara Eliya Main Warehouse
2023-12-09,FNGS,157.3,14142.1,0,1462.91,0,12,5,343,4,1,Nuwara Eliya Main Warehouse
2023-12-09,OP,96.3,10619.1,0,2836.76,0,12,5,343,4,1,Nuwara Eliya Main Warehouse
2023-12-10,BOP,203.2,26545.1,0,2059.39,0,12,6,344,4,1,Nuwara Eliya Main Warehouse
2023-12-10,BOPF,206.0,22515.2,0,1718.54,0,12,6,344,4,1,Nuwara Eliya Main Warehouse
2023-12-10,DUST,155.8,19251.0,0,1714.68,0,12,6,344,4,1,Nuwara Eliya Main Warehouse
2023-12-10,FNGS,126.4,14127.7,0,1499.26,0,12,6,344,4,1,Nuwara Eliya Main Warehouse
2023-12-10,OP,81.0,10635.7,0,2993.94,0,12,6,344,4,1,Nuwara Eliya Main Warehouse
2023-12-11,BOP,408.0,26567.3,0,2066.7,1,12,0,345,4,0,Nuwara Eliya Main Warehouse
2023-12-11,BOPF,361.4,22602.7,0,1758.44,1,12,0,345,4,0,Nuwara Eliya Main Warehouse
2023-12-11,DUST,285.1,19272.9,0,1611.41,1,12,0,345,4,0,Nuwara Eliya Main Warehouse
2023-12-11,FNGS,219.1,14154.3,0,1504.45,1,12,0,345,4,0,Nuwara Eliya Main Warehouse
2023-12-11,OP,139.3,10633.2,0,3144.98,1,12,0,345,4,0,Nuwara Eliya Main Warehouse
2023-12-12,BOP,396.4,26585.9,0,1986.24,0,12,1,346,4,0,Nuwara Eliya Main Warehouse
2023-12-12,BOPF,360.2,22634.6,0,1692.26,0,12,1,346,4,0,Nuwara Eliya Main Warehouse
2023-12-12,DUST,319.9,19269.7,0,1781.97,0,12,1,346,4,0,Nuwara Eliya Main Warehouse
2023-12-12,FNGS,223.1,14185.6,0,1420.22,0,12,1,346,4,0,Nuwara Eliya Main Warehouse
2023-12-12,OP,142.2,10615.4,0,3023.21,0,12,1,346,4,0,Nuwara Eliya Main Warehouse
2023-12-13,BOP,370.6,26615.9,0,1957.86,1,12,2,347,4,0,Nuwara Eliya Main Warehouse
2023-12-13,BOPF,347.2,22681.1,0,1764.47,1,12,2,347,4,0,Nuwara Eliya Main Warehouse
2023-12-13,DUST,304.6,19309.9,0,1711.77,1,12,2,347,4,0,Nuwara Eliya Main Warehouse
2023-12-13,FNGS,240.8,14242.4,0,1501.9,1,12,2,347,4,0,Nuwara Eliya Main Warehouse
2023-12-13,OP,130.9,10620.7,0,3106.11,1,12,2,347,4,0,Nuwara Eliya Main Warehouse
2023-12-14,BOP,386.9,26691.8,0,1974.77,0,12,3,348,4,0,Nuwara Eliya Main Warehouse
2023-12-14,BOPF,363.4,22627.6,0,1704.07,0,12,3,348,4,0,Nuwara Eliya Main Warehouse
2023-12-14,DUST,296.5,19329.2,0,1593.77,0,12,3,348,4,0,Nuwara Eliya Main Warehouse
2023-12-14,FNGS,203.1,14233.1,0,1540.63,0,12,3,348,4,0,Nuwara Eliya Main Warehouse
2023-12-14,OP,139.5,10614.8,0,2921.68,0,12,3,348,4,0,Nuwara Eliya Main Warehouse
2023-12-15,BOP,389.8,26786.3,0,1976.43,1,12,4,349,4,0,Nuwara Eliya Main Warehouse
2023-12-15,BOPF,275.5,22643.4,0,1799.36,1,12,4,349,4,0,Nuwara Eliya Main Warehouse
2023-12-15,DUST,265.5,19339.2,0,1639.22,1,12,4,349,4,0,Nuwara Eliya Main Warehouse
2023-12-15,FNGS,201.8,14204.3,0,1504.58,1,12,4,349,4,0,Nuwara Eliya Main Warehouse
2023-12-15,OP,124.4,10631.8,0,3044.51,1,12,4,349,4,0,Nuwara Eliya Main Warehouse
2023-12-16,BOP,298.4,26790.2,0,1929.38,0,12,5,350,4,1,Nuwara Eliya Main Warehouse
2023-12-16,BOPF,237.5,22611.4,0,1861.44,0,12,5,350,4,1,Nuwara Eliya Main Warehouse
2023-12-16,DUST,227.2,19351.6,0,1710.25,0,12,5,350,4,1,Nuwara Eliya Main Warehouse
2023-12-16,FNGS,157.0,14215.0,0,1521.15,0,12,5,350,4,1,Nuwara Eliya Main Warehouse
2023-12-16,OP,105.8,10656.4,0,2961.82,0,12,5,350,4,1,Nuwara Eliya Main Warehouse
2023-12-17,BOP,228.4,26831.5,0,1979.89,0,12,6,351,4,1,Nuwara Eliya Main Warehouse
2023-12-17,BOPF,192.3,22626.3,0,1706.11,0,12,6,351,4,1,Nuwara Eliya Main Warehouse
2023-12-17,DUST,159.7,19368.2,0,1727.11,0,12,6,351,4,1,Nuwara Eliya Main Warehouse
2023-12-17,FNGS,139.1,14233.5,0,1530.92,0,12,6,351,4,1,Nuwara Eliya Main Warehouse
2023-12-17,OP,92.0,10668.0,0,2958.78,0,12,6,351,4,1,Nuwara Eliya Main Warehouse
2023-12-18,BOP,389.4,26892.2,0,2004.74,1,12,0,352,4,0,Nuwara Eliya Main Warehouse
2023-12-18,BOPF,345.6,22701.7,0,1774.02,1,12,0,352,4,0,Nuwara Eliya Main Warehouse
2023-12-18,DUST,303.1,19402.8,0,1613.37,1,12,0,352,4,0,Nuwara Eliya Main Warehouse
2023-12-18,FNGS,212.2,14268.8,0,1496.28,1,12,0,352,4,0,Nuwara Eliya Main Warehouse
2023-12-18,OP,153.2,10699.4,0,3083.88,1,12,0,352,4,0,Nuwara Eliya Main Warehouse
2023-12-19,BOP,406.9,26924.5,0,2052.88,0,12,1,353,4,0,Nuwara Eliya Main Warehouse
2023-12-19,BOPF,324.2,22778.7,0,1712.86,0,12,1,353,4,0,Nuwara Eliya Main Warehouse
2023-12-19,DUST,314.2,19392.0,0,1705.8,0,12,1,353,4,0,Nuwara Eliya Main Warehouse
2023-12-19,FNGS,212.5,14253.4,0,1541.46,0,12,1,353,4,0,Nuwara Eliya Main Warehouse
2023-12-19,OP,158.8,10704.4,0,3011.43,0,12,1,353,4,0,Nuwara Eliya Main Warehouse
2023-12-20,BOP,495.5,27039.7,0,1997.3,1,12,2,354,4,0,Nuwara Eliya Main Warehouse
2023-12-20,BOPF,420.7,22806.6,0,1798.89,1,12,2,354,4,0,Nuwara Eliya Main Warehouse
2023-12-20,DUST,342.0,19359.9,0,1582.2,1,12,2,354,4,0,Nuwara Eliya Main Warehouse
2023-12-20,FNGS,257.4,14241.7,0,1572.09,1,12,2,354,4,0,Nuwara Eliya Main Warehouse
2023-12-20,OP,169.0,10731.2,0,2905.36,1,12,2,354,4,0,Nuwara Eliya Main Warehouse
2023-12-21,BOP,457.6,27007.7,0,1909.16,0,12,3,355,4,0,Nuwara Eliya Main Warehouse
2023-12-21,BOPF,389.7,22819.5,0,1686.92,0,12,3,355,4,0,Nuwara Eliya Main Warehouse
2023-12-21,DUST,348.9,19329.5,0,1668.71,0,12,3,355,4,0,Nuwara Eliya Main Warehouse
2023-12-21,FNGS,256.1,14255.8,0,1446.97,0,12,3,355,4,0,Nuwara Eliya Main Warehouse
2023-12-21,OP,164.8,10762.0,0,3030.19,0,12,3,355,4,0,Nuwara Eliya Main Warehouse
2023-12-22,BOP,424.3,26962.6,0,2016.4,1,12,4,356,4,0,Nuwara Eliya Main Warehouse
2023-12-22,BOPF,369.4,22903.7,0,1771.89,1,12,4,356,4,0,Nuwara Eliya Main Warehouse
2023-12-22,DUST,312.6,19362.5,0,1724.69,1,12,4,356,4,0,Nuwara Eliya Main Warehouse
2023-12-22,FNGS,250.3,14251.3,0,1496.59,1,12,4,356,4,0,Nuwara Eliya Main Warehouse
2023-12-22,OP,150.9,10782.3,0,2962.0,1,12,4,356,4,0,Nuwara Eliya Main Warehouse
2023-12-23,BOP,356.7,27031.0,0,1982.71,0,12,5,357,4,1,Nuwara Eliya Main Warehouse
2023-12-23,BOPF,298.8,22939.4,0,1706.23,0,12,5,357,4,1,Nuwara Eliya Main Warehouse
2023-12-23,DUST,245.4,19411.4,0,1647.45,0,12,5,357,4,1,Nuwara Eliya Main Warehouse
2023-12-23,FNGS,176.4,14285.6,0,1609.02,0,12,5,357,4,1,Nuwara Eliya Main Warehouse
2023-12-23,OP,116.3,10788.5,0,2901.04,0,12,5,357,4,1,Nuwara Eliya Main Warehouse
2023-12-24,BOP,294.5,27038.5,0,2073.11,0,12,6,358,4,1,Nuwara Eliya Main Warehouse
2023-12-24,BOPF,275.2,22905.3,0,1738.71,0,12,6,358,4,1,Nuwara Eliya Main Warehouse
2023-12-24,DUST,219.3,19414.4,0,1603.13,0,12,6,358,4,1,Nuwara Eliya Main Warehouse
2023-12-24,FNGS,176.5,14292.6,0,1518.45,0,12,6,358,4,1,Nuwara Eliya Main Warehouse
2023-12-24,OP,117.2,10800.2,0,2938.96,0,12,6,358,4,1,Nuwara Eliya Main Warehouse
2023-12-25,BOP,445.9,27122.7,0,2076.52,1,12,0,359,4,0,Nuwara Eliya Main Warehouse
2023-12-25,BOPF,363.6,22918.5,0,1698.78,1,12,0,359,4,0,Nuwara Eliya Main Warehouse
2023-12-25,DUST,316.0,19388.5,0,1680.12,1,12,0,359,4,0,Nuwara Eliya Main Warehouse
2023-12-25,FNGS,280.5,14340.2,0,1509.92,1,12,0,359,4,0,Nuwara Eliya Main Warehouse
2023-12-25,OP,169.7,10822.3,0,3194.63,1,12,0,359,4,0,Nuwara Eliya Main Warehouse
2023-12-26,BOP,464.0,27218.9,0,2078.6,0,12,1,360,4,0,Nuwara Eliya Main Warehouse
2023-12-26,BOPF,411.7,22896.3,0,1788.97,0,12,1,360,4,0,Nuwara Eliya Main Warehouse
2023-12-26,DUST,360.6,19443.5,0,1645.31,0,12,1,360,4,0,Nuwara Eliya Main Warehouse
2023-12-26,FNGS,260.8,14361.7,0,1500.65,0,12,1,360,4,0,Nuwara Eliya Main Warehouse
2023-12-26,OP,168.9,10814.1,0,3124.82,0,12,1,360,4,0,Nuwara Eliya Main Warehouse
2023-12-27,BOP,460.9,27161.2,0,1966.29,1,12,2,361,4,0,Nuwara Eliya Main Warehouse
2023-12-27,BOPF,424.3,22912.4,0,1708.45,1,12,2,361,4,0,Nuwara Eliya Main Warehouse
2023-12-27,DUST,360.4,19509.4,0,1702.82,1,12,2,361,4,0,Nuwara Eliya Main Warehouse
2023-12-27,FNGS,248.2,14401.2,0,1565.12,1,12,2,361,4,0,Nuwara Eliya Main Warehouse
2023-12-27,OP,170.4,10843.7,0,2853.96,1,12,2,361,4,0,Nuwara Eliya Main Warehouse
2023-12-28,BOP,456.0,27254.0,0,2108.03,0,12,3,362,4,0,Nuwara Eliya Main Warehouse
2023-12-28,BOPF,398.7,22925.2,0,1776.07,0,12,3,362,4,0,Nuwara Eliya Main Warehouse
2023-12-28,DUST,334.5,19577.1,0,1632.49,0,12,3,362,4,0,Nuwara Eliya Main Warehouse
2023-12-28,FNGS,255.0,14396.9,0,1472.26,0,12,3,362,4,0,Nuwara Eliya Main Warehouse
2023-12-28,OP,168.5,10882.5,0,3007.56,0,12,3,362,4,0,Nuwara Eliya Main Warehouse
2023-12-29,BOP,436.3,27266.8,0,2017.21,1,12,4,363,4,0,Nuwara Eliya Main Warehouse
2023-12-29,BOPF,354.4,22954.6,0,1732.64,1,12,4,363,4,0,Nuwara Eliya Main Warehouse
2023-12-29,DUST,305.5,19605.4,0,1637.85,1,12,4,363,4,0,Nuwara Eliya Main Warehouse
2023-12-29,FNGS,240.5,14440.8,0,1550.69,1,12,4,363,4,0,Nuwara Eliya Main Warehouse
2023-12-29,OP,162.7,10888.4,0,3013.89,1,12,4,363,4,0,Nuwara Eliya Main Warehouse
2023-12-30,BOP,344.2,27285.4,0,2088.13,0,12,5,364,4,1,Nuwara Eliya Main Warehouse
2023-12-30,BOPF,291.0,22952.5,0,1743.92,0,12,5,364,4,1,Nuwara Eliya Main Warehouse
2023-12-30,DUST,250.3,19654.1,0,1579.91,0,12,5,364,4,1,Nuwara Eliya Main Warehouse
2023-12-30,FNGS,202.3,14432.7,0,1500.27,0,12,5,364,4,1,Nuwara Eliya Main Warehouse
2023-12-30,OP,140.9,10906.7,0,3001.45,0,12,5,364,4,1,Nuwara Eliya Main Warehouse
2023-12-31,BOP,310.1,27316.6,0,1970.1,0,12,6,365,4,1,Nuwara Eliya Main Warehouse
2023-12-31,BOPF,253.4,22931.1,0,1756.78,0,12,6,365,4,1,Nuwara Eliya Main Warehouse
2023-12-31,DUST,223.1,19622.0,0,1681.9,0,12,6,365,4,1,Nuwara Eliya Main Warehouse
2023-12-31,FNGS,163.6,14443.8,0,1480.51,0,12,6,365,4,1,Nuwara Eliya Main Warehouse
2023-12-31,OP,113.5,10923.2,0,2968.23,0,12,6,365,4,1,Nuwara Eliya Main Warehouse
