Date,Year,Month,Day,DayOfWeek,Quarter,IsWeekend,DayOfYear,GreenLeafPricePerKgLKR,GreenLeafQuantityKg,FirewoodCollectedKg,FirewoodCostPerKgLKR,TemperatureCelsius,RainfallMM,HeavyRainFlag,SupplierID,SupplierName,SupplierDelivered,SupplierQuantityKg,PromotionActive,MonthStartBonus,TotalDailyCostLKR,NextDayGreenLeafPrice,PriceLag1,PriceLag2,PriceLag3,PriceLag7,PriceLag14,PriceRollingMean7,PriceRollingMean30,PriceRollingStd7,QtyRollingMean7,PriceChangePct
2021-01-30,2021,1,30,5,1,1,30,93.28,3478.3,657.9,18.03,18.8,4.5,0,SUP-001,Perera Tea Estates,1,843.3,0,0,336317.76,90.26,97.39,99.66,97.32,90.56,93.32,94.36,91.44,4.45,4187.5,-4.2201
2021-01-31,2021,1,31,6,1,1,31,90.26,3148.7,665.9,18.49,17.3,1.9,0,SUP-004,Highlands Tea Farm,0,0.0,0,0,296514.15,93.29,93.28,97.39,99.66,88.98,86.88,94.54,91.44,4.21,4100.3,-3.2376
2021-02-01,2021,2,1,0,1,0,32,93.29,4857.6,1315.3,17.88,15.3,5.6,0,SUP-001,Perera Tea Estates,1,909.8,0,1,476683.07,98.3,90.26,93.28,97.39,88.02,91.79,95.3,91.82,3.2,4171.9,3.357
2021-02-02,2021,2,2,1,1,0,33,98.3,4700.9,1292.1,16.0,20.1,2.5,0,SUP-001,Perera Tea Estates,1,775.4,0,1,482772.07,99.73,93.29,90.26,93.28,95.88,91.25,95.64,92.24,3.4,4179.0,5.3704
2021-02-03,2021,2,3,2,1,0,34,99.73,4675.5,1299.0,18.99,18.7,1.4,0,SUP-001,Perera Tea Estates,1,755.4,0,1,490955.62,97.71,98.3,93.29,90.26,97.32,91.07,95.99,92.65,3.7,4217.1,1.4547
2021-02-04,2021,2,4,3,1,0,35,97.71,4777.2,1203.6,19.69,23.1,4.8,0,SUP-004,Highlands Tea Farm,1,546.5,0,1,490479.1,87.75,99.73,98.3,93.29,99.66,97.63,95.71,92.85,3.44,4295.8,-2.0255
2021-02-05,2021,2,5,4,1,0,36,87.75,4537.2,1247.4,17.81,19.8,0.3,0,SUP-005,Kandyan Leaf Growers,1,542.4,0,1,420355.49,93.33,97.71,99.73,98.3,97.39,92.05,94.33,92.87,4.44,4310.8,-10.1934
2021-02-06,2021,2,6,5,1,1,37,93.33,3208.7,691.8,18.1,20.7,9.5,0,SUP-001,Perera Tea Estates,1,943.1,0,0,311989.55,88.15,87.75,97.71,99.73,93.28,90.56,94.34,93.06,4.44,4272.3,6.359
2021-02-07,2021,2,7,6,1,1,38,88.15,3588.7,716.2,18.33,18.4,0.6,0,SUP-001,Perera Tea Estates,0,0.0,0,0,329471.85,91.91,93.33,87.75,97.71,90.26,88.98,94.04,92.99,4.82,4335.1,-5.5502
2021-02-08,2021,2,8,0,1,0,39,91.91,4295.3,1210.5,18.93,20.6,7.7,0,SUP-003,Nuwara Estates Ltd,1,675.4,0,0,417695.79,100.8,88.15,93.33,87.75,93.29,88.02,93.84,92.91,4.88,4254.8,4.2655
2021-02-09,2021,2,9,1,1,0,40,100.8,4545.1,1333.2,18.58,19.5,11.6,0,SUP-002,Silva Green Leaves,1,715.5,1,0,482916.94,97.46,91.91,88.15,93.33,98.3,95.88,94.2,93.41,5.33,4232.5,9.6725
2021-02-10,2021,2,10,2,1,0,41,97.46,4728.0,1269.4,18.57,19.6,15.0,0,SUP-001,Perera Tea Estates,1,897.6,0,0,484363.64,92.13,100.8,91.91,88.15,99.73,97.32,93.87,93.37,5.0,4240.0,-3.3135
2021-02-11,2021,2,11,3,1,0,42,92.13,4782.1,1187.1,17.47,21.6,0.9,0,SUP-001,Perera Tea Estates,1,932.3,0,0,461313.51,85.9,97.46,100.8,91.91,97.71,99.66,93.08,93.2,4.72,4240.7,-5.4689
2021-02-12,2021,2,12,4,1,0,43,85.9,4624.3,1165.1,20.02,15.9,15.3,0,SUP-003,Nuwara Estates Ltd,1,756.0,0,0,420552.67,94.02,92.13,97.46,100.8,87.75,97.39,92.81,93.25,5.11,4253.2,-6.7622
2021-02-13,2021,2,13,5,1,1,44,94.02,4070.0,683.5,18.81,18.5,11.7,0,SUP-001,Perera Tea Estates,1,796.5,0,0,395518.04,95.32,85.9,92.13,97.46,93.33,93.28,92.91,93.26,5.12,4376.2,9.4529
2021-02-14,2021,2,14,6,1,1,45,95.32,3246.6,745.7,18.34,21.9,10.2,0,SUP-004,Highlands Tea Farm,0,0.0,1,0,323142.05,94.07,94.02,85.9,92.13,88.15,90.26,93.93,93.37,4.72,4327.3,1.3827
2021-02-15,2021,2,15,0,1,0,46,94.07,4607.6,1328.5,17.92,21.7,2.0,0,SUP-002,Silva Green Leaves,0,0.0,0,0,457243.65,96.38,95.32,94.02,85.9,91.91,93.29,94.24,93.4,4.63,4372.0,-1.3114
2021-02-16,2021,2,16,1,1,0,47,96.38,4524.8,1310.1,18.21,20.8,7.1,0,SUP-001,Perera Tea Estates,1,844.7,0,0,459957.14,95.66,94.07,95.32,94.02,100.8,98.3,93.61,93.71,3.82,4369.1,2.4556
2021-02-17,2021,2,17,2,1,0,48,95.66,4744.5,1196.3,17.47,18.3,5.4,0,SUP-003,Nuwara Estates Ltd,1,671.5,0,0,474758.23,98.63,96.38,94.07,95.32,97.46,99.73,93.35,93.84,3.57,4371.4,-0.747
2021-02-18,2021,2,18,3,1,0,49,98.63,4445.3,1156.5,18.42,20.5,17.9,0,SUP-003,Nuwara Estates Ltd,1,657.7,0,0,459742.67,91.04,95.66,96.38,94.07,92.13,97.71,94.28,94.09,4.01,4323.3,3.1047
2021-02-19,2021,2,19,4,1,0,50,91.04,4716.8,1403.2,16.84,19.3,0.1,0,SUP-001,Perera Tea Estates,1,831.1,0,0,453047.36,94.48,98.63,95.66,96.38,85.9,87.75,95.02,94.09,2.35,4336.5,-7.6954
2021-02-20,2021,2,20,5,1,1,51,94.48,3331.5,637.4,18.49,21.7,1.3,0,SUP-005,Kandyan Leaf Growers,1,718.5,0,0,326545.65,90.1,91.04,98.63,95.66,94.02,93.33,95.08,93.98,2.32,4231.0,3.7786
2021-02-21,2021,2,21,6,1,1,52,90.1,3402.2,639.1,17.59,21.0,1.1,0,SUP-003,Nuwara Estates Ltd,0,0.0,1,0,317779.99,97.27,94.48,91.04,98.63,95.32,88.15,94.34,93.92,2.98,4253.2,-4.6359
2021-02-22,2021,2,22,0,1,0,53,97.27,4926.0,1366.6,17.53,18.7,4.3,0,SUP-004,Highlands Tea Farm,1,623.9,0,0,503108.52,91.45,90.1,94.48,91.04,94.07,91.91,94.79,94.14,3.17,4298.7,7.9578
2021-02-23,2021,2,23,1,1,0,54,91.45,4551.7,1165.8,20.28,17.5,0.8,0,SUP-002,Silva Green Leaves,1,728.2,0,0,439895.39,92.59,97.27,90.1,94.48,96.38,100.8,94.09,94.22,3.3,4302.6,-5.9833
2021-02-24,2021,2,24,2,1,0,55,92.59,4658.1,1349.9,17.62,22.2,3.5,0,SUP-001,Perera Tea Estates,1,805.3,0,0,455078.72,91.49,91.45,97.27,90.1,95.66,97.46,93.65,94.38,3.27,4290.2,1.2466
2021-02-25,2021,2,25,3,1,0,56,91.49,4687.3,1246.0,17.2,22.5,6.8,0,SUP-004,Highlands Tea Farm,1,509.8,0,0,450272.28,89.53,92.59,91.45,97.27,98.63,92.13,92.63,94.23,2.47,4324.8,-1.188
2021-02-26,2021,2,26,4,1,0,57,89.53,4977.4,1288.1,18.26,19.5,1.7,0,SUP-003,Nuwara Estates Ltd,1,711.4,0,0,469147.33,95.92,91.49,92.59,91.45,91.04,85.9,92.42,93.97,2.69,4362.0,-2.1423
2021-02-27,2021,2,27,5,1,1,58,95.92,3653.6,699.1,18.03,19.6,6.1,0,SUP-003,Nuwara Estates Ltd,1,807.1,0,0,363058.08,90.48,89.53,91.49,92.59,94.48,94.02,92.62,93.84,2.92,4408.0,7.1373
2021-02-28,2021,2,28,6,1,1,59,90.48,3457.6,745.4,16.91,22.8,1.0,0,SUP-003,Nuwara Estates Ltd,0,0.0,0,0,325448.36,100.26,95.92,89.53,91.49,90.1,95.32,92.68,93.61,2.87,4416.0,-5.6714
2021-03-01,2021,3,1,0,1,0,60,100.26,4449.1,1323.0,17.63,19.3,0.4,0,SUP-001,Perera Tea Estates,1,807.4,0,1,469391.26,101.78,90.48,95.92,89.53,97.27,94.07,93.1,93.85,3.75,4347.8,10.809
2021-03-02,2021,3,2,1,1,0,61,101.78,4667.3,1141.8,19.41,21.5,4.6,0,SUP-005,Kandyan Leaf Growers,1,741.6,1,1,497200.13,97.46,100.26,90.48,95.92,91.45,96.38,94.58,94.23,4.86,4364.3,1.5161
2021-03-03,2021,3,3,2,1,0,62,97.46,4430.9,1294.9,17.91,17.5,4.8,0,SUP-001,Perera Tea Estates,1,883.6,0,1,455027.17,97.57,101.78,100.26,90.48,92.59,95.66,95.27,94.37,4.88,4331.9,-4.2444
2021-03-04,2021,3,4,3,1,0,63,97.57,4571.3,1330.4,17.71,16.9,8.2,0,SUP-002,Silva Green Leaves,1,561.9,0,1,469583.12,95.07,97.46,101.78,100.26,91.49,98.63,96.14,94.35,4.63,4315.3,0.1129
2021-03-05,2021,3,5,4,1,0,64,95.07,4791.5,1255.5,18.12,20.2,1.3,0,SUP-001,Perera Tea Estates,1,858.0,0,1,478277.56,92.75,97.57,97.46,101.78,89.53,91.04,96.93,94.19,3.68,4288.8,-2.5623
2021-03-06,2021,3,6,5,1,1,65,92.75,3274.3,745.6,18.31,21.5,0.6,0,SUP-004,Highlands Tea Farm,0,0.0,1,0,317343.26,92.74,95.07,97.57,97.46,95.92,94.48,96.48,94.02,4.01,4234.6,-2.4403
2021-03-07,2021,3,7,6,1,1,66,92.74,3040.8,703.2,17.28,20.8,1.1,0,SUP-001,Perera Tea Estates,0,0.0,0,0,294155.09,102.63,92.75,95.07,97.57,90.48,90.1,96.8,94.19,3.5,4175.0,-0.0108
2021-03-08,2021,3,8,0,1,0,67,102.63,4863.0,1197.4,19.71,18.3,2.9,0,SUP-004,Highlands Tea Farm,0,0.0,0,0,522690.44,99.47,92.74,92.75,95.07,100.26,97.27,97.14,94.5,3.98,4234.2,10.6642
2021-03-09,2021,3,9,1,1,0,68,99.47,4860.3,1269.5,19.42,17.1,0.4,0,SUP-003,Nuwara Estates Ltd,0,0.0,0,0,508107.73,96.43,102.63,92.74,92.75,101.78,91.45,96.81,94.88,3.61,4261.7,-3.079
2021-03-10,2021,3,10,2,1,0,69,96.43,4860.0,1191.5,17.22,20.7,0.1,0,SUP-001,Perera Tea Estates,1,819.5,0,0,489167.43,100.32,99.47,102.63,92.74,97.46,92.59,96.67,95.03,3.6,4323.0,-3.0562
2021-03-11,2021,3,11,3,1,0,70,100.32,4777.4,1329.4,18.33,16.8,1.3,0,SUP-004,Highlands Tea Farm,1,486.4,0,0,503636.67,100.31,96.43,99.47,102.63,97.57,91.49,97.06,95.01,3.85,4352.5,4.034
2021-03-12,2021,3,12,4,1,0,71,100.31,4563.2,1083.5,17.35,19.4,14.8,0,SUP-003,Nuwara Estates Ltd,1,734.0,0,0,476533.32,95.18,100.32,96.43,99.47,95.07,89.53,97.81,95.11,3.91,4319.9,-0.01
2021-03-13,2021,3,13,5,1,1,72,95.18,3530.7,556.8,17.52,15.9,2.0,0,SUP-002,Silva Green Leaves,1,578.4,0,0,345807.16,97.08,100.31,100.32,96.43,92.75,95.92,98.15,95.21,3.47,4356.5,-5.1141
2021-03-14,2021,3,14,6,1,1,73,97.08,3659.6,590.9,18.45,20.2,1.3,0,SUP-001,Perera Tea Estates,0,0.0,0,0,366176.07,95.26,95.18,100.31,100.32,92.74,90.48,98.77,95.58,2.63,4444.9,1.9962
2021-03-15,2021,3,15,0,1,0,74,95.26,4411.6,1259.9,18.87,19.2,12.1,0,SUP-002,Silva Green Leaves,1,701.6,0,0,444023.33,102.6,97.08,95.18,100.31,102.63,100.26,97.72,95.62,2.28,4380.4,-1.8747
2021-03-16,2021,3,16,1,1,0,75,102.6,4714.1,1295.2,16.59,19.2,6.3,0,SUP-002,Silva Green Leaves,1,592.4,0,0,505154.03,96.34,95.26,97.08,95.18,99.47,101.78,98.17,95.87,2.9,4359.5,7.7052
2021-03-17,2021,3,17,2,1,0,76,96.34,4862.0,1156.8,17.0,18.7,0.0,0,SUP-004,Highlands Tea Farm,1,538.2,0,0,488070.68,97.73,102.6,95.26,97.08,96.43,97.46,98.16,95.94,2.91,4359.8,-6.1014
2021-03-18,2021,3,18,3,1,0,77,97.73,4721.7,1039.1,18.17,18.5,1.7,0,SUP-001,Perera Tea Estates,1,873.4,0,0,480332.19,91.99,96.34,102.6,95.26,100.32,97.57,97.79,95.99,2.75,4351.8,1.4428
2021-03-19,2021,3,19,4,1,0,78,91.99,4787.7,1309.6,18.99,20.6,2.1,0,SUP-004,Highlands Tea Farm,1,477.4,0,0,465289.83,93.53,97.73,96.34,102.6,100.31,95.07,96.6,95.86,3.23,4383.9,-5.8733
2021-03-20,2021,3,20,5,1,1,79,93.53,3186.0,468.9,19.57,16.1,2.2,0,SUP-001,Perera Tea Estates,1,865.0,0,0,307162.95,93.72,91.99,97.73,96.34,95.18,92.75,96.36,95.7,3.41,4334.7,1.6741
2021-03-21,2021,3,21,6,1,1,80,93.72,3702.5,593.7,19.63,17.2,22.9,0,SUP-001,Perera Tea Estates,0,0.0,0,0,358652.63,93.01,93.53,91.99,97.73,97.08,92.74,95.88,95.78,3.52,4340.8,0.2031
2021-03-22,2021,3,22,0,1,0,81,93.01,4672.3,1214.3,17.13,18.3,2.7,0,SUP-004,Highlands Tea Farm,1,611.1,0,0,455371.58,91.62,93.72,93.53,91.99,95.26,102.63,95.56,95.74,3.69,4378.0,-0.7576
2021-03-23,2021,3,23,1,1,0,82,91.62,4619.5,1273.5,18.47,20.6,1.8,0,SUP-002,Silva Green Leaves,1,540.9,0,0,446760.14,100.31,93.01,93.72,93.53,102.6,99.47,93.99,95.79,2.25,4364.5,-1.4945
2021-03-24,2021,3,24,2,1,0,83,100.31,4838.3,1221.8,18.01,18.0,0.1,0,SUP-001,Perera Tea Estates,1,845.8,0,0,507334.49,95.93,91.62,93.01,93.72,96.34,96.43,94.56,95.89,3.23,4361.1,9.4848
2021-03-25,2021,3,25,3,1,0,84,95.93,4908.0,1188.5,19.85,19.7,2.1,0,SUP-005,Kandyan Leaf Growers,1,578.0,0,0,494416.16,90.41,100.31,91.62,93.01,97.73,100.32,94.3,96.04,3.0,4387.8,-4.3665
2021-03-26,2021,3,26,4,1,0,85,90.41,5005.4,1255.8,16.46,17.9,6.4,0,SUP-003,Nuwara Estates Ltd,1,655.4,0,0,473208.68,97.09,95.93,100.31,91.62,91.99,100.31,94.08,95.96,3.25,4418.9,-5.7542
2021-03-27,2021,3,27,5,1,1,86,97.09,3339.1,480.8,18.64,20.4,4.0,0,SUP-005,Kandyan Leaf Growers,1,644.6,1,0,333155.33,94.32,90.41,95.93,100.31,93.53,95.18,94.58,96.15,3.42,4440.7,7.3886
2021-03-28,2021,3,28,6,1,1,87,94.32,3349.9,424.1,18.58,20.0,4.7,0,SUP-002,Silva Green Leaves,0,0.0,0,0,323842.35,94.04,97.09,90.41,95.93,93.72,97.08,94.67,96.31,3.41,4390.4,-2.853
2021-03-29,2021,3,29,0,1,0,88,94.04,4523.3,1121.6,18.98,17.4,0.8,0,SUP-003,Nuwara Estates Ltd,0,0.0,0,0,446659.1,99.71,94.32,97.09,90.41,93.01,95.26,94.82,96.25,3.34,4369.1,-0.2969
2021-03-30,2021,3,30,1,1,0,89,99.71,4712.8,1220.9,19.45,20.5,4.9,0,SUP-001,Perera Tea Estates,1,786.8,0,0,493659.79,90.97,94.04,94.32,97.09,91.62,102.6,95.97,96.56,3.45,4382.4,6.0293
2021-03-31,2021,3,31,2,1,0,90,90.97,4639.5,1134.4,17.77,17.4,11.1,0,SUP-003,Nuwara Estates Ltd,1,676.1,0,0,442213.6,96.84,99.71,94.04,94.32,100.31,96.34,94.64,96.25,3.3,4354.0,-8.7654
2021-04-01,2021,4,1,3,2,0,91,96.84,4684.1,1153.2,18.62,20.1,4.7,0,SUP-001,Perera Tea Estates,1,846.8,0,1,475080.83,100.83,90.97,99.71,94.04,95.93,97.73,94.77,96.08,3.37,4322.0,6.4527
2021-04-02,2021,4,2,4,2,0,92,100.83,4496.4,1103.6,19.12,19.2,1.3,0,SUP-005,Kandyan Leaf Growers,1,689.1,0,1,474472.84,92.9,96.84,90.97,99.71,90.41,91.99,96.26,96.19,3.43,4249.3,4.1202
2021-04-03,2021,4,3,5,2,1,93,92.9,3482.3,633.8,18.27,17.6,1.7,0,SUP-002,Silva Green Leaves,1,618.6,0,1,335085.2,91.71,100.83,96.84,90.97,97.09,93.53,95.66,96.04,3.62,4269.8,-7.8647
2021-04-04,2021,4,4,6,2,1,94,91.71,3666.0,697.0,17.55,17.2,1.4,0,SUP-001,Perera Tea Estates,0,0.0,0,1,348441.21,101.32,92.9,100.83,96.84,94.32,93.72,95.29,95.93,3.9,4314.9,-1.2809
2021-04-05,2021,4,5,0,2,0,95,101.32,4991.8,1068.2,17.21,15.1,7.4,0,SUP-001,Perera Tea Estates,1,848.3,0,1,524152.9,93.06,91.71,92.9,100.83,94.04,93.01,96.33,96.21,4.45,4381.8,10.4787
2021-04-06,2021,4,6,1,2,0,96,93.06,4695.0,1066.3,20.27,17.3,5.5,0,SUP-001,Perera Tea Estates,1,768.0,1,0,458530.6,100.9,101.32,91.71,92.9,99.71,91.62,95.38,96.22,4.31,4379.3,-8.1524
2021-04-07,2021,4,7,2,2,0,97,100.9,4932.1,1196.8,17.79,18.8,0.2,0,SUP-005,Kandyan Leaf Growers,0,0.0,0,0,518939.96,100.14,93.06,101.32,91.71,90.97,100.31,96.79,96.16,4.25,4421.1,8.4247
2021-04-08,2021,4,8,3,2,0,98,100.14,4588.0,1188.9,15.75,19.8,7.4,0,SUP-002,Silva Green Leaves,1,705.8,0,0,478167.5,97.56,100.9,93.06,101.32,96.84,95.93,97.27,96.19,4.44,4407.4,-0.7532
2021-04-09,2021,4,9,4,2,0,99,97.56,5020.0,1245.1,16.74,15.6,1.9,0,SUP-004,Highlands Tea Farm,1,512.0,0,0,510594.17,94.78,100.14,100.9,93.06,100.83,90.41,96.8,96.22,4.16,4482.2,-2.5764
2021-04-10,2021,4,10,5,2,1,100,94.78,3735.1,626.2,18.16,20.7,6.3,0,SUP-004,Highlands Tea Farm,1,441.3,0,0,365384.57,92.0,97.56,100.14,100.9,92.9,97.09,97.07,96.04,3.93,4518.3,-2.8495
2021-04-11,2021,4,11,6,2,1,101,92.0,3439.7,646.7,19.38,17.1,3.6,0,SUP-003,Nuwara Estates Ltd,0,0.0,0,0,328985.45,95.36,94.78,97.56,100.14,91.71,94.32,97.11,95.76,3.86,4486.0,-2.9331
2021-04-12,2021,4,12,0,2,0,102,95.36,4742.2,1158.2,16.75,18.3,17.6,0,SUP-005,Kandyan Leaf Growers,1,679.6,0,0,471616.04,95.76,92.0,94.78,97.56,101.32,94.04,96.26,95.77,3.41,4450.3,3.6522
2021-04-13,2021,4,13,1,2,0,103,95.76,4981.7,1202.6,17.88,15.5,3.5,0,SUP-005,Kandyan Leaf Growers,1,764.2,0,0,498550.08,97.14,95.36,92.0,94.78,93.06,99.71,96.64,95.72,3.13,4491.3,0.4195
2021-04-14,2021,4,14,2,2,0,104,97.14,4574.0,1178.9,18.66,17.1,10.8,0,SUP-003,Nuwara Estates Ltd,1,526.8,0,0,466316.63,100.99,95.76,95.36,92.0,100.9,90.97,96.11,95.79,2.54,4440.1,1.4411
2021-04-15,2021,4,15,3,2,0,105,100.99,4777.9,1105.2,18.54,17.8,2.2,0,SUP-005,Kandyan Leaf Growers,1,675.1,0,0,503010.53,95.37,97.14,95.76,95.36,100.14,96.84,96.23,95.73,2.78,4467.2,3.9634
2021-04-16,2021,4,16,4,2,0,106,95.37,4666.5,1165.9,17.93,18.6,5.2,0,SUP-002,Silva Green Leaves,1,710.2,0,0,465948.69,94.31,100.99,97.14,95.76,97.56,100.83,95.91,95.7,2.72,4416.7,-5.5649
2021-04-17,2021,4,17,5,2,1,107,94.31,3543.9,454.4,18.11,18.0,3.9,0,SUP-001,Perera Tea Estates,1,805.3,0,0,342454.39,102.22,95.37,100.99,97.14,94.78,92.9,95.85,95.59,2.76,4389.4,-1.1115
2021-04-18,2021,4,18,6,2,1,108,102.22,3362.2,525.7,17.97,19.5,1.7,0,SUP-004,Highlands Tea Farm,0,0.0,0,0,353130.91,91.73,94.31,95.37,100.99,92.0,91.71,97.31,95.93,3.07,4378.3,8.3872
2021-04-19,2021,4,19,0,2,0,109,91.73,4646.4,1102.3,17.57,13.4,3.9,0,SUP-001,Perera Tea Estates,1,730.2,0,0,445581.68,99.38,102.22,94.31,95.37,95.36,101.32,96.79,95.87,3.7,4364.7,-10.2622
2021-04-20,2021,4,20,1,2,0,110,99.38,4331.9,1215.1,16.47,15.8,5.4,0,SUP-005,Kandyan Leaf Growers,1,659.3,0,0,450516.92,101.26,91.73,102.22,94.31,95.76,93.06,97.31,96.06,3.78,4271.8,8.3397
2021-04-21,2021,4,21,2,2,0,111,101.26,4725.8,1198.5,20.02,13.2,11.5,0,SUP-003,Nuwara Estates Ltd,1,771.9,0,0,502528.48,88.45,99.38,91.73,102.22,97.14,100.9,97.89,96.33,4.06,4293.5,1.8917
2021-04-22,2021,4,22,3,2,0,112,88.45,4600.8,1194.8,19.76,16.2,3.2,0,SUP-004,Highlands Tea Farm,1,461.6,0,0,430550.01,99.77,101.26,99.38,91.73,100.99,100.14,96.1,96.23,5.1,4268.2,-12.6506
2021-04-23,2021,4,23,4,2,0,113,99.77,4800.9,1171.0,14.23,17.7,3.0,0,SUP-002,Silva Green Leaves,1,588.2,0,0,495649.12,95.46,88.45,101.26,99.38,95.37,97.56,96.73,96.21,5.27,4287.4,12.7982
2021-04-24,2021,4,24,5,2,1,114,95.46,3559.9,545.0,19.93,17.5,15.7,0,SUP-003,Nuwara Estates Ltd,0,0.0,0,0,350689.9,93.35,99.77,88.45,101.26,94.31,94.78,96.9,96.19,5.19,4289.7,-4.3199
2021-04-25,2021,4,25,6,2,1,115,93.35,3260.6,640.3,18.14,14.0,6.8,0,SUP-003,Nuwara Estates Ltd,0,0.0,0,0,315992.05,99.5,95.46,99.77,88.45,102.22,92.0,95.63,96.29,4.74,4275.2,-2.2103
2021-04-26,2021,4,26,0,2,0,116,99.5,4359.2,1261.8,18.15,15.3,7.0,0,SUP-002,Silva Green Leaves,1,563.7,0,0,456642.07,100.51,93.35,95.46,99.77,91.73,95.36,96.74,96.37,4.58,4234.2,6.5881
2021-04-27,2021,4,27,1,2,0,117,100.51,4723.9,1102.9,20.38,15.9,13.8,0,SUP-005,Kandyan Leaf Growers,1,711.1,0,0,497276.29,96.45,99.5,93.35,95.46,99.38,95.76,96.9,96.58,4.71,4290.2,1.0151
2021-04-28,2021,4,28,2,2,0,118,96.45,4680.1,1081.0,17.42,17.5,10.3,0,SUP-001,Perera Tea Estates,1,757.4,0,0,470226.67,101.74,100.51,99.5,93.35,101.26,97.14,96.21,96.66,4.3,4283.6,-4.0394
2021-04-29,2021,4,29,3,2,0,119,101.74,4936.4,1086.3,18.95,20.0,11.1,0,SUP-001,Perera Tea Estates,1,771.5,0,0,522814.72,97.94,96.45,100.51,99.5,88.45,100.99,98.11,96.73,3.06,4331.6,5.4847
2021-04-30,2021,4,30,4,2,0,120,97.94,4616.9,1325.1,17.99,18.3,4.1,0,SUP-001,Perera Tea Estates,1,875.2,0,0,476017.73,93.15,101.74,96.45,100.51,99.77,95.37,97.85,96.96,2.97,4305.3,-3.735
2021-05-01,2021,5,1,5,2,1,121,93.15,3419.6,419.4,21.1,16.6,6.5,0,SUP-005,Kandyan Leaf Growers,1,685.9,0,1,327385.08,98.6,97.94,101.74,96.45,95.46,94.31,97.52,96.83,3.38,4285.2,-4.8907
2021-05-02,2021,5,2,6,2,1,122,98.6,3298.1,609.7,16.19,14.7,7.6,0,SUP-004,Highlands Tea Farm,0,0.0,1,1,335063.7,96.75,93.15,97.94,101.74,93.35,102.22,98.27,96.76,2.84,4290.6,5.8508
2021-05-03,2021,5,3,0,2,0,123,96.75,4794.9,1171.6,16.44,15.0,17.0,0,SUP-001,Perera Tea Estates,0,0.0,0,1,483167.68,96.66,98.6,93.15,97.94,99.5,91.73,97.88,96.89,2.83,4352.8,-1.8763
2021-05-04,2021,5,4,1,2,0,124,96.66,4723.9,979.7,19.48,15.9,21.0,0,SUP-001,Perera Tea Estates,1,882.0,0,1,475696.73,98.89,96.75,98.6,93.15,100.51,99.38,97.33,97.05,2.6,4352.8,-0.093
2021-05-05,2021,5,5,2,2,0,125,98.89,5049.8,1167.1,17.36,16.1,16.3,0,SUP-001,Perera Tea Estates,1,838.7,0,1,519635.58,100.19,96.66,96.75,98.6,96.45,101.26,97.68,96.97,2.62,4405.7,2.3071
2021-05-06,2021,5,6,3,2,0,126,100.19,4516.7,1072.0,19.83,16.9,12.5,0,SUP-005,Kandyan Leaf Growers,1,665.6,0,0,473785.93,101.06,98.89,96.66,96.75,101.74,88.45,97.45,97.21,2.26,4345.7,1.3146
2021-05-07,2021,5,7,4,2,0,127,101.06,4485.2,1192.9,18.07,16.2,5.0,0,SUP-004,Highlands Tea Farm,1,511.2,0,0,474830.01,91.01,100.19,98.89,96.66,97.94,99.77,97.9,97.22,2.65,4326.9,0.8684
2021-05-08,2021,5,8,5,2,1,128,91.01,3490.1,466.0,19.13,16.4,49.4,1,SUP-004,Highlands Tea Farm,1,452.1,0,0,326548.58,94.87,101.06,100.19,98.89,93.15,95.46,97.59,96.91,3.33,4337.0,-9.9446
2021-05-09,2021,5,9,6,2,1,129,94.87,3458.7,524.0,20.11,17.1,22.9,0,SUP-003,Nuwara Estates Ltd,0,0.0,0,0,338664.51,94.89,91.01,101.06,100.19,98.6,93.35,97.06,96.82,3.44,4359.9,4.2413
2021-05-10,2021,5,10,0,2,0,130,94.89,4796.8,1191.6,17.98,15.3,0.7,0,SUP-001,Perera Tea Estates,1,905.4,0,0,476593.32,106.46,94.87,91.01,101.06,96.75,99.5,96.8,96.83,3.53,4360.2,0.0211
2021-05-11,2021,5,11,1,2,0,131,106.46,4858.9,1128.3,17.31,17.2,25.1,0,SUP-004,Highlands Tea Farm,1,539.8,0,0,536809.37,97.82,94.89,94.87,91.01,96.66,100.51,98.2,97.31,5.08,4379.5,12.1931
2021-05-12,2021,5,12,2,2,0,132,97.82,4545.7,1175.1,21.01,15.3,7.3,0,SUP-005,Kandyan Leaf Growers,1,701.8,0,0,469349.22,102.06,106.46,94.89,94.87,98.89,96.45,98.04,97.39,5.07,4307.4,-8.1157
2021-05-13,2021,5,13,3,2,0,133,102.06,4651.9,1241.1,17.13,18.9,12.6,0,SUP-005,Kandyan Leaf Growers,1,661.3,0,0,496032.96,97.43,97.82,106.46,94.89,100.19,101.74,98.31,97.6,5.25,4326.8,4.3345
2021-05-14,2021,5,14,4,2,0,134,97.43,4742.5,1085.9,17.95,14.9,5.4,0,SUP-005,Kandyan Leaf Growers,1,713.0,0,0,481553.68,97.64,102.06,97.82,106.46,101.06,97.94,97.79,97.61,5.11,4363.5,-4.5365
2021-05-15,2021,5,15,5,2,1,135,97.64,3468.7,693.0,18.93,18.2,0.6,0,SUP-004,Highlands Tea Farm,1,505.8,0,0,351802.36,97.1,97.43,102.06,97.82,91.01,93.15,98.74,97.5,4.17,4360.5,0.2155
2021-05-16,2021,5,16,6,2,1,136,97.1,3384.6,509.2,15.99,17.4,11.8,0,SUP-004,Highlands Tea Farm,0,0.0,0,0,336786.77,97.8,97.64,97.43,102.06,94.87,98.6,99.06,97.56,3.9,4349.9,-0.5531
2021-05-17,2021,5,17,0,2,0,137,97.8,4756.7,1148.9,18.77,13.6,9.2,0,SUP-004,Highlands Tea Farm,1,472.7,0,0,486770.11,97.44,97.1,97.64,97.43,94.89,96.75,99.47,97.67,3.52,4344.1,0.7209
2021-05-18,2021,5,18,1,2,0,138,97.44,4502.5,1170.2,18.08,15.8,22.5,0,SUP-003,Nuwara Estates Ltd,1,750.1,0,0,459880.82,101.62,97.8,97.1,97.64,106.46,96.66,98.18,97.51,1.73,4293.2,-0.3681
2021-05-19,2021,5,19,2,2,0,139,101.62,4360.0,1183.3,16.94,16.7,33.5,1,SUP-001,Perera Tea Estates,1,801.2,0,0,463108.3,97.82,97.44,97.8,97.1,97.82,98.89,98.73,97.84,2.14,4266.7,4.2898
2021-05-20,2021,5,20,3,2,0,140,97.82,4748.4,1086.4,19.24,13.4,15.5,0,SUP-005,Kandyan Leaf Growers,0,0.0,0,0,485390.82,96.95,101.62,97.44,97.8,102.06,100.19,98.12,97.79,1.56,4280.5,-3.7394
2021-05-21,2021,5,21,4,2,0,141,96.95,4879.1,1142.1,17.77,15.3,11.3,0,SUP-003,Nuwara Estates Ltd,1,642.7,0,0,493323.86,101.8,97.82,101.62,97.44,97.43,101.06,98.05,97.65,1.61,4300.0,-0.8894
2021-05-22,2021,5,22,5,2,1,142,101.8,3459.4,490.8,16.05,12.1,8.6,0,SUP-003,Nuwara Estates Ltd,1,715.7,0,0,360044.26,92.07,96.95,97.82,101.62,97.64,91.01,98.65,98.09,2.12,4298.7,5.0026
2021-05-23,2021,5,23,6,2,1,143,92.07,3230.9,464.0,18.64,14.7,0.4,0,SUP-001,Perera Tea Estates,0,0.0,1,0,306117.92,99.57,101.8,96.95,97.82,97.1,94.87,97.93,97.83,3.27,4276.7,-9.558
2021-05-24,2021,5,24,0,2,0,144,99.57,4773.0,1127.3,17.49,16.2,46.6,1,SUP-002,Silva Green Leaves,1,742.2,0,0,494964.09,100.06,92.07,101.8,96.95,97.8,94.89,98.18,97.97,3.33,4279.0,8.146
2021-05-25,2021,5,25,1,2,0,145,100.06,4520.2,1093.9,19.34,14.5,0.2,0,SUP-004,Highlands Tea Farm,1,643.9,0,0,473447.24,99.91,99.57,92.07,101.8,97.44,106.46,98.56,98.2,3.38,4281.6,0.4921
2021-05-26,2021,5,26,2,2,0,146,99.91,4595.4,1086.9,17.46,14.7,2.6,0,SUP-003,Nuwara Estates Ltd,1,737.7,0,0,478103.69,96.45,100.06,99.57,92.07,101.62,97.82,98.31,98.21,3.17,4315.2,-0.1499
2021-05-27,2021,5,27,3,2,0,147,96.45,4569.6,1049.7,17.53,15.8,17.7,0,SUP-002,Silva Green Leaves,1,706.3,0,0,459139.16,100.14,99.91,100.06,99.57,97.82,102.06,98.12,98.07,3.25,4289.7,-3.4631
2021-05-28,2021,5,28,4,2,0,148,100.14,4532.3,1204.1,17.55,15.4,24.1,0,SUP-005,Kandyan Leaf Growers,1,799.0,0,0,474996.48,95.72,96.45,99.91,100.06,96.95,97.43,98.57,98.2,3.28,4240.1,3.8258
2021-05-29,2021,5,29,5,2,1,149,95.72,3209.6,561.5,20.57,16.4,20.9,0,SUP-002,Silva Green Leaves,1,645.0,0,0,318772.97,98.35,100.14,96.45,99.91,101.8,97.64,97.7,98.0,3.08,4204.4,-4.4138
2021-05-30,2021,5,30,6,2,1,150,98.35,3211.8,585.2,21.21,16.3,21.7,0,SUP-005,Kandyan Leaf Growers,0,0.0,1,0,328292.62,101.36,95.72,100.14,96.45,92.07,97.1,98.6,98.01,1.83,4201.7,2.7476
2021-05-31,2021,5,31,0,2,0,151,101.36,4551.6,1156.1,17.13,13.5,4.4,0,SUP-005,Kandyan Leaf Growers,1,562.3,0,0,481154.17,98.89,98.35,95.72,100.14,99.57,97.8,98.86,98.28,2.1,4170.1,3.0605
2021-06-01,2021,6,1,1,2,0,152,98.89,4635.7,1077.3,20.29,12.9,33.0,1,SUP-001,Perera Tea Estates,1,821.8,0,1,480282.79,102.17,101.36,98.35,95.72,100.06,97.44,98.69,98.29,2.03,4186.6,-2.4369
2021-06-02,2021,6,2,2,2,0,153,102.17,4371.9,1116.0,18.82,13.5,14.8,0,SUP-004,Highlands Tea Farm,1,377.8,0,1,467680.14,104.54,98.89,101.36,98.35,99.91,101.62,99.01,98.47,2.4,4154.6,3.3168
2021-06-03,2021,6,3,3,2,0,154,104.54,4761.6,1207.3,18.63,12.0,1.7,0,SUP-003,Nuwara Estates Ltd,1,754.3,0,1,520269.66,100.58,102.17,98.89,101.36,96.45,97.82,100.17,98.74,2.87,4182.1,2.3197
2021-06-04,2021,6,4,4,2,0,155,100.58,4520.1,1254.2,19.11,14.6,2.1,0,SUP-003,Nuwara Estates Ltd,0,0.0,0,1,478599.42,103.75,104.54,102.17,98.89,100.14,96.95,100.23,98.79,2.87,4180.3,-3.788
2021-06-05,2021,6,5,5,2,1,156,103.75,3316.6,583.1,19.06,14.6,20.4,0,SUP-001,Perera Tea Estates,0,0.0,0,1,355211.14,95.73,100.58,104.54,102.17,95.72,101.8,101.38,98.91,2.32,4195.6,3.1517
2021-06-06,2021,6,6,6,2,1,157,95.73,3738.8,546.1,17.81,14.8,4.1,0,SUP-003,Nuwara Estates Ltd,0,0.0,0,0,367641.37,104.78,103.75,100.58,104.54,98.35,92.07,101.0,98.73,3.0,4270.9,-7.7301
2021-06-07,2021,6,7,0,2,0,158,104.78,4786.0,1101.1,18.29,10.5,53.6,1,SUP-005,Kandyan Leaf Growers,1,655.0,0,0,521616.2,102.06,95.73,103.75,100.58,101.36,99.57,101.49,99.19,3.33,4304.4,9.4537
2021-06-08,2021,6,8,1,2,0,159,102.06,4285.7,1144.7,18.02,12.7,5.8,0,SUP-003,Nuwara Estates Ltd,0,0.0,0,0,458026.04,105.25,104.78,95.73,103.75,98.89,100.06,101.94,99.43,3.12,4254.4,-2.5959
2021-06-09,2021,6,9,2,2,0,160,105.25,4541.0,1105.9,19.46,12.9,22.4,0,SUP-005,Kandyan Leaf Growers,1,695.5,0,0,499461.06,104.44,102.06,104.78,95.73,102.17,99.91,102.38,99.78,3.37,4278.5,3.1256
2021-06-10,2021,6,10,3,2,0,161,104.44,4365.4,1256.8,19.57,13.7,16.3,0,SUP-001,Perera Tea Estates,1,823.8,0,0,480517.95,104.59,105.25,102.06,104.78,104.54,96.45,102.37,99.71,3.36,4221.9,-0.7696
2021-06-11,2021,6,11,4,2,0,162,104.59,4845.7,1089.2,19.29,13.9,9.0,0,SUP-001,Perera Tea Estates,1,871.5,0,0,527822.43,96.69,104.44,105.25,102.06,100.58,100.14,102.94,99.94,3.34,4268.5,0.1436
2021-06-12,2021,6,12,5,2,1,163,96.69,3145.5,563.3,17.69,12.2,9.6,0,SUP-002,Silva Green Leaves,1,547.4,0,0,314103.17,101.33,104.59,104.44,105.25,103.75,95.72,101.93,99.76,4.05,4244.0,-7.5533
2021-06-13,2021,6,13,6,2,1,164,101.33,3445.2,516.6,18.41,13.1,2.4,0,SUP-005,Kandyan Leaf Growers,0,0.0,0,0,358612.72,103.62,96.69,104.59,104.44,95.73,98.35,102.73,99.89,3.05,4202.1,4.7988
2021-06-14,2021,6,14,0,2,0,165,103.62,4833.9,1236.3,17.37,14.6,3.3,0,SUP-004,Highlands Tea Farm,1,485.7,0,0,522363.25,101.69,101.33,96.69,104.59,104.78,101.36,102.57,100.09,2.95,4208.9,2.2599
2021-06-15,2021,6,15,1,2,0,166,101.69,4644.5,1125.7,18.36,14.8,42.5,1,SUP-002,Silva Green Leaves,1,662.7,0,0,492967.06,100.04,103.62,101.33,96.69,102.06,98.89,102.52,100.24,2.96,4260.2,-1.8626
2021-06-16,2021,6,16,2,2,0,167,100.04,4783.3,1205.2,16.69,13.5,18.0,0,SUP-003,Nuwara Estates Ltd,1,789.1,0,0,498636.12,98.93,101.69,103.62,101.33,105.25,102.17,101.77,100.31,2.81,4294.8,-1.6226
2021-06-17,2021,6,17,3,2,0,168,98.93,4305.7,1141.5,18.85,13.5,4.3,0,SUP-001,Perera Tea Estates,1,813.8,1,0,447480.18,108.3,100.04,101.69,103.62,104.44,104.54,100.98,100.36,2.71,4286.3,-1.1096
2021-06-18,2021,6,18,4,2,0,169,108.3,4572.7,1200.1,16.9,11.3,6.2,0,SUP-002,Silva Green Leaves,1,710.6,0,0,515505.1,102.53,98.93,100.04,101.69,104.59,100.58,101.51,100.59,3.71,4247.3,9.4713
2021-06-19,2021,6,19,5,2,1,170,102.53,3388.3,382.5,18.47,12.0,18.3,0,SUP-001,Perera Tea Estates,1,887.6,0,0,354467.17,101.51,108.3,98.93,100.04,96.69,103.75,102.35,100.74,3.04,4281.9,-5.3278
2021-06-20,2021,6,20,6,2,1,171,101.51,3287.0,534.5,20.34,16.3,8.8,0,SUP-004,Highlands Tea Farm,0,0.0,0,0,344535.1,106.37,102.53,108.3,98.93,101.33,95.73,102.37,100.9,3.03,4259.3,-0.9948
2021-06-21,2021,6,21,0,2,0,172,106.37,4386.6,1145.4,18.73,13.7,0.3,0,SUP-004,Highlands Tea Farm,1,448.7,0,0,488055.98,103.96,101.51,102.53,108.3,103.62,104.78,102.77,101.05,3.38,4195.4,4.7877
2021-06-22,2021,6,22,1,2,0,173,103.96,4577.9,982.9,18.65,13.4,7.7,0,SUP-005,Kandyan Leaf Growers,1,687.0,0,0,494249.57,110.26,106.37,101.51,102.53,101.69,102.06,103.09,101.44,3.37,4185.9,-2.2657
2021-06-23,2021,6,23,2,2,0,174,110.26,4565.0,1115.5,16.63,11.3,27.1,0,SUP-002,Silva Green Leaves,1,641.1,0,0,521887.66,107.52,103.96,106.37,101.51,100.04,105.25,104.55,101.8,3.98,4154.7,6.06
2021-06-24,2021,6,24,3,2,0,175,107.52,4494.5,1117.2,19.6,10.8,5.6,0,SUP-003,Nuwara Estates Ltd,1,662.5,0,0,505145.76,103.63,110.26,103.96,106.37,98.93,104.44,105.78,102.05,3.21,4181.7,-2.485
2021-06-25,2021,6,25,4,2,0,176,103.63,4273.6,1134.7,17.86,11.8,6.4,0,SUP-005,Kandyan Leaf Growers,1,893.4,0,0,463138.91,105.8,107.52,110.26,103.96,108.3,104.59,105.11,102.17,3.08,4139.0,-3.6179
2021-06-26,2021,6,26,5,2,1,177,105.8,3264.8,481.5,18.71,13.6,0.6,0,SUP-001,Perera Tea Estates,1,905.5,0,0,354424.7,104.8,103.63,107.52,110.26,102.53,96.69,105.58,102.48,2.87,4121.3,2.094
2021-06-27,2021,6,27,6,2,1,178,104.8,3486.6,609.1,19.21,10.4,43.8,1,SUP-001,Perera Tea Estates,0,0.0,0,0,377096.49,106.68,105.8,103.63,107.52,101.51,101.33,106.05,102.64,2.3,4149.9,-0.9452
2021-06-28,2021,6,28,0,2,0,179,106.68,4439.6,1115.6,18.58,11.9,60.3,1,SUP-003,Nuwara Estates Ltd,1,662.1,1,0,494344.38,103.63,104.8,105.8,103.63,106.37,103.62,106.09,103.01,2.31,4157.4,1.7939
2021-06-29,2021,6,29,1,2,0,180,103.63,4438.4,992.1,19.04,13.2,49.7,1,SUP-003,Nuwara Estates Ltd,1,699.9,0,0,478840.98,107.31,106.68,104.8,105.8,103.96,101.69,106.05,103.18,2.37,4137.5,-2.859
2021-06-30,2021,6,30,2,2,0,181,107.31,4633.4,1187.1,17.06,14.0,46.6,1,SUP-001,Perera Tea Estates,1,803.7,0,0,517462.08,104.49,103.63,106.68,104.8,110.26,100.04,105.62,103.38,1.64,4147.3,3.5511
2021-07-01,2021,7,1,3,3,0,182,104.49,4597.3,1095.0,19.66,14.5,8.2,0,SUP-001,Perera Tea Estates,1,824.4,0,1,501899.58,101.15,107.31,103.63,106.68,107.52,98.93,105.19,103.57,1.45,4162.0,-2.6279
2021-07-02,2021,7,2,4,3,0,183,101.15,4242.0,1113.7,18.59,11.2,1.5,0,SUP-003,Nuwara Estates Ltd,1,663.3,0,1,449781.98,102.43,104.49,107.31,103.63,103.63,108.3,104.84,103.53,2.07,4157.4,-3.1965
2021-07-03,2021,7,3,5,3,1,184,102.43,3317.4,601.9,18.31,11.7,30.6,1,SUP-004,Highlands Tea Farm,1,562.6,0,1,350822.07,104.77,101.15,104.49,107.31,105.8,102.53,104.36,103.46,2.19,4165.0,1.2654
2021-07-04,2021,7,4,6,3,1,185,104.77,3407.1,661.3,19.47,9.7,5.4,0,SUP-002,Silva Green Leaves,0,0.0,0,1,369837.38,108.93,102.43,101.15,104.49,104.8,101.51,104.35,103.6,2.19,4153.6,2.2845
2021-07-05,2021,7,5,0,3,0,186,108.93,4406.6,1224.7,17.57,12.1,2.2,0,SUP-001,Perera Tea Estates,1,775.6,0,1,501528.92,107.06,104.77,102.43,101.15,106.68,106.37,104.67,103.77,2.7,4148.9,3.9706
2021-07-06,2021,7,6,1,3,0,187,107.06,4216.1,1104.6,18.65,11.5,10.1,0,SUP-003,Nuwara Estates Ltd,1,871.1,0,0,471976.46,103.1,108.93,104.77,102.43,103.63,103.96,105.16,104.15,2.79,4117.1,-1.7167
2021-07-07,2021,7,7,2,3,0,188,103.1,4562.4,1040.0,18.59,12.5,18.8,0,SUP-003,Nuwara Estates Ltd,1,727.6,0,0,489717.04,107.26,107.06,108.93,104.77,107.31,110.26,104.56,104.1,2.7,4107.0,-3.6989
2021-07-08,2021,7,8,3,3,0,189,107.26,4370.6,1269.9,19.21,13.0,1.4,0,SUP-001,Perera Tea Estates,1,889.0,0,0,493185.34,103.88,103.1,107.06,108.93,104.49,107.52,104.96,104.27,2.88,4074.6,4.0349
2021-07-09,2021,7,9,4,3,0,190,103.88,4645.7,1240.1,17.4,12.9,6.8,0,SUP-002,Silva Green Leaves,1,645.0,1,0,504173.06,101.28,107.26,103.1,107.06,101.15,103.63,105.35,104.22,2.43,4132.3,-3.1512
2021-07-10,2021,7,10,5,3,1,191,101.28,3260.5,552.3,17.94,15.3,3.7,0,SUP-004,Highlands Tea Farm,0,0.0,0,0,340131.7,107.19,103.88,107.26,103.1,102.43,105.8,105.18,104.12,2.69,4124.1,-2.5029
2021-07-11,2021,7,11,6,3,1,192,107.19,3431.1,589.3,18.02,11.5,1.2,0,SUP-001,Perera Tea Estates,0,0.0,0,0,378398.8,101.7,101.28,103.88,107.26,104.77,104.8,105.53,104.2,2.78,4127.6,5.8353
2021-07-12,2021,7,12,0,3,0,193,101.7,4558.1,1007.4,18.37,11.7,20.0,0,SUP-003,Nuwara Estates Ltd,1,743.3,0,0,482064.71,108.22,107.19,101.28,103.88,108.93,106.68,104.5,104.37,2.64,4149.2,-5.1217
2021-07-13,2021,7,13,1,3,0,194,108.22,4301.3,1072.5,18.96,10.8,26.2,0,SUP-001,Perera Tea Estates,1,822.7,0,0,485821.29,104.15,101.7,107.19,101.28,107.06,103.63,104.66,104.6,2.86,4161.4,6.411
2021-07-14,2021,7,14,2,3,0,195,104.15,4574.3,1094.8,15.73,14.7,14.5,0,SUP-002,Silva Green Leaves,0,0.0,0,0,493634.55,111.03,108.22,101.7,107.19,103.1,107.31,104.81,104.62,2.79,4163.1,-3.7609
2021-07-15,2021,7,15,3,3,0,196,111.03,4725.5,1108.2,18.57,11.7,30.8,1,SUP-003,Nuwara Estates Ltd,1,699.1,0,0,545251.54,102.93,104.15,108.22,101.7,107.26,104.49,105.35,104.93,3.59,4213.8,6.6059
2021-07-16,2021,7,16,4,3,0,197,102.93,4467.6,1145.7,18.88,11.9,24.3,0,SUP-002,Silva Green Leaves,1,677.8,0,0,481480.88,105.31,111.03,104.15,108.22,103.88,101.15,105.21,105.03,3.67,4188.3,-7.2953
2021-07-17,2021,7,17,5,3,1,198,105.31,3470.8,476.1,18.86,12.6,6.6,0,SUP-002,Silva Green Leaves,1,589.2,0,0,374489.19,108.94,102.93,111.03,104.15,101.28,102.43,105.79,105.24,3.24,4218.4,2.3123
2021-07-18,2021,7,18,6,3,1,199,108.94,3121.7,454.6,14.8,11.6,13.2,0,SUP-003,Nuwara Estates Ltd,0,0.0,0,0,346806.08,105.49,105.31,102.93,111.03,107.19,104.77,106.04,105.26,3.43,4174.2,3.447
2021-07-19,2021,7,19,0,3,0,200,105.49,4690.7,1290.4,18.51,12.5,0.8,0,SUP-004,Highlands Tea Farm,0,0.0,0,0,518707.25,110.7,108.94,105.31,102.93,101.7,108.93,106.58,105.36,2.89,4193.1,-3.1669
2021-07-20,2021,7,20,1,3,0,201,110.7,4443.6,1159.9,16.0,11.4,19.3,0,SUP-001,Perera Tea Estates,1,914.7,0,0,510464.92,100.89,105.49,108.94,105.31,108.22,107.06,106.94,105.67,3.25,4213.5,4.9389
2021-07-21,2021,7,21,2,3,0,202,100.89,4266.0,1114.1,20.3,12.7,3.9,0,SUP-002,Silva Green Leaves,1,647.3,1,0,453012.97,109.93,110.7,105.49,108.94,104.15,103.1,106.47,105.48,3.89,4169.4,-8.8618
2021-07-22,2021,7,22,3,3,0,203,109.93,4506.8,1115.2,19.1,8.5,7.9,0,SUP-003,Nuwara Estates Ltd,0,0.0,0,0,516732.84,105.36,100.89,110.7,105.49,111.03,107.26,106.31,105.68,3.69,4138.2,8.9603
2021-07-23,2021,7,23,4,3,0,204,105.36,4676.2,957.9,18.3,11.7,13.2,0,SUP-005,Kandyan Leaf Growers,1,678.3,0,0,510214.0,105.54,109.93,100.89,110.7,102.93,103.88,106.66,105.52,3.43,4168.0,-4.1572
2021-07-24,2021,7,24,5,3,1,205,105.54,3212.0,682.4,20.01,14.8,9.8,0,SUP-003,Nuwara Estates Ltd,1,750.6,0,0,352649.3,102.91,105.36,109.93,100.89,105.31,101.28,106.69,105.45,3.41,4131.0,0.1708
2021-07-25,2021,7,25,6,3,1,206,102.91,3227.5,541.8,18.93,14.7,10.1,0,SUP-002,Silva Green Leaves,0,0.0,0,0,342398.3,102.35,105.54,105.36,109.93,108.94,107.19,105.83,105.43,3.51,4146.1,-2.4919
2021-07-26,2021,7,26,0,3,0,207,102.35,4265.4,1093.7,17.57,10.3,0.6,0,SUP-003,Nuwara Estates Ltd,1,742.0,0,0,455780.0,106.26,102.91,105.54,105.36,105.49,101.7,105.38,105.31,3.75,4085.4,-0.5442
2021-07-27,2021,7,27,1,3,0,208,106.26,4310.0,1214.3,18.22,11.5,7.0,0,SUP-003,Nuwara Estates Ltd,1,680.0,0,0,480105.15,111.6,102.35,102.91,105.54,110.7,108.22,104.75,105.36,3.0,4066.3,3.8202
2021-07-28,2021,7,28,2,3,0,209,111.6,4227.5,1022.4,16.38,9.9,12.1,0,SUP-002,Silva Green Leaves,1,509.0,0,0,488535.91,107.15,106.26,102.35,102.91,100.89,104.15,106.28,105.53,3.41,4060.8,5.0254
2021-07-29,2021,7,29,3,3,0,210,107.15,4362.3,1211.5,17.88,12.3,13.6,0,SUP-001,Perera Tea Estates,1,757.5,0,0,489082.07,110.38,111.6,106.26,102.35,109.93,111.03,105.88,105.64,3.06,4040.1,-3.9875
2021-07-30,2021,7,30,4,3,0,211,110.38,4424.1,1263.2,18.79,10.8,16.9,0,SUP-003,Nuwara Estates Ltd,0,0.0,0,0,512067.69,105.8,107.15,111.6,106.26,105.36,102.93,106.6,105.75,3.48,4004.1,3.0145
2021-07-31,2021,7,31,5,3,1,212,105.8,3250.6,524.2,17.2,12.6,21.3,0,SUP-002,Silva Green Leaves,1,546.6,0,0,352929.72,105.63,110.38,107.15,111.6,105.54,105.31,106.64,105.79,3.46,4009.6,-4.1493
2021-08-01,2021,8,1,6,3,1,213,105.63,3098.4,538.9,17.01,13.2,4.9,0,SUP-001,Perera Tea Estates,0,0.0,0,1,336450.68,108.22,105.8,110.38,107.15,102.91,108.94,107.02,105.94,3.11,3991.2,-0.1607
2021-08-02,2021,8,2,0,3,0,214,108.22,4531.1,1162.8,18.91,13.4,6.6,0,SUP-001,Perera Tea Estates,1,762.2,0,1,512344.19,110.13,105.63,105.8,110.38,102.35,105.49,107.86,106.13,2.34,4029.1,2.452
2021-08-03,2021,8,3,1,3,0,215,110.13,4720.9,1094.1,16.84,13.7,1.4,0,SUP-002,Silva Green Leaves,1,528.7,0,1,538337.36,110.62,108.22,105.63,105.8,106.26,110.7,108.42,106.31,2.35,4087.8,1.7649
2021-08-04,2021,8,4,2,3,0,216,110.62,4411.6,1111.4,20.42,11.3,13.1,0,SUP-004,Highlands Tea Farm,1,531.5,0,1,510705.98,106.81,110.13,108.22,105.63,111.6,100.89,108.28,106.37,2.15,4114.1,0.4449
2021-08-05,2021,8,5,3,3,0,217,106.81,4421.3,1105.3,18.26,11.9,11.7,0,SUP-003,Nuwara Estates Ltd,1,766.6,1,1,492421.83,108.4,110.62,110.13,108.22,107.15,109.93,108.23,106.36,2.18,4122.6,-3.4442
2021-08-06,2021,8,6,4,3,0,218,108.4,4575.4,1190.8,18.37,9.8,0.5,0,SUP-004,Highlands Tea Farm,0,0.0,0,0,517848.36,107.61,106.81,110.62,110.13,110.38,105.36,107.94,106.54,1.98,4144.2,1.4886
2021-08-07,2021,8,7,5,3,1,219,107.61,3296.8,634.2,17.16,15.2,5.5,0,SUP-003,Nuwara Estates Ltd,1,783.7,0,0,365651.52,105.22,108.4,106.81,110.62,105.8,105.54,108.2,106.55,1.76,4150.8,-0.7288
2021-08-08,2021,8,8,6,3,1,220,105.22,3329.4,623.2,19.71,9.7,5.0,0,SUP-004,Highlands Tea Farm,0,0.0,0,0,362602.74,106.13,107.61,108.4,106.81,105.63,102.91,108.14,106.59,1.86,4183.8,-2.221
2021-08-09,2021,8,9,0,3,0,221,106.13,4176.5,1195.9,18.89,12.1,21.9,0,SUP-003,Nuwara Estates Ltd,1,691.9,0,0,465842.5,106.4,105.22,107.61,108.4,108.22,102.35,107.85,106.75,2.01,4133.1,0.8649
2021-08-10,2021,8,10,1,3,0,222,106.4,4323.1,1113.5,20.59,9.6,4.6,0,SUP-002,Silva Green Leaves,0,0.0,0,0,482904.81,104.2,106.13,105.22,107.61,110.13,106.26,107.31,106.73,1.78,4076.3,0.2544
2021-08-11,2021,8,11,2,3,0,223,104.2,4009.5,1214.7,19.96,10.1,2.1,0,SUP-001,Perera Tea Estates,1,742.3,0,0,442035.31,110.81,106.4,106.13,105.22,110.62,111.6,106.4,106.81,1.41,4018.9,-2.0677
2021-08-12,2021,8,12,3,3,0,224,110.81,4496.4,1238.7,17.69,12.0,7.9,0,SUP-003,Nuwara Estates Ltd,1,716.8,0,0,520158.69,107.32,104.2,106.4,106.13,106.81,107.15,106.97,106.9,2.2,4029.6,6.3436
2021-08-13,2021,8,13,4,3,0,225,107.32,4520.5,1186.4,20.51,11.9,4.2,0,SUP-004,Highlands Tea Farm,1,486.2,0,0,509473.12,108.49,110.81,104.2,106.4,108.4,110.38,106.81,107.0,2.12,4021.7,-3.1495
2021-08-14,2021,8,14,5,3,1,226,108.49,3006.0,507.0,15.27,11.1,0.5,0,SUP-003,Nuwara Estates Ltd,1,785.9,0,0,333862.83,110.09,107.32,110.81,104.2,107.61,105.8,106.94,106.92,2.2,3980.2,1.0902
2021-08-15,2021,8,15,6,3,1,227,110.09,3313.2,556.5,20.65,11.5,4.4,0,SUP-004,Highlands Tea Farm,0,0.0,0,0,376241.91,103.24,108.49,107.32,110.81,105.22,105.63,107.63,107.16,2.33,3977.9,1.4748
2021-08-16,2021,8,16,0,3,0,228,103.24,4653.4,1104.9,18.23,11.8,0.9,0,SUP-005,Kandyan Leaf Growers,1,643.0,0,0,500559.34,110.92,110.09,108.49,107.32,106.13,108.22,107.22,107.09,2.84,4046.0,-6.2222
2021-08-17,2021,8,17,1,3,0,229,110.92,4383.4,1203.6,17.64,10.7,12.7,0,SUP-002,Silva Green Leaves,1,487.0,0,0,507438.23,105.31,103.24,110.09,108.49,106.4,110.13,107.87,107.15,3.12,4054.6,7.439
2021-08-18,2021,8,18,2,3,0,230,105.31,4556.6,1217.9,19.51,11.1,9.6,0,SUP-005,Kandyan Leaf Growers,1,726.9,0,0,503616.78,105.77,110.92,103.24,110.09,104.2,110.62,108.03,107.15,2.93,4132.8,-5.0577
2021-08-19,2021,8,19,3,3,0,231,105.77,4195.0,1015.2,19.86,11.9,2.1,0,SUP-005,Kandyan Leaf Growers,1,559.0,0,0,463867.02,107.24,105.31,110.92,103.24,110.81,106.81,107.31,106.98,2.74,4089.7,0.4368
2021-08-20,2021,8,20,4,3,0,232,107.24,4185.4,1305.1,18.44,13.5,3.6,0,SUP-002,Silva Green Leaves,1,523.0,0,0,472908.34,102.67,105.77,105.31,110.92,107.32,108.4,107.29,107.19,2.74,4041.9,1.3898
2021-08-21,2021,8,21,5,3,1,233,102.67,3430.4,673.7,20.27,13.3,1.9,0,SUP-001,Perera Tea Estates,1,873.5,0,0,365855.07,101.1,107.24,105.77,105.31,108.49,107.61,106.46,106.95,3.17,4102.5,-4.2615
2021-08-22,2021,8,22,6,3,1,234,101.1,3037.0,536.7,21.04,12.7,0.9,0,SUP-002,Silva Green Leaves,0,0.0,0,0,318332.87,106.73,102.67,107.24,105.77,110.09,105.22,105.18,106.81,3.27,4063.0,-1.5292
2021-08-23,2021,8,23,0,3,0,235,106.73,4331.3,1182.4,18.94,13.3,0.4,0,SUP-001,Perera Tea Estates,0,0.0,0,0,484674.31,110.17,101.1,102.67,107.24,103.24,106.13,105.68,106.85,3.19,4017.0,5.5687
2021-08-24,2021,8,24,1,3,0,236,110.17,4540.2,1126.3,18.27,11.0,2.4,0,SUP-002,Silva Green Leaves,1,587.1,0,0,520771.34,105.26,106.73,101.1,102.67,110.92,106.4,105.57,107.09,2.99,4039.4,3.2231
2021-08-25,2021,8,25,2,3,0,237,105.26,4340.3,1215.5,17.48,11.5,8.9,0,SUP-005,Kandyan Leaf Growers,1,725.9,0,0,478106.92,100.8,110.17,106.73,101.1,105.31,104.2,105.56,107.19,3.0,4008.5,-4.4567
2021-08-26,2021,8,26,3,3,0,238,100.8,4722.7,1098.5,20.28,11.2,4.2,0,SUP-003,Nuwara Estates Ltd,1,671.8,0,0,498325.74,104.21,105.26,110.17,106.73,105.77,110.81,104.85,107.01,3.49,4083.9,-4.2371
2021-08-27,2021,8,27,4,3,0,239,104.21,4075.7,1162.8,17.13,11.9,3.8,0,SUP-002,Silva Green Leaves,1,657.1,0,0,444647.46,107.77,100.8,105.26,110.17,107.24,107.32,104.42,106.76,3.33,4068.2,3.3829
2021-08-28,2021,8,28,5,3,1,240,107.77,2751.0,534.9,19.15,12.9,2.3,0,SUP-002,Silva Green Leaves,1,633.6,0,0,306718.6,104.06,104.21,100.8,105.26,102.67,108.49,105.15,106.78,3.43,3971.2,3.4162
2021-08-29,2021,8,29,6,3,1,241,104.06,3028.2,507.9,17.44,11.2,5.4,0,SUP-001,Perera Tea Estates,0,0.0,0,0,323972.27,103.95,107.77,104.21,100.8,101.1,110.09,105.57,106.57,3.01,3969.9,-3.4425
2021-08-30,2021,8,30,0,3,0,242,103.95,4298.2,1193.3,19.67,12.2,1.6,0,SUP-003,Nuwara Estates Ltd,1,691.8,0,0,470270.1,103.64,104.06,107.77,104.21,106.73,103.24,105.17,106.51,3.01,3965.2,-0.1057
2021-08-31,2021,8,31,1,3,0,243,103.64,4251.5,1200.4,18.9,13.8,14.7,0,SUP-001,Perera Tea Estates,1,906.3,1,0,463313.02,100.73,103.95,104.06,107.77,110.17,110.92,104.24,106.44,2.07,3923.9,-0.2982
2021-09-01,2021,9,1,2,3,0,244,100.73,4553.2,1199.1,18.94,13.1,0.6,0,SUP-002,Silva Green Leaves,1,486.1,0,1,481354.79,107.98,103.64,103.95,104.06,105.26,105.31,103.59,106.19,2.39,3954.4,-2.8078
2021-09-02,2021,9,2,3,3,0,245,107.98,4373.6,1194.8,17.95,13.1,6.2,0,SUP-004,Highlands Tea Farm,1,498.1,0,1,493707.99,104.85,100.73,103.64,103.95,100.8,105.77,104.62,106.12,2.52,3904.5,7.1975
2021-09-03,2021,9,3,4,3,0,246,104.85,4364.5,1172.2,17.92,11.6,0.2,0,SUP-004,Highlands Tea Farm,1,529.3,0,1,478623.65,104.25,107.98,100.73,103.64,104.21,107.24,104.71,105.93,2.52,3945.7,-2.8987
2021-09-04,2021,9,4,5,3,1,247,104.25,3198.8,477.7,18.85,15.6,8.4,0,SUP-002,Silva Green Leaves,1,660.5,0,1,342479.55,108.68,104.85,107.98,100.73,107.77,102.67,104.21,105.84,2.13,4009.7,-0.5722
2021-09-05,2021,9,5,6,3,1,248,108.68,3272.6,435.8,19.23,14.6,2.7,0,SUP-005,Kandyan Leaf Growers,0,0.0,0,1,364046.6,96.55,104.25,104.85,107.98,104.06,101.1,104.87,105.85,2.71,4044.6,4.2494
2021-09-06,2021,9,6,0,3,0,249,96.55,4379.4,1193.9,19.35,13.3,2.4,0,SUP-001,Perera Tea Estates,1,784.9,0,0,445933.04,105.04,108.68,104.25,104.85,103.95,106.73,103.81,105.48,4.18,4056.2,-11.1612
2021-09-07,2021,9,7,1,3,0,250,105.04,4402.1,1118.9,17.39,13.7,9.4,0,SUP-002,Silva Green Leaves,1,725.1,0,0,481854.26,104.05,96.55,108.68,104.25,103.64,110.17,104.01,105.48,4.2,4077.7,8.7934
2021-09-08,2021,9,8,2,3,0,251,104.05,4490.7,1136.4,17.45,15.6,4.9,0,SUP-001,Perera Tea Estates,1,820.4,0,0,487087.51,109.52,105.04,96.55,108.68,100.73,105.26,104.49,105.41,3.95,4068.8,-0.9425
2021-09-09,2021,9,9,3,3,0,252,109.52,4285.7,1062.9,19.76,15.6,4.2,0,SUP-003,Nuwara Estates Ltd,1,706.1,0,0,490372.77,103.8,104.05,105.04,96.55,107.98,100.8,104.71,105.51,4.21,4056.3,5.2571
2021-09-10,2021,9,10,4,3,0,253,103.8,4258.0,1240.2,17.46,9.4,5.3,0,SUP-001,Perera Tea Estates,1,838.9,0,0,463634.29,96.77,109.52,104.05,105.04,104.85,104.21,104.56,105.5,4.22,4041.0,-5.2228
2021-09-11,2021,9,11,5,3,1,254,96.77,3042.1,592.7,18.79,13.4,0.6,0,SUP-002,Silva Green Leaves,1,704.1,0,0,305520.85,100.93,103.8,109.52,104.05,104.25,107.77,103.49,105.03,5.15,4018.7,-6.7726
2021-09-12,2021,9,12,6,3,1,255,100.93,3250.0,660.4,21.31,11.8,0.5,0,SUP-005,Kandyan Leaf Growers,0,0.0,1,0,342095.62,102.12,96.77,103.8,109.52,108.68,104.06,102.38,104.82,4.66,4015.4,4.2989
2021-09-13,2021,9,13,0,3,0,256,102.12,4458.4,1215.1,18.09,12.8,2.9,0,SUP-001,Perera Tea Estates,0,0.0,0,0,477272.97,106.72,100.93,96.77,103.8,96.55,103.95,103.18,104.61,3.92,4026.7,1.179
2021-09-14,2021,9,14,1,3,0,257,106.72,4406.3,1097.3,14.26,15.1,0.9,0,SUP-003,Nuwara Estates Ltd,1,733.8,0,0,485887.83,103.56,102.12,100.93,96.77,105.04,103.64,103.42,104.49,4.1,4027.3,4.5045
2021-09-15,2021,9,15,2,3,0,258,103.56,4315.2,1132.6,17.59,11.5,1.4,0,SUP-003,Nuwara Estates Ltd,1,733.1,0,0,466804.55,99.11,106.72,102.12,100.93,104.05,100.73,103.35,104.51,4.09,4002.2,-2.961
2021-09-16,2021,9,16,3,3,0,259,99.11,4411.6,1187.6,19.6,16.0,3.6,0,SUP-001,Perera Tea Estates,1,807.1,1,0,460510.64,101.6,103.56,106.72,102.12,109.52,107.98,101.86,104.11,3.28,4020.2,-4.297
2021-09-17,2021,9,17,4,3,0,260,101.6,4328.4,1140.5,18.51,16.8,1.8,0,SUP-003,Nuwara Estates Ltd,1,772.2,0,0,460876.1,97.68,99.11,103.56,106.72,103.8,104.85,101.54,103.99,3.17,4030.3,2.5124
2021-09-18,2021,9,18,5,3,1,261,97.68,2835.2,563.6,19.04,13.5,1.3,0,SUP-001,Perera Tea Estates,1,813.1,0,0,287673.28,91.93,101.6,99.11,103.56,96.77,104.25,101.67,103.72,2.95,4000.7,-3.8583
2021-09-19,2021,9,19,6,3,1,262,91.93,3179.9,624.7,16.62,14.1,13.9,0,SUP-003,Nuwara Estates Ltd,0,0.0,0,0,302710.72,102.07,97.68,101.6,99.11,100.93,108.68,100.39,103.21,4.75,3990.7,-5.8866
2021-09-20,2021,9,20,0,3,0,263,102.07,4387.2,1203.6,18.42,13.1,5.2,0,SUP-003,Nuwara Estates Ltd,1,743.8,0,0,469971.82,105.95,91.93,97.68,101.6,102.12,96.55,100.38,103.19,4.74,3980.5,11.0301
2021-09-21,2021,9,21,1,3,0,264,105.95,4372.4,1107.1,17.65,16.1,1.0,0,SUP-003,Nuwara Estates Ltd,1,687.2,0,0,482796.1,101.23,102.07,91.93,97.68,106.72,105.04,100.27,103.35,4.58,3975.7,3.8013
2021-09-22,2021,9,22,2,3,0,265,101.23,4260.2,1225.9,18.73,14.7,11.7,0,SUP-003,Nuwara Estates Ltd,1,769.3,0,0,454221.15,98.52,105.95,102.07,91.93,103.56,104.05,99.94,103.17,4.38,3967.8,-4.4549
2021-09-23,2021,9,23,3,3,0,266,98.52,4580.6,1242.3,19.02,12.2,0.6,0,SUP-001,Perera Tea Estates,1,742.7,0,0,474909.26,104.26,101.23,105.95,102.07,99.11,109.52,99.85,102.78,4.4,3992.0,-2.6771
2021-09-24,2021,9,24,4,3,0,267,104.26,4499.6,1145.3,19.18,12.7,2.3,0,SUP-005,Kandyan Leaf Growers,1,569.5,0,0,491095.15,95.98,98.52,101.23,105.95,101.6,103.8,100.23,102.74,4.68,4016.4,5.8262
2021-09-25,2021,9,25,5,3,1,268,95.98,3250.8,542.2,19.36,13.2,0.6,0,SUP-001,Perera Tea Estates,1,941.4,0,0,322508.78,96.63,104.26,98.52,101.23,97.68,96.77,99.99,102.58,4.88,4075.8,-7.9417
2021-09-26,2021,9,26,6,3,1,269,96.63,2997.9,662.8,20.09,12.6,4.4,0,SUP-005,Kandyan Leaf Growers,0,0.0,0,0,303002.73,100.53,95.98,104.26,98.52,91.93,100.93,100.66,102.33,3.79,4049.8,0.6772
2021-09-27,2021,9,27,0,3,0,270,100.53,4146.1,1285.5,19.15,14.0,0.1,0,SUP-005,Kandyan Leaf Growers,1,749.7,0,0,441424.76,99.34,96.63,95.98,104.26,102.07,102.12,100.44,102.09,3.73,4015.4,4.036
2021-09-28,2021,9,28,1,3,0,271,99.34,4658.6,1145.7,16.61,11.9,2.8,0,SUP-004,Highlands Tea Farm,1,545.2,1,0,481815.4,101.71,100.53,96.63,95.98,105.95,106.72,99.5,101.93,2.84,4056.3,-1.1837
2021-09-29,2021,9,29,2,3,0,272,101.71,4123.6,1347.7,20.12,13.5,4.0,0,SUP-005,Kandyan Leaf Growers,1,775.0,1,0,446527.08,99.47,99.34,100.53,96.63,101.23,103.56,99.57,101.86,2.89,4036.7,2.3857
2021-09-30,2021,9,30,3,3,0,273,99.47,4025.8,1172.1,18.58,14.3,5.4,0,SUP-001,Perera Tea Estates,1,925.2,0,0,422223.94,93.42,101.71,99.34,100.53,98.52,99.11,99.7,101.72,2.86,3957.5,-2.2023
2021-10-01,2021,10,1,4,4,0,274,93.42,4757.7,1237.0,18.26,14.1,18.0,0,SUP-003,Nuwara Estates Ltd,1,675.8,0,1,467051.95,89.27,99.47,101.71,99.34,104.26,101.6,98.15,101.48,2.91,3994.4,-6.0822
2021-10-02,2021,10,2,5,4,1,275,89.27,3100.5,632.6,18.54,14.2,3.0,0,SUP-003,Nuwara Estates Ltd,1,773.6,0,1,288510.04,99.24,93.42,99.47,101.71,95.98,97.68,97.2,100.85,4.45,3972.9,-4.4423
2021-10-03,2021,10,3,6,4,1,276,99.24,3173.4,709.0,18.57,11.8,14.9,0,SUP-004,Highlands Tea Farm,0,0.0,0,1,328094.35,98.42,89.27,93.42,99.47,96.63,91.93,97.57,100.66,4.5,3998.0,11.1684
2021-10-04,2021,10,4,0,4,0,277,98.42,4239.0,1237.6,17.45,12.8,33.9,1,SUP-001,Perera Tea Estates,1,770.8,1,1,438798.5,105.84,99.24,89.27,93.42,100.53,102.07,97.27,100.47,4.34,4011.2,-0.8263
2021-10-05,2021,10,5,1,4,0,278,105.84,4312.0,1296.5,17.24,13.8,6.1,0,SUP-004,Highlands Tea Farm,1,543.1,0,1,478733.74,96.8,98.42,99.24,89.27,99.34,105.95,98.2,100.38,5.42,3961.7,7.5391
2021-10-06,2021,10,6,2,4,0,279,96.8,4117.0,1099.5,18.87,15.2,6.8,0,SUP-001,Perera Tea Estates,1,781.7,0,0,419273.16,98.02,105.84,98.42,99.24,101.71,101.23,97.49,100.38,5.2,3960.8,-8.5412
2021-10-07,2021,10,7,3,4,0,280,98.02,4422.9,1155.2,18.14,14.7,8.7,0,SUP-004,Highlands Tea Farm,1,508.2,0,0,454487.99,97.63,96.8,105.84,98.42,99.47,98.52,97.29,100.15,5.14,4017.5,1.2603
2021-10-08,2021,10,8,4,4,0,281,97.63,4161.2,1225.0,18.48,13.2,10.0,0,SUP-002,Silva Green Leaves,1,675.5,0,0,428895.96,96.73,98.02,96.8,105.84,93.42,104.26,97.89,99.94,4.85,3932.3,-0.3979
2021-10-09,2021,10,9,5,4,1,282,96.73,2887.8,643.1,18.94,14.8,3.5,0,SUP-002,Silva Green Leaves,0,0.0,0,0,291517.21,90.96,97.63,98.02,96.8,89.27,95.98,98.95,99.51,3.16,3901.9,-0.9218
2021-10-10,2021,10,10,6,4,1,283,90.96,3021.1,582.2,20.47,14.2,70.6,1,SUP-004,Highlands Tea Farm,0,0.0,0,0,286716.89,94.35,96.73,97.63,98.02,99.24,96.63,97.77,99.08,4.36,3880.1,-5.9651
2021-10-11,2021,10,11,0,4,0,284,94.35,4425.8,1288.2,19.65,16.0,5.5,0,SUP-001,Perera Tea Estates,1,725.0,0,0,442887.36,99.28,90.96,96.73,97.63,98.42,100.53,97.19,99.0,4.53,3906.8,3.7269
2021-10-12,2021,10,12,1,4,0,285,99.28,4322.3,1205.1,18.3,13.9,5.9,0,SUP-003,Nuwara Estates Ltd,1,715.5,0,0,451171.27,99.85,94.35,90.96,96.73,105.84,99.34,96.25,98.95,2.78,3908.3,5.2252
2021-10-13,2021,10,13,2,4,0,286,99.85,4125.5,1180.3,19.81,14.2,1.8,0,SUP-002,Silva Green Leaves,1,589.6,0,0,435312.92,97.2,99.28,94.35,90.96,96.8,101.71,96.69,98.87,3.1,3909.5,0.5741
2021-10-14,2021,10,14,3,4,0,287,97.2,4152.9,1222.0,18.04,15.2,1.3,0,SUP-003,Nuwara Estates Ltd,1,779.3,0,0,425706.76,96.74,99.85,99.28,94.35,98.02,99.47,96.57,98.55,3.06,3870.9,-2.654
2021-10-15,2021,10,15,4,4,0,288,96.74,4270.1,1176.4,16.85,16.4,29.8,0,SUP-004,Highlands Tea Farm,0,0.0,0,0,432911.81,89.19,97.2,99.85,99.28,97.63,93.42,96.44,98.33,3.02,3886.5,-0.4733
2021-10-16,2021,10,16,5,4,1,289,89.19,3297.4,682.8,20.2,15.9,30.0,0,SUP-005,Kandyan Leaf Growers,1,683.3,1,0,307887.67,92.77,96.74,97.2,99.85,96.73,89.27,95.37,97.99,4.07,3945.0,-7.8044
2021-10-17,2021,10,17,6,4,1,290,92.77,3112.5,601.9,16.63,11.6,6.1,0,SUP-005,Kandyan Leaf Growers,0,0.0,0,0,298756.22,93.2,89.19,96.74,97.2,90.96,99.24,95.63,97.7,3.79,3958.1,4.0139
2021-10-18,2021,10,18,0,4,0,291,93.2,4476.4,1340.1,18.2,13.4,1.3,0,SUP-001,Perera Tea Estates,1,922.8,0,0,441590.3,97.18,92.77,89.19,96.74,94.35,98.42,95.46,97.55,3.88,3965.3,0.4635
2021-10-19,2021,10,19,1,4,0,292,97.18,4068.6,1232.4,18.88,14.1,4.7,0,SUP-004,Highlands Tea Farm,0,0.0,0,0,418654.26,99.3,93.2,92.77,89.19,99.28,105.84,95.16,97.73,3.6,3929.1,4.2704
2021-10-20,2021,10,20,2,4,0,293,99.3,4324.6,1331.1,19.26,15.4,9.3,0,SUP-003,Nuwara Estates Ltd,1,788.7,0,0,455069.77,90.77,97.18,93.2,92.77,99.85,96.8,95.08,97.63,3.49,3957.5,2.1815
2021-10-21,2021,10,21,3,4,0,294,90.77,3869.2,1084.5,18.11,18.3,1.9,0,SUP-003,Nuwara Estates Ltd,1,759.1,0,0,370847.58,88.75,99.3,97.18,93.2,97.2,98.02,94.16,97.13,3.68,3917.0,-8.5901
2021-10-22,2021,10,22,4,4,0,295,88.75,4199.3,1262.7,18.78,16.0,22.5,0,SUP-001,Perera Tea Estates,1,820.5,0,0,396401.38,94.79,90.77,99.3,97.18,96.74,97.63,93.02,96.71,3.97,3906.9,-2.2254
2021-10-23,2021,10,23,5,4,1,296,94.79,2990.5,650.0,19.26,13.7,1.2,0,SUP-005,Kandyan Leaf Growers,0,0.0,0,0,295988.5,91.2,88.75,90.77,99.3,89.19,96.73,93.82,96.59,3.62,3863.0,6.8056
2021-10-24,2021,10,24,6,4,1,297,91.2,3033.6,603.5,17.03,17.9,0.4,0,SUP-002,Silva Green Leaves,0,0.0,0,0,286941.92,93.32,94.79,88.75,90.77,92.77,90.96,93.6,96.15,3.75,3851.7,-3.7873
2021-10-25,2021,10,25,0,4,0,298,93.32,4436.0,1322.0,17.92,14.8,11.9,0,SUP-002,Silva Green Leaves,1,547.8,0,0,437657.76,89.24,91.2,94.79,88.75,93.2,94.35,93.62,96.06,3.74,3846.0,2.3246
2021-10-26,2021,10,26,1,4,0,299,89.24,4599.6,1254.5,20.08,15.9,1.6,0,SUP-002,Silva Green Leaves,1,691.5,0,0,435658.66,96.0,93.32,91.2,94.79,97.18,99.28,92.48,95.82,3.69,3921.8,-4.3721
2021-10-27,2021,10,27,2,4,0,300,96.0,4192.1,1254.8,19.9,16.9,60.4,1,SUP-003,Nuwara Estates Ltd,1,796.3,0,0,427412.12,91.72,89.24,93.32,91.2,99.3,99.85,92.01,95.67,2.76,3902.9,7.5751
2021-10-28,2021,10,28,3,4,0,301,91.72,4418.1,1335.3,18.84,15.0,14.8,0,SUP-004,Highlands Tea Farm,1,431.5,0,0,430385.18,93.82,96.0,89.24,93.32,90.77,97.2,92.15,95.41,2.72,3981.3,-4.4583
2021-10-29,2021,10,29,4,4,0,302,93.82,4463.3,1155.1,17.59,16.1,12.9,0,SUP-005,Kandyan Leaf Growers,0,0.0,0,0,439065.01,86.84,91.72,96.0,89.24,88.75,96.74,92.87,95.15,2.3,4019.0,2.2896
2021-10-30,2021,10,30,5,4,1,303,86.84,3326.5,649.0,18.84,15.5,4.9,0,SUP-004,Highlands Tea Farm,1,466.6,0,0,301100.42,88.64,93.82,91.72,96.0,94.79,89.19,91.73,94.73,3.04,4067.0,-7.4398
2021-10-31,2021,10,31,6,4,1,304,88.64,3140.0,631.4,19.42,17.0,27.5,0,SUP-001,Perera Tea Estates,0,0.0,0,0,290591.39,92.21,86.84,93.82,91.72,91.2,92.77,91.37,94.57,3.26,4082.2,2.0728
2021-11-01,2021,11,1,0,4,0,305,92.21,4107.0,1222.7,21.15,15.8,8.3,0,SUP-003,Nuwara Estates Ltd,1,784.4,0,1,404566.57,92.65,88.64,86.84,93.82,93.32,93.2,91.21,94.67,3.18,4035.2,4.0275
2021-11-02,2021,11,2,1,4,0,306,92.65,4278.0,1259.2,16.57,14.6,10.6,0,SUP-002,Silva Green Leaves,1,677.8,0,1,417221.64,89.77,92.21,88.64,86.84,89.24,97.18,91.7,94.45,3.09,3989.3,0.4772
2021-11-03,2021,11,3,2,4,0,307,89.77,4216.3,1159.1,18.19,17.6,9.2,0,SUP-003,Nuwara Estates Ltd,1,716.6,0,1,399581.28,83.83,92.65,92.21,88.64,96.0,99.3,90.81,94.16,2.48,3992.7,-3.1085
2021-11-04,2021,11,4,3,4,0,308,83.83,4285.6,1234.2,17.33,14.3,39.2,1,SUP-003,Nuwara Estates Ltd,1,757.5,0,1,380650.53,93.28,89.77,92.65,92.21,91.72,90.77,89.68,93.42,3.55,3973.8,-6.6169
2021-11-05,2021,11,5,4,4,0,309,93.28,4506.4,1070.8,20.51,17.2,45.7,1,SUP-004,Highlands Tea Farm,1,569.1,0,1,442319.1,90.3,83.83,89.77,92.65,93.82,88.75,89.6,93.31,3.45,3980.0,11.2728
2021-11-06,2021,11,6,5,4,1,310,90.3,3021.2,705.2,18.45,15.3,20.6,0,SUP-001,Perera Tea Estates,1,810.4,0,0,285825.3,85.59,93.28,83.83,89.77,86.84,94.79,90.1,93.05,3.23,3936.4,-3.1947
2021-11-07,2021,11,7,6,4,1,311,85.59,3211.9,689.8,18.8,13.9,2.4,0,SUP-002,Silva Green Leaves,0,0.0,0,0,287874.76,88.31,90.3,93.28,83.83,88.64,91.2,89.66,92.65,3.64,3946.6,-5.2159
2021-11-08,2021,11,8,0,4,0,312,88.31,4242.3,1239.6,19.52,13.6,18.8,0,SUP-001,Perera Tea Estates,1,863.8,0,0,398834.5,85.87,85.59,90.3,93.28,92.21,93.32,89.1,92.37,3.48,3966.0,3.1779
2021-11-09,2021,11,9,1,4,0,313,85.87,4290.6,1346.6,19.63,15.9,3.0,0,SUP-002,Silva Green Leaves,1,581.9,0,0,394867.58,88.68,88.31,85.59,90.3,92.65,89.24,88.14,92.2,3.27,3967.8,-2.763
2021-11-10,2021,11,10,2,4,0,314,88.68,4257.0,1198.7,18.09,15.4,16.6,0,SUP-004,Highlands Tea Farm,1,500.7,0,0,399195.24,91.69,85.87,88.31,85.59,89.77,96.0,87.98,92.01,3.2,3973.6,3.2724
2021-11-11,2021,11,11,3,4,0,315,91.69,4179.7,1262.8,20.08,16.2,8.6,0,SUP-002,Silva Green Leaves,0,0.0,0,0,408593.72,81.26,88.68,85.87,88.31,83.83,91.72,89.1,91.76,2.86,3958.4,3.3942
2021-11-12,2021,11,12,4,4,0,316,81.26,4440.8,1142.2,17.66,17.3,5.3,0,SUP-005,Kandyan Leaf Growers,1,656.8,0,0,381030.66,85.7,91.69,88.68,85.87,93.28,93.82,87.39,91.14,3.48,3949.1,-11.3753
2021-11-13,2021,11,13,5,4,1,317,85.7,2797.3,697.1,17.89,17.0,1.9,0,SUP-003,Nuwara Estates Ltd,1,669.9,0,0,252199.73,91.22,81.26,91.69,88.68,90.3,86.84,86.73,90.75,3.26,3917.1,5.4639
2021-11-14,2021,11,14,6,4,1,318,91.22,3155.3,774.8,18.68,19.4,10.8,0,SUP-004,Highlands Tea Farm,0,0.0,0,0,302299.73,92.66,85.7,81.26,91.69,85.59,88.64,87.53,90.57,3.61,3909.0,6.4411
2021-11-15,2021,11,15,0,4,0,319,92.66,4018.9,1238.4,17.8,18.6,8.6,0,SUP-004,Highlands Tea Farm,1,491.6,0,0,394434.79,89.31,91.22,85.7,81.26,88.31,92.21,88.15,90.69,4.11,3877.1,1.5786
2021-11-16,2021,11,16,1,4,0,320,89.31,4409.4,1252.2,18.08,16.3,7.4,0,SUP-003,Nuwara Estates Ltd,1,839.3,0,0,416443.29,88.24,92.66,91.22,85.7,85.87,92.65,88.65,90.57,3.99,3894.1,-3.6154
2021-11-17,2021,11,17,2,4,0,321,88.24,4167.9,1334.6,19.22,18.0,5.3,0,SUP-001,Perera Tea Estates,1,903.3,0,0,393426.51,89.05,89.31,92.66,91.22,88.68,89.77,88.58,90.4,4.0,3881.3,-1.1981
2021-11-18,2021,11,18,3,4,0,322,89.05,4222.1,1358.8,19.77,18.9,5.3,0,SUP-001,Perera Tea Estates,1,889.5,1,0,402841.48,85.29,88.24,89.31,92.66,91.69,83.83,88.21,90.13,3.77,3887.4,0.918
2021-11-19,2021,11,19,4,4,0,323,85.29,4322.9,1339.3,16.88,16.2,2.6,0,SUP-005,Kandyan Leaf Growers,1,656.3,0,0,391307.52,85.0,89.05,88.24,89.31,81.26,93.28,88.78,89.67,2.69,3870.5,-4.2223
2021-11-20,2021,11,20,5,4,1,324,85.0,3372.0,640.3,19.2,17.3,26.8,0,SUP-005,Kandyan Leaf Growers,1,531.1,0,0,298913.76,86.33,85.29,89.05,88.24,85.7,90.3,88.68,89.47,2.83,3952.6,-0.34
2021-11-21,2021,11,21,6,4,1,325,86.33,3161.9,761.5,19.26,19.6,6.7,0,SUP-004,Highlands Tea Farm,0,0.0,0,0,287633.32,79.49,85.0,85.29,89.05,91.22,85.59,87.98,89.39,2.7,3953.6,1.5647
2021-11-22,2021,11,22,0,4,0,326,79.49,3997.4,1243.6,19.86,16.4,15.1,0,SUP-004,Highlands Tea Farm,0,0.0,0,0,342451.22,94.1,86.33,85.0,85.29,92.66,88.31,86.1,88.88,3.4,3950.5,-7.9231
2021-11-23,2021,11,23,1,4,0,327,94.1,4486.9,1333.2,17.59,18.2,4.5,0,SUP-003,Nuwara Estates Ltd,1,759.4,0,0,445668.28,97.23,79.49,86.33,85.0,89.31,85.87,86.79,88.98,4.46,3961.6,18.3797
2021-11-24,2021,11,24,2,4,0,328,97.23,4220.8,1176.8,18.31,19.0,0.3,0,SUP-001,Perera Tea Estates,1,871.3,0,0,431935.59,86.8,94.1,79.49,86.33,88.24,88.68,88.07,89.11,5.99,3969.1,3.3262
2021-11-25,2021,11,25,3,4,0,329,86.8,4252.9,1225.7,16.98,16.5,15.6,0,SUP-003,Nuwara Estates Ltd,1,657.4,0,0,389964.11,90.11,97.23,94.1,79.49,89.05,91.69,87.75,89.03,5.99,3973.5,-10.7271
2021-11-26,2021,11,26,4,4,0,330,90.11,4380.4,1342.0,17.52,16.2,28.0,0,SUP-003,Nuwara Estates Ltd,1,773.6,0,0,418229.68,87.9,86.8,97.23,94.1,85.29,81.26,88.44,88.83,5.93,3981.8,3.8134
2021-11-27,2021,11,27,5,4,1,331,87.9,2914.0,666.4,16.24,19.8,8.0,0,SUP-001,Perera Tea Estates,1,770.9,0,0,266962.94,82.57,90.11,86.8,97.23,85.0,85.7,88.85,88.71,5.75,3916.3,-2.4526
2021-11-28,2021,11,28,6,4,1,332,82.57,3145.8,615.7,17.82,17.5,0.5,0,SUP-001,Perera Tea Estates,0,0.0,0,0,270720.48,90.45,87.9,90.11,86.8,86.33,91.22,88.31,88.33,6.18,3914.0,-6.0637
2021-11-29,2021,11,29,0,4,0,333,90.45,4394.9,1165.6,20.08,17.0,4.6,0,SUP-002,Silva Green Leaves,1,703.4,0,0,420923.95,88.4,82.57,87.9,90.11,79.49,92.66,89.88,88.45,4.81,3970.8,9.5434
2021-11-30,2021,11,30,1,4,0,334,88.4,4420.3,1072.4,18.75,18.1,28.2,0,SUP-001,Perera Tea Estates,1,833.8,0,0,410862.02,91.2,90.45,82.57,87.9,94.1,89.31,89.07,88.44,4.45,3961.3,-2.2664
2021-12-01,2021,12,1,2,4,0,335,91.2,4262.9,1262.1,18.26,18.6,0.3,0,SUP-001,Perera Tea Estates,1,770.8,0,1,411822.43,87.99,88.4,90.45,82.57,97.23,88.24,88.2,88.41,2.93,3967.3,3.1674
2021-12-02,2021,12,2,3,4,0,336,87.99,4348.5,1235.4,18.95,15.9,24.8,0,SUP-003,Nuwara Estates Ltd,1,812.7,0,1,406035.34,88.6,91.2,88.4,90.45,86.8,89.05,88.37,88.25,2.87,3981.0,-3.5197
2021-12-03,2021,12,3,4,4,0,337,88.6,4509.2,1383.7,16.72,18.4,4.8,0,SUP-005,Kandyan Leaf Growers,1,690.5,0,1,422650.58,89.17,87.99,91.2,88.4,90.11,85.29,88.16,88.21,2.77,3999.4,0.6933
2021-12-04,2021,12,4,5,4,1,338,89.17,3328.1,668.0,19.95,17.7,3.6,0,SUP-003,Nuwara Estates Ltd,1,728.3,0,1,310093.28,88.05,88.6,87.99,91.2,87.9,85.0,88.34,88.39,2.79,4058.5,0.6433
2021-12-05,2021,12,5,6,4,1,339,88.05,3126.7,652.2,17.54,16.3,41.6,1,SUP-003,Nuwara Estates Ltd,0,0.0,0,1,286745.52,87.9,89.17,88.6,87.99,82.57,86.33,89.12,88.22,1.25,4055.8,-1.256
2021-12-06,2021,12,6,0,4,0,340,87.9,4201.1,1236.2,18.87,17.3,1.8,0,SUP-001,Perera Tea Estates,1,867.5,0,0,392603.78,92.22,88.05,89.17,88.6,90.45,79.49,88.76,88.14,1.16,4028.1,-0.1704
2021-12-07,2021,12,7,1,4,0,341,92.22,4777.1,1338.1,16.9,16.6,14.0,0,SUP-001,Perera Tea Estates,1,833.5,0,0,463158.05,93.46,87.9,88.05,89.17,88.4,94.1,89.3,88.36,1.73,4079.1,4.9147
2021-12-08,2021,12,8,2,4,0,342,93.46,4684.9,1137.9,16.97,19.9,8.6,0,SUP-005,Kandyan Leaf Growers,0,0.0,0,0,457160.92,91.91,92.22,87.9,88.05,91.2,97.23,89.63,88.53,2.27,4139.4,1.3446
2021-12-09,2021,12,9,3,4,0,343,91.91,4458.3,1372.4,17.87,18.4,10.2,0,SUP-005,Kandyan Leaf Growers,1,648.5,0,0,434287.14,89.48,93.46,92.22,87.9,87.99,86.8,90.19,88.73,2.28,4155.1,-1.6585
2021-12-10,2021,12,10,4,4,0,344,89.48,4295.5,1193.5,16.46,20.0,9.9,0,SUP-002,Silva Green Leaves,1,637.2,0,0,404006.35,91.15,91.91,93.46,92.22,88.6,90.11,90.31,88.76,2.2,4124.5,-2.6439
2021-12-11,2021,12,11,5,4,1,345,91.15,3186.1,679.9,17.74,19.2,9.3,0,SUP-001,Perera Tea Estates,1,801.7,0,0,302474.44,86.17,89.48,91.91,93.46,89.17,87.9,90.6,88.74,2.16,4104.2,1.8663
2021-12-12,2021,12,12,6,4,1,346,86.17,3382.2,682.5,18.68,19.0,3.3,0,SUP-004,Highlands Tea Farm,0,0.0,0,0,304193.27,90.27,91.15,89.48,91.91,88.05,82.57,90.33,88.9,2.6,4140.7,-5.4635
2021-12-13,2021,12,13,0,4,0,347,90.27,4537.2,1225.8,16.84,18.1,2.2,0,SUP-002,Silva Green Leaves,1,462.2,0,0,430215.52,90.52,86.17,91.15,89.48,87.9,90.45,90.67,89.06,2.37,4188.8,4.758
2021-12-14,2021,12,14,1,4,0,348,90.52,4682.8,1329.5,17.3,17.7,12.4,0,SUP-001,Perera Tea Estates,1,911.8,0,0,446887.41,90.39,90.27,86.17,91.15,92.22,88.4,90.42,89.03,2.27,4175.3,0.2769
2021-12-15,2021,12,15,2,4,0,349,90.39,4596.1,1335.8,19.23,18.6,9.9,0,SUP-002,Silva Green Leaves,1,655.2,0,0,441128.91,91.56,90.52,90.27,86.17,93.46,91.2,89.98,88.96,1.84,4162.6,-0.1436
2021-12-16,2021,12,16,3,4,0,350,91.56,4552.3,1204.1,18.78,18.8,8.2,0,SUP-004,Highlands Tea Farm,1,508.3,0,0,439421.59,85.67,90.39,90.52,90.27,91.91,87.99,89.93,89.03,1.79,4176.0,1.2944
2021-12-17,2021,12,17,4,4,0,351,85.67,4524.3,1242.5,18.47,19.1,21.1,0,SUP-005,Kandyan Leaf Growers,1,683.8,0,0,410545.76,89.36,91.56,90.39,90.52,89.48,88.6,89.39,88.95,2.42,4208.7,-6.4329
2021-12-18,2021,12,18,5,4,1,352,89.36,3731.9,770.2,18.27,20.6,20.4,0,SUP-001,Perera Tea Estates,1,786.8,0,0,347554.14,84.22,85.67,91.56,90.39,91.15,89.17,89.13,88.96,2.29,4286.7,4.3072
2021-12-19,2021,12,19,6,4,1,353,84.22,3155.7,688.1,18.4,20.2,3.5,0,SUP-002,Silva Green Leaves,0,0.0,0,0,278434.09,88.43,89.36,85.67,91.56,86.17,88.05,88.86,88.92,2.78,4254.3,-5.752
2021-12-20,2021,12,20,0,4,0,354,88.43,4051.9,1311.9,18.22,20.1,1.0,0,SUP-002,Silva Green Leaves,1,624.7,0,0,382212.34,89.53,84.22,89.36,85.67,90.27,87.9,88.59,89.04,2.71,4185.0,4.9988
2021-12-21,2021,12,21,1,4,0,355,89.53,4433.2,1306.8,18.16,16.4,5.3,0,SUP-004,Highlands Tea Farm,1,551.1,0,0,420635.88,92.59,88.43,84.22,89.36,90.52,92.22,88.45,89.14,2.62,4149.3,1.2439
2021-12-22,2021,12,22,2,4,0,356,92.59,4521.2,1276.0,19.55,17.6,9.2,0,SUP-004,Highlands Tea Farm,1,562.4,1,0,443563.71,92.85,89.53,88.43,84.22,90.39,93.46,88.77,89.58,2.99,4138.6,3.4178
2021-12-23,2021,12,23,3,4,0,357,92.85,4576.6,1415.1,18.19,18.8,5.5,0,SUP-003,Nuwara Estates Ltd,1,732.0,0,0,450677.98,84.85,92.59,89.53,88.43,91.56,91.91,88.95,89.54,3.22,4142.1,0.2808
2021-12-24,2021,12,24,4,4,0,358,84.85,4566.4,1169.3,18.64,20.5,23.4,0,SUP-005,Kandyan Leaf Growers,1,676.7,0,0,409254.79,84.84,92.85,92.59,89.53,85.67,89.48,88.83,89.13,3.37,4148.1,-8.616
2021-12-25,2021,12,25,5,4,1,359,84.84,2954.2,621.4,17.79,18.0,66.7,1,SUP-001,Perera Tea Estates,1,872.9,0,0,261689.03,90.05,84.85,92.85,92.59,89.36,91.15,88.19,89.06,3.68,4037.0,-0.0118
2021-12-26,2021,12,26,6,4,1,360,90.05,3624.3,551.8,20.13,18.9,4.3,0,SUP-002,Silva Green Leaves,0,0.0,0,0,337475.95,90.85,84.84,84.85,92.85,84.22,86.17,89.02,89.06,3.26,4104.0,6.141
2021-12-27,2021,12,27,0,4,0,361,90.85,4873.2,1241.7,17.03,18.7,29.4,0,SUP-002,Silva Green Leaves,1,682.5,0,0,463876.37,97.53,90.05,84.84,84.85,88.43,90.27,89.37,89.16,3.32,4221.3,0.8884
2021-12-28,2021,12,28,1,4,0,362,97.53,4315.0,1201.8,17.63,19.8,7.2,0,SUP-005,Kandyan Leaf Growers,0,0.0,0,0,442029.68,91.81,90.85,90.05,84.84,89.53,90.52,90.51,89.66,4.54,4204.4,7.3528
2021-12-29,2021,12,29,2,4,0,363,91.81,4799.0,1192.8,17.62,19.4,60.8,1,SUP-004,Highlands Tea Farm,1,464.9,0,0,461613.33,92.03,97.53,90.85,90.05,92.59,90.39,90.4,89.7,4.49,4244.1,-5.8649
2021-12-30,2021,12,30,3,4,0,364,92.03,4568.7,1125.2,17.48,21.2,0.8,0,SUP-003,Nuwara Estates Ltd,1,694.3,0,0,440125.96,86.42,91.81,97.53,90.85,92.85,91.56,90.28,89.82,4.42,4243.0,0.2396
2021-12-31,2021,12,31,4,4,0,365,86.42,4314.8,1208.4,19.48,19.4,11.8,0,SUP-004,Highlands Tea Farm,1,459.8,0,0,396424.65,90.08,92.03,91.81,97.53,84.85,85.67,90.5,89.66,4.13,4207.0,-6.0958
2022-01-01,2022,1,1,5,1,1,1,90.08,2926.1,522.4,19.3,20.1,7.1,0,SUP-002,Silva Green Leaves,1,700.1,0,1,273665.41,84.34,86.42,92.03,91.81,84.84,89.36,91.25,89.73,3.33,4203.0,4.2351
2022-01-02,2022,1,2,6,1,1,2,84.34,3299.3,718.8,19.5,22.7,0.8,0,SUP-002,Silva Green Leaves,0,0.0,0,1,292279.56,91.8,90.08,86.42,92.03,90.05,84.22,90.44,89.59,4.25,4156.6,-6.3721
2022-01-03,2022,1,3,0,1,0,3,91.8,4505.2,1160.5,19.05,18.9,3.0,0,SUP-001,Perera Tea Estates,1,831.5,0,1,435684.88,97.11,84.34,90.08,86.42,90.85,88.43,90.57,89.68,4.28,4104.0,8.8452
2022-01-04,2022,1,4,1,1,0,4,97.11,4649.5,1274.3,17.49,20.4,1.0,0,SUP-002,Silva Green Leaves,1,601.1,0,1,473800.45,90.96,91.8,84.34,90.08,97.53,89.53,90.51,89.98,4.17,4151.8,5.7843
2022-01-05,2022,1,5,2,1,0,5,90.96,4629.9,1373.1,18.11,15.9,0.1,0,SUP-004,Highlands Tea Farm,0,0.0,0,1,446002.54,94.84,97.11,91.8,84.34,91.81,92.59,90.39,90.08,4.14,4127.6,-6.333
2022-01-06,2022,1,6,3,1,0,6,94.84,4530.5,1366.6,18.62,22.8,7.6,0,SUP-003,Nuwara Estates Ltd,0,0.0,0,0,455118.71,85.65,90.96,97.11,91.8,92.03,92.85,90.79,90.17,4.45,4122.2,4.2656
2022-01-07,2022,1,7,4,1,0,7,85.65,4421.7,1360.2,18.66,17.9,1.6,0,SUP-001,Perera Tea Estates,1,808.9,1,0,404099.94,87.32,94.84,90.96,97.11,86.42,84.85,90.68,89.91,4.58,4137.5,-9.69
2022-01-08,2022,1,8,5,1,1,8,87.32,3584.8,694.9,17.07,21.9,6.7,0,SUP-005,Kandyan Leaf Growers,1,677.3,0,0,324886.68,90.56,85.65,94.84,90.96,90.08,84.84,90.29,89.76,4.76,4231.6,1.9498
2022-01-09,2022,1,9,6,1,1,9,90.56,3304.7,706.2,18.52,19.2,25.3,0,SUP-003,Nuwara Estates Ltd,0,0.0,0,0,312352.46,87.46,87.32,85.65,94.84,84.34,90.05,91.18,89.79,3.98,4232.3,3.7105
2022-01-10,2022,1,10,0,1,0,10,87.46,4405.0,1202.7,19.07,18.6,1.0,0,SUP-001,Perera Tea Estates,1,892.9,0,0,408196.79,87.74,90.56,87.32,85.65,91.8,90.85,90.56,89.67,4.2,4218.0,-3.4231
2022-01-11,2022,1,11,1,1,0,11,87.74,4502.0,1231.0,19.82,19.4,2.0,0,SUP-002,Silva Green Leaves,1,664.0,0,0,419403.9,96.15,87.46,90.56,87.32,97.11,97.53,89.22,89.72,3.11,4196.9,0.3201
2022-01-12,2022,1,12,2,1,0,12,96.15,4466.5,1377.4,18.79,21.7,1.6,0,SUP-002,Silva Green Leaves,1,601.9,1,0,455335.32,92.41,87.74,87.46,90.56,90.96,91.81,89.96,89.92,4.07,4173.6,9.5851
2022-01-13,2022,1,13,3,1,0,13,92.41,4752.0,1300.0,17.84,19.8,0.8,0,SUP-002,Silva Green Leaves,1,597.5,0,0,462324.32,92.2,96.15,87.74,87.46,94.84,92.03,89.61,89.98,3.66,4205.2,-3.8898
2022-01-14,2022,1,14,4,1,0,14,92.2,4410.4,1219.5,19.73,20.4,2.4,0,SUP-005,Kandyan Leaf Growers,1,644.5,0,0,430699.62,87.76,92.41,96.15,87.74,85.65,86.42,90.55,90.04,3.3,4203.6,-0.2272
2022-01-15,2022,1,15,5,1,1,15,87.76,3612.3,594.1,19.69,18.3,2.1,0,SUP-002,Silva Green Leaves,1,554.9,0,0,328713.28,93.31,92.2,92.41,96.15,87.32,90.08,90.61,89.91,3.23,4207.6,-4.8156
2022-01-16,2022,1,16,6,1,1,16,93.31,3187.1,735.2,17.32,19.6,3.8,0,SUP-001,Perera Tea Estates,0,0.0,0,0,310121.96,90.77,87.76,92.2,92.41,90.56,84.34,91.0,90.17,3.39,4190.8,6.3241
2022-01-17,2022,1,17,0,1,0,17,90.77,4669.0,1236.7,19.94,22.1,4.9,0,SUP-002,Silva Green Leaves,1,601.5,0,0,448464.93,89.5,93.31,87.76,92.2,87.46,91.8,91.48,90.22,3.02,4228.5,-2.7221
2022-01-18,2022,1,18,1,1,0,18,89.5,4735.2,1319.1,20.71,19.2,1.3,0,SUP-002,Silva Green Leaves,1,570.6,0,0,451118.96,92.59,90.77,93.31,87.76,87.74,97.11,91.73,90.39,2.72,4261.8,-1.3991
2022-01-19,2022,1,19,2,1,0,19,92.59,4671.3,1264.1,19.3,21.5,8.2,0,SUP-002,Silva Green Leaves,1,551.4,0,0,456912.8,96.58,89.5,90.77,93.31,96.15,90.96,91.22,90.53,1.99,4291.0,3.4525
2022-01-20,2022,1,20,3,1,0,20,96.58,4676.7,1362.1,19.67,19.8,0.3,0,SUP-002,Silva Green Leaves,1,641.2,0,0,478468.19,88.02,92.59,89.5,90.77,92.41,94.84,91.82,90.77,2.85,4280.3,4.3093
2022-01-21,2022,1,21,4,1,0,21,88.02,4711.3,1345.7,19.42,21.2,0.4,0,SUP-004,Highlands Tea Farm,0,0.0,0,0,440822.12,92.02,96.58,92.59,89.5,92.2,85.65,91.22,90.61,3.17,4323.3,-8.8631
2022-01-22,2022,1,22,5,1,1,22,92.02,3183.8,592.3,19.31,20.6,2.0,0,SUP-003,Nuwara Estates Ltd,1,732.6,0,0,304410.59,91.79,88.02,96.58,92.59,87.76,87.32,91.83,90.58,2.78,4262.1,4.5444
2022-01-23,2022,1,23,6,1,1,23,91.79,3531.6,773.8,19.38,19.1,1.8,0,SUP-001,Perera Tea Estates,0,0.0,0,0,339161.81,92.34,92.02,88.02,96.58,93.31,90.56,91.61,90.82,2.71,4311.3,-0.2499
2022-01-24,2022,1,24,0,1,0,24,92.34,4332.0,1301.8,19.33,22.5,4.2,0,SUP-002,Silva Green Leaves,1,594.0,0,0,425180.67,101.78,91.79,92.02,88.02,90.77,87.46,91.83,91.07,2.69,4263.1,0.5992
2022-01-25,2022,1,25,1,1,0,25,101.78,4849.8,1199.4,20.64,19.5,0.7,0,SUP-003,Nuwara Estates Ltd,1,777.9,0,0,518368.26,102.8,92.34,91.79,92.02,89.5,87.74,93.59,91.46,4.38,4279.5,10.2231
2022-01-26,2022,1,26,2,1,0,26,102.8,4447.9,1196.8,17.98,22.2,5.3,0,SUP-003,Nuwara Estates Ltd,0,0.0,0,0,478762.58,90.47,101.78,92.34,91.79,92.59,96.15,95.05,91.86,5.54,4247.6,1.0022
2022-01-27,2022,1,27,3,1,0,27,90.47,4559.9,1242.0,18.88,18.3,3.7,0,SUP-003,Nuwara Estates Ltd,1,709.7,0,0,435983.11,92.32,102.8,101.78,92.34,96.58,92.41,94.17,91.62,5.74,4230.9,-11.9942
2022-01-28,2022,1,28,4,1,0,28,92.32,4625.4,1173.8,16.98,20.4,6.2,0,SUP-004,Highlands Tea Farm,1,563.6,0,0,446948.05,92.94,90.47,102.8,101.78,88.02,92.2,94.79,91.64,5.17,4218.6,2.0449
2022-01-29,2022,1,29,5,1,1,29,92.94,3169.9,611.9,18.33,19.6,8.5,0,SUP-001,Perera Tea Estates,1,847.9,0,0,305826.63,92.64,92.32,90.47,102.8,92.02,87.76,94.92,91.67,5.1,4216.6,0.6716
2022-01-30,2022,1,30,6,1,1,30,92.64,3110.9,619.7,19.82,19.0,18.2,0,SUP-002,Silva Green Leaves,0,0.0,1,0,300476.23,97.19,92.94,92.32,90.47,91.79,93.31,95.04,91.88,5.02,4156.5,-0.3228
2022-01-31,2022,1,31,0,1,0,31,97.19,4883.0,1321.0,19.99,19.8,1.8,0,SUP-003,Nuwara Estates Ltd,1,818.4,0,0,500985.56,99.59,92.64,92.94,92.32,92.34,90.77,95.73,92.11,4.92,4235.3,4.9115
2022-02-01,2022,2,1,1,1,0,32,99.59,4411.6,1433.0,17.84,19.4,1.2,0,SUP-005,Kandyan Leaf Growers,1,588.3,0,1,464915.96,97.71,97.19,92.64,92.94,101.78,89.5,95.42,92.62,4.53,4172.7,2.4694
2022-02-02,2022,2,2,2,1,0,33,97.71,4562.6,1130.9,19.14,18.1,8.6,0,SUP-002,Silva Green Leaves,0,0.0,0,1,467457.07,100.14,99.59,97.19,92.64,102.8,92.59,94.69,92.82,3.42,4189.0,-1.8877
2022-02-03,2022,2,3,3,1,0,34,100.14,4839.4,1205.5,17.48,20.8,2.2,0,SUP-001,Perera Tea Estates,1,771.7,0,1,505689.66,92.45,97.71,99.59,97.19,90.47,96.58,96.08,92.92,3.38,4229.0,2.487
2022-02-04,2022,2,4,4,1,0,35,92.45,4381.5,1237.0,18.63,21.2,2.4,0,SUP-001,Perera Tea Estates,1,829.6,1,1,428114.98,101.63,100.14,97.71,99.59,92.32,88.02,96.09,92.97,3.36,4194.1,-7.6792
2022-02-05,2022,2,5,5,1,1,36,101.63,3769.4,575.6,16.49,19.2,0.4,0,SUP-002,Silva Green Leaves,1,622.9,0,1,392575.77,92.97,92.45,100.14,97.71,92.94,92.02,97.34,93.19,3.59,4279.8,9.9297
2022-02-06,2022,2,6,6,1,1,37,92.97,3310.5,623.9,17.91,21.2,1.1,0,SUP-002,Silva Green Leaves,0,0.0,0,0,318951.23,92.33,101.63,92.45,100.14,92.64,91.79,97.38,93.44,3.52,4308.3,-8.5211
2022-02-07,2022,2,7,0,1,0,38,92.33,4930.4,1309.3,18.86,19.7,16.4,0,SUP-005,Kandyan Leaf Growers,1,663.2,0,0,479917.23,96.66,92.97,101.63,92.45,97.19,92.34,96.69,93.61,4.01,4315.1,-0.6884
2022-02-08,2022,2,8,1,1,0,39,96.66,4605.5,1216.9,19.07,19.9,15.8,0,SUP-002,Silva Green Leaves,1,578.0,0,0,468373.91,90.46,92.33,92.97,101.63,99.59,101.78,96.27,93.81,3.81,4342.8,4.6897
2022-02-09,2022,2,9,2,1,0,40,90.46,4731.9,1169.8,18.26,15.7,1.6,0,SUP-001,Perera Tea Estates,1,883.9,0,0,449408.22,98.2,96.66,92.33,92.97,97.71,102.8,95.23,93.91,4.3,4366.9,-6.4142
2022-02-10,2022,2,10,3,1,0,41,98.2,4745.9,1274.0,18.34,20.0,6.9,0,SUP-003,Nuwara Estates Ltd,1,725.5,0,0,489412.54,94.77,90.46,96.66,92.33,100.14,90.47,94.96,94.26,3.99,4353.6,8.5563
2022-02-11,2022,2,11,4,1,0,42,94.77,4707.4,1294.5,18.61,20.7,0.5,0,SUP-002,Silva Green Leaves,1,620.2,0,0,470210.94,98.77,98.2,90.46,96.66,92.45,92.32,95.29,94.21,3.84,4400.1,-3.4929
2022-02-12,2022,2,12,5,1,1,43,98.77,3282.5,679.2,18.5,20.3,0.6,0,SUP-001,Perera Tea Estates,1,846.5,0,0,336777.72,91.74,94.77,98.2,90.46,101.63,92.94,94.88,94.42,3.14,4330.6,4.2207
2022-02-13,2022,2,13,6,1,1,44,91.74,3553.6,530.8,18.47,22.2,7.2,0,SUP-003,Nuwara Estates Ltd,0,0.0,0,0,335811.14,97.0,98.77,94.77,98.2,92.97,92.64,94.7,94.41,3.29,4365.3,-7.1175
2022-02-14,2022,2,14,0,1,0,45,97.0,4748.4,1153.7,18.24,20.1,4.7,0,SUP-002,Silva Green Leaves,1,633.7,1,0,481638.29,104.31,91.74,98.77,94.77,92.33,97.19,95.37,94.72,3.2,4339.3,5.7336
2022-02-15,2022,2,15,1,1,0,46,104.31,4878.5,1310.4,18.54,17.5,16.9,0,SUP-002,Silva Green Leaves,1,637.4,0,0,533171.15,94.2,97.0,91.74,98.77,96.66,99.59,96.46,95.08,4.68,4378.3,7.5361
2022-02-16,2022,2,16,2,1,0,47,94.2,4363.1,1320.1,20.42,22.1,4.5,0,SUP-001,Perera Tea Estates,1,830.3,0,0,437960.46,98.62,104.31,97.0,91.74,90.46,97.71,97.0,95.2,4.05,4325.6,-9.6923
2022-02-17,2022,2,17,3,1,0,48,98.62,4546.8,1279.3,19.44,17.4,4.5,0,SUP-004,Highlands Tea Farm,1,557.9,0,0,473275.01,98.53,94.2,104.31,97.0,98.2,100.14,97.06,95.5,4.08,4297.2,4.6921
2022-02-18,2022,2,18,4,1,0,49,98.53,4545.2,1218.1,20.71,18.7,0.2,0,SUP-001,Perera Tea Estates,1,760.8,0,0,473065.41,98.22,98.62,94.2,104.31,94.77,92.45,97.6,95.7,3.97,4274.0,-0.0913
2022-02-19,2022,2,19,5,1,1,50,98.22,3711.6,690.7,19.84,17.1,0.5,0,SUP-005,Kandyan Leaf Growers,1,628.6,0,0,378256.84,95.91,98.53,98.62,94.2,98.77,101.63,97.52,95.75,3.95,4335.3,-0.3146
2022-02-20,2022,2,20,6,1,1,51,95.91,3542.4,831.6,15.96,20.4,3.2,0,SUP-003,Nuwara Estates Ltd,0,0.0,0,0,353023.92,91.14,98.22,98.53,98.62,91.74,92.97,98.11,96.02,3.17,4333.7,-2.3519
2022-02-21,2022,2,21,0,1,0,52,91.14,4704.6,1190.5,21.29,19.5,25.6,0,SUP-001,Perera Tea Estates,1,807.4,0,0,454122.99,103.41,95.91,98.22,98.53,97.0,92.33,97.28,95.99,4.14,4327.5,-4.9734
2022-02-22,2022,2,22,1,1,0,53,103.41,5000.7,1205.1,20.9,22.6,3.8,0,SUP-001,Perera Tea Estates,0,0.0,0,0,542308.98,97.17,91.14,95.91,98.22,104.31,96.66,97.15,96.37,3.89,4344.9,13.4628
2022-02-23,2022,2,23,2,1,0,54,97.17,4624.0,1376.0,17.8,20.1,4.1,0,SUP-001,Perera Tea Estates,1,912.8,0,0,473806.88,99.96,103.41,91.14,95.91,94.2,90.46,97.57,96.54,3.67,4382.2,-6.0342
2022-02-24,2022,2,24,3,1,0,55,99.96,4746.4,1223.9,21.14,21.7,0.9,0,SUP-005,Kandyan Leaf Growers,0,0.0,0,0,500323.39,97.99,97.17,103.41,91.14,98.62,98.2,97.76,96.48,3.77,4410.7,2.8713
2022-02-25,2022,2,25,4,1,0,56,97.99,4724.8,1243.0,20.21,20.4,5.8,0,SUP-002,Silva Green Leaves,1,562.8,0,0,488104.18,93.05,99.96,97.17,103.41,98.53,94.77,97.69,96.31,3.75,4436.4,-1.9708
2022-02-26,2022,2,26,5,1,1,57,93.05,3403.8,611.5,17.36,20.1,5.2,0,SUP-002,Silva Green Leaves,1,612.6,0,0,327339.23,94.15,97.99,99.96,97.17,98.22,98.77,96.95,96.4,4.12,4392.4,-5.0413
2022-02-27,2022,2,27,6,1,1,58,94.15,3223.7,812.7,21.54,18.6,6.3,0,SUP-003,Nuwara Estates Ltd,0,0.0,0,0,321016.91,103.68,93.05,97.99,99.96,95.91,91.74,96.7,96.46,4.25,4346.9,1.1822
2022-02-28,2022,2,28,0,1,0,59,103.68,4921.1,1335.9,19.03,18.2,2.0,0,SUP-002,Silva Green Leaves,1,614.5,0,0,535641.83,103.89,94.15,93.05,97.99,91.14,97.0,98.49,96.82,4.16,4377.8,10.1221
2022-03-01,2022,3,1,1,1,0,60,103.89,4464.5,1264.4,19.57,18.3,0.3,0,SUP-003,Nuwara Estates Ltd,1,824.1,0,1,488561.21,98.91,103.68,94.15,93.05,103.41,104.31,98.56,97.19,4.26,4301.2,0.2025
2022-03-02,2022,3,2,2,1,0,61,98.91,4582.5,1188.7,18.11,19.3,4.4,0,SUP-003,Nuwara Estates Ltd,1,638.0,0,1,474782.43,93.84,103.89,103.68,94.15,97.17,94.2,98.8,97.25,4.21,4295.3,-4.7935
2022-03-03,2022,3,3,3,1,0,62,93.84,4319.9,1294.1,20.45,19.0,0.9,0,SUP-003,Nuwara Estates Ltd,1,795.2,0,1,431843.76,95.73,98.91,103.89,103.68,99.96,98.62,97.93,97.06,4.55,4234.3,-5.1259
2022-03-04,2022,3,4,4,1,0,63,95.73,5048.1,1216.5,19.95,20.0,0.0,0,SUP-003,Nuwara Estates Ltd,1,734.3,0,1,507523.79,94.38,93.84,98.91,103.89,97.99,98.53,97.61,96.99,4.63,4280.5,2.0141
2022-03-05,2022,3,5,5,1,1,64,94.38,3792.0,568.8,15.46,18.8,1.7,0,SUP-002,Silva Green Leaves,1,570.3,0,1,366682.61,97.7,95.73,93.84,98.91,93.05,98.22,97.8,96.8,4.43,4336.0,-1.4102
2022-03-06,2022,3,6,6,1,1,65,97.7,3584.4,786.0,17.48,19.1,2.6,0,SUP-004,Highlands Tea Farm,0,0.0,0,0,363935.16,100.26,94.38,95.73,93.84,94.15,95.91,98.3,96.98,4.14,4387.5,3.5177
2022-03-07,2022,3,7,0,1,0,66,100.26,4599.9,1175.1,17.55,20.3,5.2,0,SUP-003,Nuwara Estates Ltd,1,690.5,0,0,481808.98,108.4,97.7,94.38,95.73,103.68,91.14,97.82,96.93,3.56,4341.6,2.6203
2022-03-08,2022,3,8,1,1,0,67,108.4,4526.7,1322.5,19.54,20.8,2.9,0,SUP-003,Nuwara Estates Ltd,1,684.6,0,0,516535.93,102.62,100.26,97.7,94.38,103.89,103.41,98.46,97.45,4.97,4350.5,8.1189
2022-03-09,2022,3,9,2,1,0,68,102.62,4506.0,1139.1,19.21,18.8,19.2,0,SUP-004,Highlands Tea Farm,1,485.9,0,0,484287.83,104.5,108.4,100.26,97.7,98.91,97.17,98.99,97.79,5.22,4339.6,-5.3321
2022-03-10,2022,3,10,3,1,0,69,104.5,4705.5,1287.1,19.5,20.1,0.2,0,SUP-001,Perera Tea Estates,1,778.1,1,0,516823.2,103.39,102.62,108.4,100.26,93.84,99.96,100.51,98.05,5.02,4394.7,1.832
2022-03-11,2022,3,11,4,1,0,70,103.39,4734.6,1193.0,18.72,19.8,6.3,0,SUP-003,Nuwara Estates Ltd,1,740.8,1,0,511843.25,94.23,104.5,102.62,108.4,95.73,97.99,101.61,98.48,4.62,4349.9,-1.0622
2022-03-12,2022,3,12,5,1,1,71,94.23,3623.1,619.3,20.24,21.6,7.6,0,SUP-003,Nuwara Estates Ltd,0,0.0,0,0,353939.34,97.57,103.39,104.5,102.62,94.38,93.05,101.59,98.35,4.66,4325.7,-8.8597
2022-03-13,2022,3,13,6,1,1,72,97.57,3668.4,720.3,18.51,18.4,0.0,0,SUP-001,Perera Tea Estates,0,0.0,0,0,371258.54,99.62,94.23,103.39,104.5,97.7,94.15,101.57,98.44,4.68,4337.7,3.5445
2022-03-14,2022,3,14,0,1,0,73,99.62,4663.6,1261.6,19.5,19.0,1.4,0,SUP-004,Highlands Tea Farm,1,530.8,0,0,489189.03,106.49,97.57,94.23,103.39,100.26,103.68,101.48,98.47,4.71,4346.8,2.1011
2022-03-15,2022,3,15,1,1,0,74,106.49,4719.4,1228.2,16.73,20.0,1.6,0,SUP-005,Kandyan Leaf Growers,1,685.7,0,0,523116.69,102.67,99.62,97.57,94.23,108.4,103.89,101.2,98.96,4.28,4374.4,6.8962
2022-03-16,2022,3,16,2,1,0,75,102.67,4928.1,1168.1,18.17,19.6,1.2,0,SUP-003,Nuwara Estates Ltd,1,769.7,0,0,527192.4,94.24,106.49,99.62,97.57,102.62,98.91,101.21,99.15,4.28,4434.7,-3.5872
2022-03-17,2022,3,17,3,1,0,76,94.24,4740.2,1215.1,17.78,18.1,2.6,0,SUP-001,Perera Tea Estates,1,856.6,0,0,468320.93,98.6,102.67,106.49,99.62,104.5,93.84,99.74,98.82,4.7,4439.6,-8.2108
2022-03-18,2022,3,18,4,1,0,77,98.6,4639.5,1199.1,20.51,20.3,2.3,0,SUP-001,Perera Tea Estates,1,811.4,0,0,482048.24,98.34,94.24,102.67,106.49,103.39,95.73,99.06,98.96,4.43,4426.0,4.6265
2022-03-19,2022,3,19,5,1,1,78,98.34,3438.8,708.0,20.06,16.7,3.8,0,SUP-002,Silva Green Leaves,1,691.8,0,0,352374.07,97.86,98.6,94.24,102.67,94.23,94.38,99.65,98.95,3.92,4399.7,-0.2637
2022-03-20,2022,3,20,6,1,1,79,97.86,3375.5,541.1,20.64,21.4,8.4,0,SUP-003,Nuwara Estates Ltd,0,0.0,0,0,341494.73,98.51,98.34,98.6,94.24,97.57,97.7,99.69,98.93,3.9,4357.9,-0.4881
2022-03-21,2022,3,21,0,1,0,80,98.51,4559.0,1152.3,20.03,18.2,14.0,0,SUP-001,Perera Tea Estates,1,884.5,0,0,472187.66,99.25,97.86,98.34,98.6,99.62,100.26,99.53,98.94,3.92,4342.9,0.6642
2022-03-22,2022,3,22,1,1,0,81,99.25,4711.5,1236.0,17.67,19.8,11.2,0,SUP-003,Nuwara Estates Ltd,1,744.3,0,0,489456.5,104.76,98.51,97.86,98.34,106.49,108.4,98.5,99.05,2.47,4341.8,0.7512
2022-03-23,2022,3,23,2,1,0,82,104.76,4458.2,1290.5,18.8,16.3,1.2,0,SUP-003,Nuwara Estates Ltd,0,0.0,0,0,491302.43,104.51,99.25,98.51,97.86,102.67,102.62,98.79,99.51,3.1,4274.7,5.5516
2022-03-24,2022,3,24,3,1,0,83,104.51,4603.7,1133.2,19.69,18.6,9.7,0,SUP-002,Silva Green Leaves,1,651.2,1,0,503445.39,98.23,104.76,99.25,98.51,94.24,104.5,100.26,99.54,3.02,4255.2,-0.2386
2022-03-25,2022,3,25,4,1,0,84,98.23,4414.3,1127.9,19.42,17.6,8.5,0,SUP-001,Perera Tea Estates,1,927.0,0,0,455520.51,96.64,104.51,104.76,99.25,98.6,103.39,100.21,99.58,3.05,4223.0,-6.009
2022-03-26,2022,3,26,5,1,1,85,96.64,3733.9,646.5,19.13,19.5,1.7,0,SUP-003,Nuwara Estates Ltd,1,803.6,0,0,373211.64,101.36,98.23,104.51,104.76,98.34,94.23,99.97,99.47,3.29,4265.2,-1.6187
2022-03-27,2022,3,27,6,1,1,86,101.36,3449.4,799.2,18.18,17.9,6.0,0,SUP-005,Kandyan Leaf Growers,0,0.0,0,0,364160.64,102.78,96.64,98.23,104.51,97.86,97.57,100.47,99.58,3.18,4275.7,4.8841
2022-03-28,2022,3,28,0,1,0,87,102.78,4576.4,1092.1,21.38,16.9,11.5,0,SUP-002,Silva Green Leaves,1,577.2,0,0,493711.49,101.7,101.36,96.64,98.23,98.51,99.62,101.08,99.9,3.15,4278.2,1.4009
2022-03-29,2022,3,29,1,1,0,88,101.7,4652.8,1233.8,17.66,20.0,0.2,0,SUP-003,Nuwara Estates Ltd,1,834.8,0,0,494978.67,96.47,102.78,101.36,96.64,99.25,106.49,101.43,100.16,3.05,4269.8,-1.0508
2022-03-30,2022,3,30,2,1,0,89,96.47,4591.5,1245.7,18.92,20.9,6.9,0,SUP-003,Nuwara Estates Ltd,1,711.2,0,0,466510.65,110.44,101.7,102.78,101.36,104.76,102.67,100.24,99.92,3.14,4288.9,-5.1426
2022-03-31,2022,3,31,3,1,0,90,110.44,4341.7,1046.1,22.2,21.4,15.0,0,SUP-003,Nuwara Estates Ltd,1,864.8,0,0,502720.77,101.65,96.47,101.7,102.78,104.51,94.24,101.09,100.13,4.83,4251.4,14.4812
2022-04-01,2022,4,1,4,2,0,91,101.65,4477.4,1224.8,18.82,17.9,2.8,0,SUP-001,Perera Tea Estates,1,889.4,0,1,478178.45,97.35,110.44,96.47,101.7,98.23,98.6,101.58,100.22,4.66,4260.4,-7.9591
2022-04-02,2022,4,2,5,2,1,92,97.35,3494.6,547.0,18.88,17.9,13.1,0,SUP-002,Silva Green Leaves,1,618.8,0,1,350526.67,90.47,101.65,110.44,96.47,96.64,98.34,101.68,100.34,4.55,4226.3,-4.2302
2022-04-03,2022,4,3,6,2,1,93,90.47,3724.8,588.3,18.31,16.9,4.5,0,SUP-002,Silva Green Leaves,0,0.0,0,1,347754.43,101.11,97.35,101.65,110.44,101.36,97.86,100.12,100.17,6.23,4265.6,-7.0673
2022-04-04,2022,4,4,0,2,0,94,101.11,4553.8,1172.5,18.32,17.4,4.8,0,SUP-003,Nuwara Estates Ltd,1,705.4,0,1,481914.92,98.68,90.47,97.35,101.65,102.78,98.51,99.88,100.39,6.14,4262.4,11.7608
2022-04-05,2022,4,5,1,2,0,95,98.68,4668.5,1211.1,17.74,18.0,14.9,0,SUP-002,Silva Green Leaves,1,641.1,0,1,482172.49,97.88,101.11,90.47,97.35,101.7,99.25,99.45,100.42,6.1,4264.6,-2.4033
2022-04-06,2022,4,6,2,2,0,96,97.88,4956.7,1232.5,15.5,15.6,2.8,0,SUP-003,Nuwara Estates Ltd,1,773.3,0,0,504265.55,97.85,98.68,101.11,90.47,96.47,104.76,99.65,100.34,6.0,4316.8,-0.8107
2022-04-07,2022,4,7,3,2,0,97,97.85,4922.7,1132.7,18.17,17.1,9.5,0,SUP-004,Highlands Tea Farm,0,0.0,0,0,502267.35,93.13,97.88,98.68,101.11,110.44,104.51,97.86,99.99,3.66,4399.8,-0.0306
2022-04-08,2022,4,8,4,2,0,98,93.13,4412.5,1242.2,19.31,16.7,0.8,0,SUP-003,Nuwara Estates Ltd,1,709.6,0,0,434923.01,99.29,97.85,97.88,98.68,101.65,98.23,96.64,99.68,3.61,4390.5,-4.8237
2022-04-09,2022,4,9,5,2,1,99,99.29,3637.1,679.6,20.85,16.9,6.4,0,SUP-003,Nuwara Estates Ltd,1,668.4,0,0,375297.32,96.8,93.13,97.85,97.88,97.35,96.64,96.92,99.5,3.74,4410.9,6.6144
2022-04-10,2022,4,10,6,2,1,100,96.8,3369.7,479.7,18.88,17.4,8.3,0,SUP-003,Nuwara Estates Ltd,0,0.0,0,0,335243.7,99.6,99.29,93.13,97.85,90.47,101.36,97.82,99.28,2.48,4360.1,-2.5078
2022-04-11,2022,4,11,0,2,0,101,99.6,4362.9,1237.9,18.75,17.7,9.5,0,SUP-005,Kandyan Leaf Growers,1,668.0,0,0,457755.46,101.8,96.8,99.29,93.13,101.11,102.78,97.6,99.46,2.19,4332.9,2.8926
2022-04-12,2022,4,12,1,2,0,102,101.8,4586.8,1187.9,17.71,18.2,5.3,0,SUP-002,Silva Green Leaves,1,621.3,0,0,487973.95,104.11,99.6,96.8,99.29,98.68,101.7,98.05,99.6,2.7,4321.2,2.2088
2022-04-13,2022,4,13,2,2,0,103,104.11,4887.7,1149.0,19.07,18.5,16.6,0,SUP-003,Nuwara Estates Ltd,1,805.8,0,0,530769.88,102.78,101.8,99.6,96.8,97.88,96.47,98.94,99.75,3.54,4311.3,2.2692
2022-04-14,2022,4,14,3,2,0,104,102.78,4548.7,1113.3,19.71,17.2,2.1,0,SUP-002,Silva Green Leaves,1,633.7,0,0,489458.53,99.14,104.11,101.8,99.6,97.85,110.44,99.64,99.63,3.77,4257.9,-1.2775
2022-04-15,2022,4,15,4,2,0,105,99.14,4736.5,1101.0,20.56,17.3,0.8,0,SUP-001,Perera Tea Estates,1,835.8,0,0,492213.17,105.25,102.78,104.11,101.8,93.13,101.65,100.5,99.51,2.51,4304.2,-3.5415
2022-04-16,2022,4,16,5,2,1,106,105.25,3413.3,744.4,19.72,19.8,1.1,0,SUP-001,Perera Tea Estates,1,909.1,0,0,373929.39,95.24,99.14,102.78,104.11,99.29,97.35,101.35,99.88,2.99,4272.2,6.163
2022-04-17,2022,4,17,6,2,1,107,95.24,3720.7,541.2,18.13,18.2,3.2,0,SUP-004,Highlands Tea Farm,0,0.0,0,0,364171.42,97.39,105.25,99.14,102.78,96.8,90.47,101.13,99.77,3.42,4322.4,-9.5107
2022-04-18,2022,4,18,0,2,0,108,97.39,4695.8,1261.8,19.22,19.4,1.5,0,SUP-002,Silva Green Leaves,0,0.0,1,0,481575.76,95.81,95.24,105.25,99.14,99.6,101.11,100.82,99.73,3.67,4369.9,2.2575
2022-04-19,2022,4,19,1,2,0,109,95.81,4916.5,1243.6,18.63,17.5,1.6,0,SUP-002,Silva Green Leaves,1,684.2,0,0,494218.13,101.81,97.39,95.24,105.25,101.8,98.68,99.96,99.67,4.08,4417.0,-1.6223
2022-04-20,2022,4,20,2,2,0,110,101.81,4519.1,1252.1,17.42,15.9,0.3,0,SUP-005,Kandyan Leaf Growers,1,570.7,1,0,481901.15,104.75,95.81,97.39,95.24,104.11,97.88,99.63,99.78,3.77,4364.4,6.2624
2022-04-21,2022,4,21,3,2,0,111,104.75,4708.6,1228.9,20.16,17.5,7.3,0,SUP-003,Nuwara Estates Ltd,1,676.2,0,0,518000.47,101.86,101.81,95.81,97.39,102.78,97.85,99.91,99.96,4.11,4387.2,2.8877
2022-04-22,2022,4,22,4,2,0,112,101.86,4619.9,1242.3,18.49,17.5,11.6,0,SUP-003,Nuwara Estates Ltd,1,715.6,0,0,493553.14,101.01,104.75,101.81,95.81,99.14,93.13,100.3,99.86,4.15,4370.6,-2.7589
2022-04-23,2022,4,23,5,2,1,113,101.01,3381.7,568.4,17.78,15.6,3.7,0,SUP-003,Nuwara Estates Ltd,1,746.3,0,0,351691.67,99.6,101.86,104.75,101.81,105.25,99.29,99.7,99.75,3.58,4366.0,-0.8345
2022-04-24,2022,4,24,6,2,1,114,99.6,3173.3,545.8,18.78,16.9,0.6,0,SUP-003,Nuwara Estates Ltd,0,0.0,0,0,326310.8,100.5,101.01,101.86,104.75,95.24,96.8,100.32,99.79,3.0,4287.8,-1.3959
2022-04-25,2022,4,25,0,2,0,115,100.5,4624.1,1148.3,20.35,15.6,0.6,0,SUP-001,Perera Tea Estates,1,855.0,0,0,488089.96,103.62,99.6,101.01,101.86,97.39,99.6,100.76,99.92,2.71,4277.6,0.9036
2022-04-26,2022,4,26,1,2,0,116,103.62,4512.7,1196.7,17.75,17.0,2.6,0,SUP-003,Nuwara Estates Ltd,1,769.0,0,0,488847.4,104.69,100.5,99.6,101.01,95.81,101.8,101.88,100.0,1.79,4219.9,3.1045
2022-04-27,2022,4,27,2,2,0,117,104.69,4664.1,1039.6,19.71,14.5,0.6,0,SUP-001,Perera Tea Estates,1,846.4,0,0,508775.14,108.04,103.62,100.5,99.6,101.81,104.11,102.29,100.06,2.08,4240.6,1.0326
2022-04-28,2022,4,28,3,2,0,118,108.04,4740.3,1206.0,19.37,16.4,3.0,0,SUP-001,Perera Tea Estates,0,0.0,1,0,535502.23,93.74,104.69,103.62,100.5,104.75,102.78,102.76,100.27,2.92,4245.2,3.1999
2022-04-29,2022,4,29,4,2,0,119,93.74,4765.6,1382.3,19.18,16.9,7.1,0,SUP-001,Perera Tea Estates,1,756.9,0,0,473239.86,100.8,108.04,104.69,103.62,101.86,99.14,101.6,100.18,4.52,4266.0,-13.2358
2022-04-30,2022,4,30,5,2,1,120,100.8,3620.7,553.8,19.12,16.5,17.7,0,SUP-002,Silva Green Leaves,0,0.0,1,0,375555.22,93.55,93.74,108.04,104.69,101.01,105.25,101.57,99.86,4.52,4300.1,7.5315
2022-05-01,2022,5,1,6,2,1,121,93.55,3458.7,416.4,20.81,14.6,66.3,1,SUP-003,Nuwara Estates Ltd,0,0.0,0,1,332226.67,98.21,100.8,93.74,108.04,99.6,95.24,100.71,99.59,5.45,4340.9,-7.1925
2022-05-02,2022,5,2,0,2,0,122,98.21,5058.6,1140.1,20.05,14.5,5.4,0,SUP-002,Silva Green Leaves,1,663.3,0,1,519664.11,102.86,93.55,100.8,93.74,100.5,97.39,100.38,99.62,5.53,4403.0,4.9813
2022-05-03,2022,5,3,1,2,0,123,102.86,5187.3,1363.6,18.59,17.5,12.6,0,SUP-002,Silva Green Leaves,1,544.8,0,1,558915.0,105.81,98.21,93.55,100.8,103.62,95.81,100.27,100.03,5.46,4499.3,4.7348
2022-05-04,2022,5,4,2,2,0,124,105.81,4607.9,1162.7,19.96,17.8,46.2,1,SUP-003,Nuwara Estates Ltd,0,0.0,0,1,510769.39,98.42,102.86,98.21,93.55,104.69,101.81,100.43,100.19,5.63,4491.3,2.868
2022-05-05,2022,5,5,3,2,0,125,98.42,4693.2,1109.4,18.98,16.8,1.0,0,SUP-001,Perera Tea Estates,1,829.8,0,1,482961.16,100.24,105.81,102.86,98.21,108.04,104.75,99.06,100.18,4.52,4484.6,-6.9842
2022-05-06,2022,5,6,4,2,0,126,100.24,5035.2,1169.0,20.11,16.2,13.5,0,SUP-005,Kandyan Leaf Growers,1,637.7,0,0,528237.04,106.12,98.42,105.81,102.86,93.74,101.86,99.98,100.26,3.87,4523.1,1.8492
2022-05-07,2022,5,7,5,2,1,127,106.12,3204.9,395.0,19.34,13.2,21.6,0,SUP-003,Nuwara Estates Ltd,0,0.0,0,0,347743.29,93.25,100.24,98.42,105.81,100.8,101.01,100.74,100.53,4.53,4463.7,5.8659
2022-05-08,2022,5,8,6,2,1,128,93.25,3513.5,692.0,18.42,16.7,0.3,0,SUP-001,Perera Tea Estates,0,0.0,1,0,340380.52,109.74,106.12,100.24,98.42,93.55,99.6,100.7,100.54,4.61,4471.5,-12.1278
2022-05-09,2022,5,9,0,2,0,129,109.74,4355.0,1075.1,19.66,18.9,16.3,0,SUP-002,Silva Green Leaves,1,609.9,0,0,499054.17,104.32,93.25,106.12,100.24,98.21,100.5,102.35,100.88,5.53,4371.0,17.6836
2022-05-10,2022,5,10,1,2,0,130,104.32,4941.9,1115.7,19.53,13.1,5.9,0,SUP-002,Silva Green Leaves,0,0.0,0,0,537328.63,96.91,109.74,93.25,106.12,102.86,103.62,102.56,101.14,5.58,4335.9,-4.9389
2022-05-11,2022,5,11,2,2,0,131,96.91,4672.3,1191.9,18.33,13.4,18.3,0,SUP-005,Kandyan Leaf Growers,0,0.0,0,0,474640.12,97.64,104.32,109.74,93.25,105.81,104.69,101.29,101.05,5.73,4345.1,-7.1031
2022-05-12,2022,5,12,3,2,0,132,97.64,4722.2,1265.3,19.68,16.1,12.0,0,SUP-003,Nuwara Estates Ltd,1,787.5,0,0,485976.71,101.73,96.91,104.32,109.74,98.42,108.04,101.17,100.91,5.8,4349.3,0.7533
2022-05-13,2022,5,13,4,2,0,133,101.73,4610.7,1039.6,18.98,13.2,42.1,1,SUP-003,Nuwara Estates Ltd,1,705.8,0,0,488778.12,100.09,97.64,96.91,104.32,100.24,93.74,101.39,100.83,5.79,4288.6,4.1889
2022-05-14,2022,5,14,5,2,1,134,100.09,3591.2,558.2,16.43,14.8,17.8,0,SUP-001,Perera Tea Estates,1,708.0,0,0,368614.43,99.14,101.73,97.64,96.91,106.12,100.8,100.53,100.74,5.4,4343.8,-1.6121
2022-05-15,2022,5,15,6,2,1,135,99.14,3456.9,625.8,17.07,14.3,1.9,0,SUP-002,Silva Green Leaves,0,0.0,0,0,353399.47,99.32,100.09,101.73,97.64,93.25,93.55,101.37,100.74,4.46,4335.7,-0.9491
2022-05-16,2022,5,16,0,2,0,136,99.32,4701.8,1135.7,17.62,15.0,37.8,1,SUP-001,Perera Tea Estates,1,877.4,0,0,486993.81,101.58,99.14,100.09,101.73,109.74,98.21,99.88,100.54,2.51,4385.3,0.1816
2022-05-17,2022,5,17,1,2,0,137,101.58,4527.0,1146.3,18.35,17.0,53.5,1,SUP-003,Nuwara Estates Ltd,0,0.0,0,0,480887.26,103.51,99.32,99.14,100.09,104.32,102.86,99.49,100.75,1.82,4326.0,2.2755
2022-05-18,2022,5,18,2,2,0,138,103.51,4684.7,1131.5,17.92,17.7,20.5,0,SUP-002,Silva Green Leaves,1,669.3,0,0,505189.78,104.71,101.58,99.32,99.14,96.91,105.81,100.43,100.96,1.97,4327.8,1.9
2022-05-19,2022,5,19,3,2,0,139,104.71,4943.9,1042.7,18.84,17.1,23.2,0,SUP-004,Highlands Tea Farm,1,504.5,0,0,537320.24,107.1,103.51,101.58,99.32,97.64,98.42,101.44,101.25,2.11,4359.5,1.1593
2022-05-20,2022,5,20,4,2,0,140,107.1,4993.8,1162.9,18.0,16.9,15.2,0,SUP-005,Kandyan Leaf Growers,0,0.0,0,0,555768.18,102.53,104.71,103.51,101.58,101.73,100.24,102.21,101.43,3.01,4414.2,2.2825
2022-05-21,2022,5,21,5,2,1,141,102.53,3246.7,512.4,18.93,16.5,28.7,0,SUP-003,Nuwara Estates Ltd,1,697.1,0,0,342583.88,100.08,107.1,104.71,103.51,100.09,106.12,102.56,101.35,2.87,4365.0,-4.267
2022-05-22,2022,5,22,6,2,1,142,100.08,3156.2,537.6,18.66,16.7,18.3,0,SUP-002,Silva Green Leaves,0,0.0,0,0,325904.11,98.6,102.53,107.1,104.71,99.14,93.25,102.69,101.3,2.7,4322.0,-2.3895
2022-05-23,2022,5,23,0,2,0,143,98.6,4511.2,1152.6,19.37,13.6,25.4,0,SUP-002,Silva Green Leaves,1,677.2,0,0,467130.18,102.25,100.08,102.53,107.1,99.32,109.74,102.59,101.21,2.86,4294.8,-1.4788
2022-05-24,2022,5,24,1,2,0,144,102.25,4618.2,1170.2,19.88,15.8,12.4,0,SUP-004,Highlands Tea Farm,1,498.1,0,0,495474.53,100.43,98.6,100.08,102.53,101.58,104.32,102.68,101.3,2.83,4307.8,3.7018
2022-05-25,2022,5,25,2,2,0,145,100.43,5031.1,1137.0,17.87,15.1,8.9,0,SUP-004,Highlands Tea Farm,0,0.0,0,0,525591.56,100.61,102.25,98.6,100.08,103.51,96.91,102.24,101.3,2.92,4357.3,-1.78
2022-05-26,2022,5,26,3,2,0,146,100.61,4583.0,1086.8,17.4,12.2,4.6,0,SUP-004,Highlands Tea Farm,0,0.0,0,0,480005.95,103.5,100.43,102.25,98.6,104.71,97.64,101.66,101.2,2.74,4305.7,0.1792
2022-05-27,2022,5,27,4,2,0,147,103.5,4414.5,1198.9,19.28,15.3,29.2,0,SUP-001,Perera Tea Estates,1,738.9,0,0,480015.54,102.18,100.61,100.43,102.25,107.1,101.73,101.14,101.16,1.69,4223.0,2.8725
2022-05-28,2022,5,28,5,2,1,148,102.18,3713.7,582.6,19.11,13.7,3.4,0,SUP-001,Perera Tea Estates,1,815.6,0,0,390599.35,94.02,103.5,100.61,100.43,102.53,100.09,101.09,100.97,1.64,4289.7,-1.2754
2022-05-29,2022,5,29,6,2,1,149,94.02,3331.5,693.7,18.91,14.8,24.3,0,SUP-001,Perera Tea Estates,0,0.0,0,0,326345.5,102.4,102.18,103.5,100.61,100.08,99.14,100.23,100.98,3.16,4314.7,-7.9859
2022-05-30,2022,5,30,0,2,0,150,102.4,4239.3,1184.2,17.84,13.2,9.4,0,SUP-001,Perera Tea Estates,1,905.9,0,0,455230.45,100.7,94.02,102.18,103.5,98.6,99.32,100.77,101.03,3.16,4275.9,8.913
2022-05-31,2022,5,31,1,2,0,151,100.7,4685.9,1188.1,18.34,13.3,19.7,0,SUP-003,Nuwara Estates Ltd,1,664.0,0,0,493659.88,113.06,102.4,94.02,102.18,102.25,101.58,100.55,101.27,3.09,4285.6,-1.6602
2022-06-01,2022,6,1,2,2,0,152,113.06,4139.3,1121.6,20.32,15.4,2.6,0,SUP-004,Highlands Tea Farm,0,0.0,0,1,490780.17,116.71,100.7,102.4,94.02,100.43,103.51,102.35,101.76,5.65,4158.2,12.2741
2022-06-02,2022,6,2,3,2,0,153,116.71,4158.4,1108.7,18.11,14.1,4.6,0,SUP-002,Silva Green Leaves,1,724.8,1,1,505405.42,114.54,113.06,100.7,102.4,100.61,104.71,104.65,102.22,7.72,4097.5,3.2284
2022-06-03,2022,6,3,4,2,0,154,114.54,4170.5,1122.7,18.05,15.1,50.4,1,SUP-003,Nuwara Estates Ltd,1,773.0,0,1,497953.8,124.79,116.71,113.06,100.7,103.5,107.1,106.23,102.51,8.53,4062.7,-1.8593
2022-06-04,2022,6,4,5,2,1,155,124.79,2833.8,618.6,18.44,15.0,6.1,0,SUP-003,Nuwara Estates Ltd,1,685.4,0,1,365036.89,116.47,114.54,116.71,113.06,102.18,102.53,109.46,103.39,10.73,3937.0,8.9488
2022-06-05,2022,6,5,6,2,1,156,116.47,2845.4,623.8,16.73,14.8,4.5,0,SUP-002,Silva Green Leaves,0,0.0,0,1,341839.91,125.3,124.79,114.54,116.71,94.02,100.08,112.67,103.93,8.47,3867.5,-6.6672
2022-06-06,2022,6,6,0,2,0,157,125.3,4048.6,1199.5,17.41,14.2,28.0,0,SUP-002,Silva Green Leaves,1,685.9,1,0,528172.88,127.25,116.47,124.79,114.54,102.4,98.6,115.94,104.57,8.26,3840.3,7.5814
2022-06-07,2022,6,7,1,2,0,158,127.25,4050.1,1105.4,20.26,14.5,9.8,0,SUP-003,Nuwara Estates Ltd,1,631.7,0,0,537770.63,122.04,125.3,116.47,124.79,100.7,102.25,119.73,105.71,5.84,3749.4,1.5563
2022-06-08,2022,6,8,2,2,0,159,122.04,3911.4,1118.3,19.5,16.1,9.8,0,SUP-005,Kandyan Leaf Growers,0,0.0,0,0,499154.11,117.06,127.25,125.3,116.47,113.06,100.43,121.01,106.12,5.06,3716.9,-4.0943
2022-06-09,2022,6,9,3,2,0,160,117.06,4445.0,1203.1,17.58,12.8,44.4,1,SUP-002,Silva Green Leaves,1,615.0,0,0,541482.2,115.72,122.04,127.25,125.3,116.71,100.61,121.06,106.54,5.01,3757.8,-4.0806
2022-06-10,2022,6,10,4,2,0,161,115.72,3957.1,1023.0,19.19,14.8,41.8,1,SUP-005,Kandyan Leaf Growers,0,0.0,0,0,477546.98,115.6,117.06,122.04,127.25,114.54,103.5,121.23,107.17,4.77,3727.3,-1.1447
2022-06-11,2022,6,11,5,2,1,162,115.6,2630.9,523.2,18.51,15.9,5.9,0,SUP-001,Perera Tea Estates,1,828.9,0,0,313816.47,110.39,115.72,117.06,122.04,124.79,102.18,119.92,107.77,4.89,3698.4,-0.1037
2022-06-12,2022,6,12,6,2,1,163,110.39,2848.6,545.3,18.96,14.5,22.2,0,SUP-001,Perera Tea Estates,0,0.0,0,0,324795.84,119.85,115.6,115.72,117.06,116.47,94.02,119.05,108.06,6.02,3698.8,-4.5069
2022-06-13,2022,6,13,0,2,0,164,119.85,3806.5,1151.1,19.88,14.7,3.5,0,SUP-002,Silva Green Leaves,1,658.0,0,0,479092.89,123.72,110.39,115.6,115.72,125.3,102.4,118.27,108.71,5.39,3664.2,8.5696
2022-06-14,2022,6,14,1,2,0,165,123.72,3863.0,1153.1,20.44,13.6,6.9,0,SUP-002,Silva Green Leaves,1,605.0,0,0,501499.72,122.65,119.85,110.39,115.6,127.25,100.7,117.77,109.53,4.51,3637.5,3.229
2022-06-15,2022,6,15,2,2,0,166,122.65,4171.2,1179.1,16.25,11.2,21.2,0,SUP-002,Silva Green Leaves,1,608.7,1,0,530758.05,124.4,123.72,119.85,110.39,122.04,113.06,117.86,110.31,4.61,3674.6,-0.8649
2022-06-16,2022,6,16,3,2,0,167,124.4,4143.9,1074.7,20.48,15.3,9.8,0,SUP-005,Kandyan Leaf Growers,1,575.4,0,0,537511.02,116.77,122.65,123.72,119.85,117.06,116.71,118.9,111.07,5.19,3631.6,1.4268
2022-06-17,2022,6,17,4,2,0,168,116.77,4177.5,1221.3,20.38,10.8,21.8,0,SUP-001,Perera Tea Estates,1,856.0,0,0,512696.77,123.78,124.4,122.65,123.72,115.72,114.54,119.05,111.51,5.1,3663.1,-6.1334
2022-06-18,2022,6,18,5,2,1,169,123.78,2697.4,472.9,20.31,12.8,1.1,0,SUP-001,Perera Tea Estates,1,868.4,0,0,343488.77,115.66,116.77,124.4,122.65,115.6,124.79,120.22,112.15,5.11,3672.6,6.0033
2022-06-19,2022,6,19,6,2,1,170,115.66,2919.4,455.1,20.44,14.9,18.2,0,SUP-003,Nuwara Estates Ltd,0,0.0,0,0,346960.05,126.44,123.78,116.77,124.4,110.39,116.47,120.98,112.44,3.59,3682.7,-6.56
2022-06-20,2022,6,20,0,2,0,171,126.44,4491.4,1070.4,18.08,13.3,14.5,0,SUP-001,Perera Tea Estates,1,861.8,0,0,587245.45,127.65,115.66,123.78,116.77,119.85,125.3,121.92,113.23,4.07,3780.5,9.3204
2022-06-21,2022,6,21,1,2,0,172,127.65,4011.0,1208.5,18.04,15.0,1.4,0,SUP-002,Silva Green Leaves,1,652.2,0,0,533805.49,120.45,126.44,115.66,123.78,123.72,127.25,122.48,114.15,4.6,3801.7,0.957
2022-06-22,2022,6,22,2,2,0,173,120.45,3768.9,1170.3,20.87,11.3,7.1,0,SUP-001,Perera Tea Estates,1,886.6,0,0,478388.17,117.62,127.65,126.44,115.66,122.65,122.04,122.16,114.88,4.66,3744.2,-5.6404
2022-06-23,2022,6,23,3,2,0,174,117.62,3828.5,1076.0,18.75,14.2,27.4,0,SUP-004,Highlands Tea Farm,1,499.1,0,0,470483.17,120.97,120.45,127.65,126.44,124.4,117.06,121.2,115.39,4.82,3699.2,-2.3495
2022-06-24,2022,6,24,4,2,0,175,120.97,4066.9,1235.1,20.94,14.3,26.7,0,SUP-005,Kandyan Leaf Growers,1,623.9,0,0,517835.89,119.45,117.62,120.45,127.65,116.77,115.72,121.8,116.08,4.42,3683.4,2.8482
2022-06-25,2022,6,25,5,2,1,176,119.45,2629.6,447.0,19.0,12.7,23.6,0,SUP-004,Highlands Tea Farm,1,446.1,0,0,322598.72,115.83,120.97,117.62,120.45,123.78,115.6,121.18,116.7,4.4,3673.7,-1.2565
2022-06-26,2022,6,26,6,2,1,177,115.83,2638.3,629.4,18.87,11.5,12.9,0,SUP-002,Silva Green Leaves,0,0.0,0,0,317471.07,129.65,119.45,120.97,117.62,115.66,110.39,121.2,117.12,4.37,3633.5,-3.0306
2022-06-27,2022,6,27,0,2,0,178,129.65,3812.1,996.8,19.1,16.2,42.0,1,SUP-005,Kandyan Leaf Growers,1,676.3,0,0,513277.64,130.9,115.83,119.45,120.97,126.44,119.85,121.66,118.03,5.11,3536.5,11.9313
2022-06-28,2022,6,28,1,2,0,179,130.9,4230.9,1177.8,18.0,12.8,3.3,0,SUP-002,Silva Green Leaves,1,585.2,0,0,575025.21,128.59,129.65,115.83,119.45,127.65,123.72,122.12,119.26,5.84,3567.9,0.9641
2022-06-29,2022,6,29,2,2,0,180,128.59,3672.4,980.9,22.89,11.7,0.6,0,SUP-003,Nuwara Estates Ltd,1,764.5,0,0,494686.72,119.08,130.9,129.65,115.83,120.45,122.65,123.29,120.13,6.25,3554.1,-1.7647
2022-06-30,2022,6,30,3,2,0,181,119.08,3912.1,1149.6,18.26,12.0,6.1,0,SUP-002,Silva Green Leaves,1,543.4,1,0,486844.56,123.32,128.59,130.9,129.65,117.62,124.4,123.5,120.75,6.05,3566.0,-7.3956
2022-07-01,2022,7,1,4,3,0,182,123.32,3952.3,1119.9,16.94,12.7,3.9,0,SUP-003,Nuwara Estates Ltd,1,815.8,0,1,506368.74,116.98,119.08,128.59,130.9,120.97,116.77,123.83,121.09,5.95,3549.7,3.5606
2022-07-02,2022,7,2,5,3,1,183,116.98,2253.7,572.9,21.83,13.8,2.9,0,SUP-002,Silva Green Leaves,1,578.0,0,1,276144.23,114.6,123.32,119.08,128.59,119.45,123.78,123.48,121.1,6.32,3496.0,-5.1411
2022-07-03,2022,7,3,6,3,1,184,114.6,2815.1,535.3,17.03,11.4,27.9,0,SUP-001,Perera Tea Estates,0,0.0,0,1,331726.62,124.8,116.98,123.32,119.08,115.83,115.66,123.3,121.1,6.58,3521.2,-2.0345
2022-07-04,2022,7,4,0,3,0,185,124.8,4116.2,1118.5,20.83,10.4,14.5,0,SUP-001,Perera Tea Estates,1,917.9,0,1,537000.12,123.74,114.6,116.98,123.32,129.65,126.44,122.61,121.1,6.03,3564.7,8.9005
2022-07-05,2022,7,5,1,3,0,186,123.74,4197.3,1207.9,17.18,11.2,28.9,0,SUP-005,Kandyan Leaf Growers,1,687.9,0,1,540125.62,125.82,124.8,114.6,116.98,130.9,127.65,121.59,121.34,4.89,3559.9,-0.8494
2022-07-06,2022,7,6,2,3,0,187,125.82,4167.5,1157.6,18.52,10.0,10.6,0,SUP-004,Highlands Tea Farm,1,583.4,0,0,545793.6,122.95,123.74,124.8,114.6,128.59,120.45,121.19,121.36,4.3,3630.6,1.6809
2022-07-07,2022,7,7,3,3,0,188,122.95,3883.1,1106.6,19.41,13.7,0.6,0,SUP-004,Highlands Tea Farm,1,528.7,0,0,498906.25,117.41,125.82,123.74,124.8,119.08,117.62,121.74,121.22,4.23,3626.5,-2.281
2022-07-08,2022,7,8,4,3,0,189,117.41,4318.2,1090.9,19.57,14.2,4.2,0,SUP-005,Kandyan Leaf Growers,1,656.4,0,0,528348.77,118.85,122.95,125.82,123.74,123.32,120.97,120.9,121.06,4.45,3678.7,-4.5059
2022-07-09,2022,7,9,5,3,1,190,118.85,2442.2,446.4,18.35,13.2,12.4,0,SUP-003,Nuwara Estates Ltd,1,762.2,0,0,298446.91,122.68,117.41,122.95,125.82,116.98,119.45,121.17,121.12,4.23,3705.7,1.2265
2022-07-10,2022,7,10,6,3,1,191,122.68,2732.0,495.2,20.06,13.4,9.0,0,SUP-004,Highlands Tea Farm,0,0.0,0,0,345095.47,122.5,118.85,117.41,122.95,114.6,115.83,122.32,121.35,3.08,3693.8,3.2225
2022-07-11,2022,7,11,0,3,0,192,122.5,4402.9,1117.0,17.32,12.7,25.2,0,SUP-002,Silva Green Leaves,1,740.2,0,0,558701.69,119.67,122.68,118.85,117.41,124.8,129.65,121.99,121.58,2.89,3734.7,-0.1467
2022-07-12,2022,7,12,1,3,0,193,119.67,4323.6,1087.4,20.19,11.6,13.8,0,SUP-005,Kandyan Leaf Growers,1,775.0,0,0,539359.82,119.29,122.5,122.68,118.85,123.74,130.9,121.41,121.89,2.89,3752.8,-2.3102
2022-07-13,2022,7,13,2,3,0,194,119.29,3581.7,1059.1,22.65,10.8,26.2,0,SUP-002,Silva Green Leaves,1,480.3,0,0,451249.61,131.23,119.67,122.5,122.68,125.82,128.59,120.48,121.87,2.21,3669.1,-0.3175
2022-07-14,2022,7,14,3,3,0,195,131.23,3906.9,1083.4,18.73,11.7,29.2,0,SUP-003,Nuwara Estates Ltd,0,0.0,0,0,532994.57,120.37,119.29,119.67,122.5,122.95,119.08,121.66,122.12,4.63,3672.5,10.0092
2022-07-15,2022,7,15,4,3,0,196,120.37,3950.6,1154.0,16.58,14.5,23.3,0,SUP-003,Nuwara Estates Ltd,1,821.9,0,0,494667.04,120.33,131.23,119.29,119.67,117.41,123.32,122.08,122.05,4.31,3620.0,-8.2755
2022-07-16,2022,7,16,5,3,1,197,120.33,2692.6,539.3,19.08,12.6,24.5,0,SUP-001,Perera Tea Estates,1,741.5,0,0,334290.4,121.52,120.37,131.23,119.29,118.85,116.98,122.3,121.91,4.15,3655.8,-0.0332
2022-07-17,2022,7,17,6,3,1,198,121.52,2368.3,536.7,18.87,12.2,4.3,0,SUP-003,Nuwara Estates Ltd,0,0.0,0,0,297923.34,131.03,120.33,120.37,131.23,122.68,114.6,122.13,122.07,4.16,3603.8,0.9889
2022-07-18,2022,7,18,0,3,0,199,131.03,3780.7,1191.4,19.16,12.2,14.3,0,SUP-002,Silva Green Leaves,0,0.0,0,0,518212.34,118.24,121.52,120.33,120.37,122.5,124.8,123.35,122.31,5.36,3514.9,7.8259
2022-07-19,2022,7,19,1,3,0,200,118.24,4033.2,1227.4,16.46,10.7,16.8,0,SUP-004,Highlands Tea Farm,1,490.7,0,0,497088.57,122.29,131.03,121.52,120.33,119.67,123.74,123.14,122.4,5.55,3473.4,-9.7611
2022-07-20,2022,7,20,2,3,0,201,122.29,3998.1,1148.2,19.08,12.8,39.5,1,SUP-004,Highlands Tea Farm,0,0.0,1,0,510835.31,126.75,118.24,131.03,121.52,119.29,125.82,123.57,122.26,5.31,3532.9,3.4252
2022-07-21,2022,7,21,3,3,0,202,126.75,3609.9,1148.0,17.59,10.4,5.5,0,SUP-002,Silva Green Leaves,1,646.4,0,0,477748.14,130.78,122.29,118.24,131.03,131.23,122.95,122.93,122.23,4.43,3490.5,3.6471
2022-07-22,2022,7,22,4,3,0,203,130.78,3871.9,1112.3,18.28,14.2,53.5,1,SUP-002,Silva Green Leaves,1,561.0,0,0,526699.93,124.73,126.75,122.29,118.24,120.37,117.41,124.42,122.57,5.12,3479.2,3.1795
2022-07-23,2022,7,23,5,3,1,204,124.73,2662.0,629.3,17.68,11.4,59.8,1,SUP-005,Kandyan Leaf Growers,1,618.8,0,0,343157.28,113.47,130.78,126.75,122.29,120.33,118.85,125.05,122.81,4.8,3474.9,-4.6261
2022-07-24,2022,7,24,6,3,1,205,113.47,2399.0,388.5,19.66,11.9,21.6,0,SUP-004,Highlands Tea Farm,0,0.0,1,0,279852.44,112.95,124.73,130.78,126.75,121.52,122.68,123.9,122.56,6.46,3479.3,-9.0275
2022-07-25,2022,7,25,0,3,0,206,112.95,3926.6,1116.1,18.35,11.8,14.6,0,SUP-003,Nuwara Estates Ltd,1,740.4,0,0,463989.9,126.75,113.47,124.73,130.78,131.03,122.5,121.32,122.34,6.74,3500.1,-0.4583
2022-07-26,2022,7,26,1,3,0,207,126.75,3869.9,1098.8,19.23,11.4,10.9,0,SUP-002,Silva Green Leaves,0,0.0,0,0,511639.75,127.99,112.95,113.47,124.73,118.24,119.67,122.53,122.71,6.86,3476.8,12.2178
2022-07-27,2022,7,27,2,3,0,208,127.99,3884.8,1061.8,18.58,12.8,1.7,0,SUP-002,Silva Green Leaves,1,573.7,0,0,516943.8,125.91,126.75,112.95,113.47,122.29,119.29,123.35,122.65,7.16,3460.6,0.9783
2022-07-28,2022,7,28,3,3,0,209,125.91,4060.7,1292.6,17.22,12.5,13.3,0,SUP-001,Perera Tea Estates,1,773.5,0,0,533541.31,121.84,127.99,126.75,112.95,126.75,131.23,123.23,122.49,7.1,3525.0,-1.6251
2022-07-29,2022,7,29,4,3,0,210,121.84,3973.7,970.5,20.69,14.0,53.9,1,SUP-005,Kandyan Leaf Growers,1,732.9,0,0,504235.25,129.36,125.91,127.99,126.75,130.78,120.37,121.95,122.26,6.27,3539.5,-3.2325
2022-07-30,2022,7,30,5,3,1,211,129.36,2930.1,525.7,20.84,10.9,0.6,0,SUP-003,Nuwara Estates Ltd,0,0.0,0,0,389993.32,114.02,121.84,125.91,127.99,124.73,120.33,122.61,122.6,6.83,3577.8,6.172
2022-07-31,2022,7,31,6,3,1,212,114.02,2934.3,570.1,19.78,11.5,27.3,0,SUP-003,Nuwara Estates Ltd,0,0.0,0,0,345845.46,124.39,129.36,121.84,125.91,113.47,121.52,122.69,122.3,6.71,3654.3,-11.8584
2022-08-01,2022,8,1,0,3,0,213,124.39,3866.4,1176.0,18.29,10.3,9.6,0,SUP-003,Nuwara Estates Ltd,1,664.5,1,1,502450.54,124.03,114.02,129.36,121.84,112.95,131.03,124.32,122.54,5.16,3645.7,9.0949
2022-08-02,2022,8,2,1,3,0,214,124.03,4001.4,1172.3,18.98,13.1,6.7,0,SUP-001,Perera Tea Estates,1,841.4,0,1,518543.9,119.48,124.39,114.02,129.36,126.75,118.24,123.93,122.86,5.04,3664.5,-0.2894
2022-08-03,2022,8,3,2,3,0,215,119.48,3978.2,980.8,17.73,11.5,0.4,0,SUP-001,Perera Tea Estates,1,924.8,0,1,492704.92,125.57,124.03,124.39,114.02,127.99,122.29,122.72,122.68,4.93,3677.8,-3.6685
2022-08-04,2022,8,4,3,3,0,216,125.57,3688.7,1111.4,21.82,12.0,4.6,0,SUP-004,Highlands Tea Farm,1,419.5,0,1,487440.81,127.18,119.48,124.03,124.39,125.91,126.75,122.67,122.74,4.89,3624.7,5.0971
2022-08-05,2022,8,5,4,3,0,217,127.18,3927.2,1104.1,18.79,11.0,3.9,0,SUP-005,Kandyan Leaf Growers,1,645.8,0,1,520207.34,117.26,125.57,119.48,124.03,121.84,130.78,123.43,122.79,5.15,3618.0,1.2822
2022-08-06,2022,8,6,5,3,1,218,117.26,3063.5,638.4,20.82,10.5,3.2,0,SUP-002,Silva Green Leaves,1,607.8,0,0,372517.5,121.24,127.18,125.57,119.48,129.36,124.73,121.7,122.6,4.85,3637.1,-7.8
2022-08-07,2022,8,7,6,3,1,219,121.24,2754.7,497.7,18.21,14.5,7.6,0,SUP-004,Highlands Tea Farm,0,0.0,0,0,343042.94,131.88,117.26,127.18,125.57,114.02,113.47,122.74,122.72,3.54,3611.4,3.3942
2022-08-08,2022,8,8,0,3,0,220,131.88,4079.8,1136.2,19.17,12.8,1.4,0,SUP-004,Highlands Tea Farm,1,411.5,0,0,559824.98,130.58,121.24,117.26,127.18,124.39,112.95,123.81,123.16,4.96,3641.9,8.776
2022-08-09,2022,8,9,1,3,0,221,130.58,4103.3,1162.6,20.4,13.1,1.4,0,SUP-001,Perera Tea Estates,1,861.2,0,0,559525.95,122.19,131.88,121.24,117.26,124.03,126.75,124.74,123.42,5.59,3656.5,-0.9857
2022-08-10,2022,8,10,2,3,0,222,122.19,4206.4,1104.9,19.7,13.5,3.0,0,SUP-002,Silva Green Leaves,1,660.7,0,0,535746.55,118.0,130.58,131.88,121.24,119.48,127.99,125.13,123.41,5.25,3689.1,-6.4252
2022-08-11,2022,8,11,3,3,0,223,118.0,3652.8,1213.7,20.07,14.5,6.4,0,SUP-002,Silva Green Leaves,1,556.0,0,0,455389.36,124.17,122.19,130.58,131.88,125.57,125.91,124.05,123.36,5.89,3684.0,-3.4291
2022-08-12,2022,8,12,4,3,0,224,124.17,3767.9,1226.1,19.44,11.4,4.7,0,SUP-001,Perera Tea Estates,1,894.1,0,0,491695.53,123.17,118.0,122.19,130.58,127.18,121.84,123.62,123.52,5.73,3661.2,5.2288
2022-08-13,2022,8,13,5,3,1,225,123.17,3025.7,502.9,19.05,10.3,2.2,0,SUP-005,Kandyan Leaf Growers,1,719.8,0,0,382255.71,121.71,124.17,118.0,122.19,117.26,129.36,124.46,123.25,5.03,3655.8,-0.8053
2022-08-14,2022,8,14,6,3,1,226,121.71,2788.5,587.2,21.58,10.6,3.9,0,SUP-001,Perera Tea Estates,0,0.0,1,0,352060.11,115.94,123.17,124.17,118.0,121.24,114.02,124.53,123.29,4.98,3660.6,-1.1854
2022-08-15,2022,8,15,0,3,0,227,115.94,3909.3,1064.9,21.04,11.0,15.3,0,SUP-004,Highlands Tea Farm,1,500.5,0,0,475649.74,126.79,121.71,123.17,124.17,131.88,124.39,122.25,123.15,4.69,3636.3,-4.7408
2022-08-16,2022,8,16,1,3,0,228,126.79,3886.7,1197.3,17.39,12.8,8.0,0,SUP-004,Highlands Tea Farm,1,579.7,0,0,513615.74,129.72,115.94,121.71,123.17,130.58,124.03,121.71,123.32,3.68,3605.3,9.3583
2022-08-17,2022,8,17,2,3,0,229,129.72,3864.6,1099.9,16.15,10.2,9.8,0,SUP-001,Perera Tea Estates,1,902.7,0,0,519079.3,121.2,126.79,115.94,121.71,122.19,119.48,122.79,123.28,4.78,3556.5,2.3109
2022-08-18,2022,8,18,3,3,0,230,121.2,3797.5,1110.1,20.5,10.3,9.3,0,SUP-001,Perera Tea Estates,1,780.3,0,0,483014.05,118.84,129.72,126.79,115.94,118.0,125.57,123.24,123.38,4.38,3577.2,-6.568
2022-08-19,2022,8,19,4,3,0,231,118.84,3670.2,1183.5,19.33,9.8,2.6,0,SUP-002,Silva Green Leaves,1,700.8,0,0,459043.62,118.69,121.2,129.72,126.79,124.17,127.18,122.48,123.26,4.65,3563.2,-1.9472
2022-08-20,2022,8,20,5,3,1,232,118.69,2556.2,628.0,18.39,10.9,1.0,0,SUP-001,Perera Tea Estates,1,932.7,0,0,314944.3,129.05,118.84,121.2,129.72,123.17,117.26,121.84,122.99,4.84,3496.1,-0.1262
2022-08-21,2022,8,21,6,3,1,233,129.05,2445.9,524.2,18.23,9.4,3.5,0,SUP-004,Highlands Tea Farm,0,0.0,0,0,325199.56,125.71,118.69,118.84,121.2,121.71,121.24,122.89,122.94,5.55,3447.2,8.7286
2022-08-22,2022,8,22,0,3,0,234,125.71,4016.4,1106.5,16.88,11.5,2.8,0,SUP-004,Highlands Tea Farm,0,0.0,0,0,523579.36,117.93,129.05,118.69,118.84,115.94,131.88,124.29,122.97,4.67,3462.5,-2.5881
2022-08-23,2022,8,23,1,3,0,235,117.93,3998.1,1270.4,17.92,11.3,1.6,0,SUP-002,Silva Green Leaves,1,714.6,0,0,494261.5,118.82,125.71,129.05,118.69,126.79,130.58,123.02,123.12,5.07,3478.4,-6.1888
2022-08-24,2022,8,24,2,3,0,236,118.82,4307.5,1167.7,17.27,16.1,2.9,0,SUP-003,Nuwara Estates Ltd,1,789.4,0,0,531983.33,126.43,117.93,125.71,129.05,129.72,122.19,121.46,123.31,4.28,3541.7,0.7547
2022-08-25,2022,8,25,3,3,0,237,126.43,3977.8,1291.9,19.09,11.6,0.6,0,SUP-001,Perera Tea Estates,1,930.5,0,0,527575.63,118.15,118.82,117.93,125.71,121.2,118.0,122.21,123.3,4.66,3567.4,6.4046
2022-08-26,2022,8,26,4,3,0,238,118.15,4145.7,1186.6,16.61,11.0,18.2,0,SUP-001,Perera Tea Estates,1,798.6,0,0,509523.88,114.23,126.43,118.82,117.93,118.84,124.17,122.11,122.98,4.75,3635.4,-6.5491
2022-08-27,2022,8,27,5,3,1,239,114.23,2698.1,585.9,22.17,13.1,6.0,0,SUP-005,Kandyan Leaf Growers,1,753.5,0,0,321193.37,121.71,118.15,126.43,118.82,118.69,123.17,121.47,122.59,5.52,3655.6,-3.3178
2022-08-28,2022,8,28,6,3,1,240,121.71,2531.1,541.9,19.09,13.3,1.1,0,SUP-005,Kandyan Leaf Growers,0,0.0,0,0,318405.05,122.85,114.23,118.15,126.43,129.05,121.71,120.43,122.58,4.43,3667.8,6.5482
2022-08-29,2022,8,29,0,3,0,241,122.85,3849.6,1117.4,22.12,10.5,1.3,0,SUP-001,Perera Tea Estates,0,0.0,0,0,497640.25,119.66,121.71,114.23,118.15,125.71,115.94,120.02,122.36,3.97,3644.0,0.9367
2022-08-30,2022,8,30,1,3,0,242,119.66,3438.3,1265.7,19.53,13.0,1.3,0,SUP-003,Nuwara Estates Ltd,0,0.0,0,0,436146.1,124.79,122.85,121.71,114.23,117.93,126.79,120.26,122.55,3.88,3564.0,-2.5967
2022-08-31,2022,8,31,2,3,0,243,124.79,3712.7,1082.2,16.47,12.8,2.4,0,SUP-001,Perera Tea Estates,1,963.1,0,0,481131.67,104.79,119.66,122.85,121.71,118.82,129.72,121.12,122.57,4.15,3479.0,4.2871
2022-09-01,2022,9,1,3,3,0,244,104.79,4598.8,1175.6,18.94,12.2,6.5,0,SUP-002,Silva Green Leaves,1,655.5,0,1,504174.12,107.22,124.79,119.66,122.85,126.43,121.2,118.03,121.92,6.77,3567.8,-16.0269
2022-09-02,2022,9,2,4,3,0,245,107.22,4169.8,1114.2,17.86,12.2,4.5,0,SUP-002,Silva Green Leaves,1,623.7,0,1,466985.57,108.14,104.79,124.79,119.66,118.15,118.84,116.46,121.52,7.9,3571.2,2.3189
2022-09-03,2022,9,3,5,3,1,246,108.14,3355.6,645.5,21.21,13.8,11.8,0,SUP-001,Perera Tea Estates,1,860.1,1,1,376565.64,109.82,107.22,104.79,124.79,114.23,118.69,115.59,120.93,8.5,3665.1,0.858
2022-09-04,2022,9,4,6,3,1,247,109.82,3082.9,564.1,20.99,12.2,13.4,0,SUP-001,Perera Tea Estates,0,0.0,0,1,350404.54,104.13,108.14,107.22,104.79,121.71,129.05,113.9,120.36,8.26,3744.0,1.5535
2022-09-05,2022,9,5,0,3,0,248,104.13,4390.6,1182.9,19.6,9.0,3.1,0,SUP-005,Kandyan Leaf Growers,1,670.6,0,1,480378.02,108.69,109.82,108.14,107.22,122.85,125.71,111.22,119.92,7.9,3821.2,-5.1812
2022-09-06,2022,9,6,1,3,0,249,108.69,4246.2,1162.9,19.43,12.0,2.3,0,SUP-005,Kandyan Leaf Growers,1,660.2,0,0,484114.62,102.9,104.13,109.82,108.14,119.66,117.93,109.65,119.5,6.98,3936.7,4.3791
2022-09-07,2022,9,7,2,3,0,250,102.9,4292.7,1248.0,19.91,13.6,2.7,0,SUP-003,Nuwara Estates Ltd,1,684.8,0,0,466566.51,109.6,108.69,104.13,109.82,124.79,118.82,106.53,118.53,2.6,4019.5,-5.3271
2022-09-08,2022,9,8,3,3,0,251,109.6,4515.5,1113.1,21.25,12.3,0.8,0,SUP-001,Perera Tea Estates,1,825.3,0,0,518552.18,108.13,102.9,108.69,104.13,104.79,126.43,107.21,117.83,2.7,4007.6,6.5112
2022-09-09,2022,9,9,4,3,0,252,108.13,4425.5,1110.2,19.18,10.5,2.7,0,SUP-005,Kandyan Leaf Growers,1,676.0,0,0,499822.95,106.33,109.6,102.9,108.69,107.22,118.15,107.34,117.37,2.72,4044.1,-1.3412
2022-09-10,2022,9,10,5,3,1,253,106.33,3244.1,612.1,19.47,11.4,0.8,0,SUP-002,Silva Green Leaves,1,770.8,1,0,356862.74,106.75,108.13,109.6,102.9,108.14,114.23,107.09,116.98,2.72,4028.2,-1.6647
2022-09-11,2022,9,11,6,3,1,254,106.75,3441.4,573.8,20.68,13.3,1.2,0,SUP-004,Highlands Tea Farm,0,0.0,0,0,379235.63,106.42,106.33,108.13,109.6,109.82,121.71,106.65,116.4,2.44,4079.4,0.395
2022-09-12,2022,9,12,0,3,0,255,106.42,4264.7,1201.6,18.06,13.6,15.2,0,SUP-003,Nuwara Estates Ltd,1,740.1,0,0,475550.27,105.78,106.75,106.33,108.13,104.13,122.85,106.97,115.84,2.18,4061.4,-0.3091
2022-09-13,2022,9,13,1,3,0,256,105.78,4992.8,1211.1,19.37,14.0,8.7,0,SUP-001,Perera Tea Estates,1,818.7,0,0,551597.39,100.89,106.42,106.75,106.33,108.69,119.66,106.56,115.31,2.07,4168.1,-0.6014
2022-09-14,2022,9,14,2,3,0,257,100.89,4284.6,1202.0,20.11,13.8,6.8,0,SUP-005,Kandyan Leaf Growers,1,628.9,0,0,456445.51,106.25,105.78,106.42,106.75,102.9,124.79,106.27,114.81,2.71,4166.9,-4.6228
2022-09-15,2022,9,15,3,3,0,258,106.25,4108.2,1108.5,21.42,14.5,5.2,0,SUP-003,Nuwara Estates Ltd,1,726.2,1,0,460240.32,104.04,100.89,105.78,106.42,109.6,104.79,105.79,114.12,2.28,4108.8,5.3127
2022-09-16,2022,9,16,4,3,0,259,104.04,4284.0,1120.4,18.97,10.5,5.4,0,SUP-003,Nuwara Estates Ltd,1,761.2,0,0,466961.35,99.68,106.25,100.89,105.78,108.13,107.22,105.21,113.26,2.1,4088.5,-2.08
2022-09-17,2022,9,17,5,3,1,260,99.68,2691.8,606.7,20.83,10.7,0.7,0,SUP-003,Nuwara Estates Ltd,1,707.6,1,0,280956.18,94.84,104.04,106.25,100.89,106.33,108.14,104.26,112.55,2.87,4009.6,-4.1907
2022-09-18,2022,9,18,6,3,1,261,94.84,2971.0,539.9,16.99,14.8,13.8,0,SUP-003,Nuwara Estates Ltd,0,0.0,0,0,290942.54,109.07,99.68,104.04,106.25,106.75,109.82,102.56,111.75,4.32,3942.4,-4.8555
2022-09-19,2022,9,19,0,3,0,262,109.07,4197.7,1214.8,16.01,12.8,5.4,0,SUP-005,Kandyan Leaf Growers,0,0.0,0,0,477292.09,107.62,94.84,99.68,104.04,106.42,104.13,102.94,111.43,4.8,3932.9,15.0042
2022-09-20,2022,9,20,1,3,0,263,107.62,4193.7,973.5,20.57,14.4,17.7,0,SUP-003,Nuwara Estates Ltd,1,824.1,0,0,471350.89,105.67,109.07,94.84,99.68,105.78,108.69,103.2,110.71,5.03,3818.7,-1.3294
2022-09-21,2022,9,21,2,3,0,264,105.67,4520.3,1202.6,19.34,11.1,5.9,0,SUP-003,Nuwara Estates Ltd,1,818.0,0,0,500918.38,103.33,107.62,109.07,94.84,100.89,102.9,103.88,110.04,4.99,3852.4,-1.8119
2022-09-22,2022,9,22,3,3,0,265,103.33,4606.8,1168.5,21.04,13.1,3.9,0,SUP-002,Silva Green Leaves,1,568.6,0,0,500605.88,107.26,105.67,107.62,109.07,106.25,109.6,103.46,109.56,4.88,3923.6,-2.2144
2022-09-23,2022,9,23,4,3,0,266,107.26,4051.2,1242.5,20.17,15.0,3.0,0,SUP-005,Kandyan Leaf Growers,0,0.0,0,0,459592.94,93.43,103.33,105.67,107.62,104.04,108.13,103.92,109.17,5.09,3890.4,3.8033
2022-09-24,2022,9,24,5,3,1,267,93.43,3274.5,441.6,17.71,15.3,5.5,0,SUP-005,Kandyan Leaf Growers,1,696.2,0,0,313757.27,95.01,107.26,103.33,105.67,99.68,106.33,103.03,108.07,6.35,3973.6,-12.8939
2022-09-25,2022,9,25,6,3,1,268,95.01,3037.2,657.9,21.49,11.3,3.7,0,SUP-004,Highlands Tea Farm,0,0.0,0,0,302702.64,100.53,93.43,107.26,103.33,94.84,106.75,103.06,107.3,6.31,3983.1,1.6911
2022-09-26,2022,9,26,0,3,0,269,100.53,4165.7,1122.0,19.81,15.2,5.3,0,SUP-001,Perera Tea Estates,1,787.1,0,0,441004.64,102.09,95.01,93.43,107.26,109.07,106.42,101.84,106.84,5.76,3978.5,5.8099
2022-09-27,2022,9,27,1,3,0,270,102.09,4004.5,1230.2,18.59,15.2,15.8,0,SUP-001,Perera Tea Estates,1,838.3,1,0,431688.82,106.62,100.53,95.01,93.43,107.62,105.78,101.05,106.19,5.18,3951.5,1.5518
2022-09-28,2022,9,28,2,3,0,271,106.62,4629.9,1240.7,18.56,13.7,0.4,0,SUP-001,Perera Tea Estates,1,844.1,0,0,516667.33,104.52,102.09,100.53,95.01,105.67,100.89,101.18,105.65,5.33,3967.1,4.4373
2022-09-29,2022,9,29,3,3,0,272,104.52,4302.8,1292.0,19.98,12.1,2.8,0,SUP-004,Highlands Tea Farm,1,488.7,0,0,475542.82,99.26,106.62,102.09,100.53,103.33,106.25,101.35,105.14,5.43,3923.7,-1.9696
2022-09-30,2022,9,30,4,3,0,273,99.26,4400.3,1196.3,18.32,12.8,5.5,0,SUP-001,Perera Tea Estates,1,748.9,0,0,458689.99,93.66,104.52,106.62,102.09,107.26,104.04,100.21,104.29,4.78,3973.6,-5.0325
2022-10-01,2022,10,1,5,4,1,274,93.66,3305.0,687.9,20.14,11.7,0.0,0,SUP-004,Highlands Tea Farm,0,0.0,0,1,323400.61,99.01,99.26,104.52,106.62,93.43,99.68,100.24,103.92,4.73,3977.9,-5.6417
2022-10-02,2022,10,2,6,4,1,275,99.01,3126.6,545.5,18.79,15.7,2.6,0,SUP-003,Nuwara Estates Ltd,0,0.0,1,1,319814.61,105.91,93.66,99.26,104.52,95.01,94.84,100.81,103.65,4.2,3990.7,5.7122
2022-10-03,2022,10,3,0,4,0,276,105.91,4506.4,1327.8,20.64,12.6,3.2,0,SUP-003,Nuwara Estates Ltd,1,749.8,0,1,504678.62,97.07,99.01,93.66,99.26,100.53,109.07,101.58,103.57,4.61,4039.4,6.969
2022-10-04,2022,10,4,1,4,0,277,97.07,4433.8,1266.2,22.12,13.6,28.8,0,SUP-002,Silva Green Leaves,1,519.0,1,1,458397.31,98.16,105.91,99.01,93.66,102.09,107.62,100.86,103.15,4.9,4100.7,-8.3467
2022-10-05,2022,10,5,2,4,0,278,98.16,4514.8,1261.7,18.3,13.3,6.8,0,SUP-002,Silva Green Leaves,1,579.2,0,1,466261.88,103.19,97.07,105.91,99.01,106.62,105.67,99.66,102.95,4.25,4084.2,1.1229
2022-10-06,2022,10,6,3,4,0,279,103.19,4245.7,1222.6,20.57,15.3,18.5,0,SUP-003,Nuwara Estates Ltd,1,850.3,0,0,463262.66,100.75,98.16,97.07,105.91,104.52,103.33,99.47,102.77,4.02,4076.1,5.1243
2022-10-07,2022,10,7,4,4,0,280,100.75,4399.6,1163.0,18.3,14.3,1.7,0,SUP-002,Silva Green Leaves,1,506.6,0,0,464542.6,99.3,103.19,98.16,97.07,99.26,107.26,99.68,102.7,4.04,4076.0,-2.3646
2022-10-08,2022,10,8,5,4,1,281,99.3,3181.3,613.9,18.83,15.8,20.2,0,SUP-002,Silva Green Leaves,1,674.0,0,0,327462.83,93.35,100.75,103.19,98.16,93.66,93.43,100.48,102.35,3.09,4058.3,-1.4392
2022-10-09,2022,10,9,6,4,1,282,93.35,3031.5,564.3,20.12,14.9,1.0,0,SUP-001,Perera Tea Estates,0,0.0,1,0,294344.24,94.41,99.3,100.75,103.19,99.01,95.01,99.68,101.86,4.12,4044.7,-5.9919
2022-10-10,2022,10,10,0,4,0,283,94.41,4404.6,1347.2,18.5,13.3,20.0,0,SUP-003,Nuwara Estates Ltd,1,636.3,0,0,440761.49,98.36,93.35,99.3,100.75,105.91,100.53,98.03,101.46,3.45,4030.2,1.1355
2022-10-11,2022,10,11,1,4,0,284,98.36,4112.3,1228.1,17.25,13.1,2.9,0,SUP-005,Kandyan Leaf Growers,0,0.0,0,0,425670.55,102.93,94.41,93.35,99.3,97.07,102.09,98.22,101.18,3.43,3984.3,4.1839
2022-10-12,2022,10,12,2,4,0,285,102.93,4176.6,1246.9,17.69,16.0,14.7,0,SUP-004,Highlands Tea Farm,0,0.0,0,0,451955.1,102.43,98.36,94.41,93.35,98.16,106.62,98.9,101.07,3.86,3935.9,4.6462
2022-10-13,2022,10,13,3,4,0,286,102.43,4285.8,1213.3,18.41,15.0,22.4,0,SUP-003,Nuwara Estates Ltd,1,772.8,0,0,461331.35,98.07,102.93,98.36,94.41,103.19,104.52,98.79,100.95,3.73,3941.7,-0.4858
2022-10-14,2022,10,14,4,4,0,287,98.07,4170.7,1324.8,19.01,11.6,24.2,0,SUP-001,Perera Tea Estates,1,834.2,0,0,434205.0,96.8,102.43,102.93,98.36,100.75,99.26,98.41,100.86,3.63,3909.0,-4.2566
2022-10-15,2022,10,15,5,4,1,288,96.8,3144.4,628.9,18.14,15.6,4.4,0,SUP-003,Nuwara Estates Ltd,1,718.9,0,0,315786.17,95.97,98.07,102.43,102.93,99.3,93.66,98.05,100.55,3.65,3903.7,-1.295
2022-10-16,2022,10,16,6,4,1,289,95.97,3064.8,700.7,18.21,16.3,4.9,0,SUP-001,Perera Tea Estates,0,0.0,0,0,306888.6,100.06,96.8,98.07,102.43,93.35,99.01,98.42,100.28,3.2,3908.5,-0.8574
2022-10-17,2022,10,17,0,4,0,290,100.06,4363.5,1209.7,18.53,13.8,8.1,0,SUP-002,Silva Green Leaves,1,638.6,0,0,459027.55,98.28,95.97,96.8,98.07,94.41,105.91,99.23,100.29,2.68,3902.6,4.2617
2022-10-18,2022,10,18,1,4,0,291,98.28,4043.7,1313.6,20.41,17.0,28.2,0,SUP-003,Nuwara Estates Ltd,1,698.4,0,0,424225.41,97.31,100.06,95.97,96.8,98.36,97.07,99.22,100.4,2.69,3892.8,-1.7789
2022-10-19,2022,10,19,2,4,0,292,97.31,4272.5,1144.4,16.46,13.6,15.0,0,SUP-002,Silva Green Leaves,1,478.4,0,0,434593.8,100.44,98.28,100.06,95.97,102.93,98.16,98.42,100.01,2.19,3906.5,-0.987
2022-10-20,2022,10,20,3,4,0,293,100.44,4026.9,1360.6,19.22,17.1,7.0,0,SUP-003,Nuwara Estates Ltd,1,746.3,0,0,430612.57,100.32,97.31,98.28,100.06,102.43,103.19,98.13,99.77,1.64,3869.5,3.2165
2022-10-21,2022,10,21,4,4,0,294,100.32,4058.4,1222.9,18.78,15.7,25.1,0,SUP-002,Silva Green Leaves,1,625.3,1,0,430104.75,95.91,100.44,97.31,98.28,98.07,100.75,98.45,99.59,1.84,3853.5,-0.1195
2022-10-22,2022,10,22,5,4,1,295,95.91,2982.3,601.7,18.65,15.9,16.6,0,SUP-001,Perera Tea Estates,1,871.0,0,0,297254.1,95.13,100.32,100.44,97.31,96.8,99.3,98.33,99.35,1.99,3830.3,-4.3959
2022-10-23,2022,10,23,6,4,1,296,95.13,3023.3,577.0,19.25,13.9,26.2,0,SUP-003,Nuwara Estates Ltd,0,0.0,0,0,298713.78,92.15,95.91,100.32,100.44,95.97,93.35,98.21,98.94,2.18,3824.4,-0.8133
2022-10-24,2022,10,24,0,4,0,297,92.15,4541.0,1286.3,20.16,15.5,45.2,1,SUP-005,Kandyan Leaf Growers,1,671.0,0,0,444384.96,98.46,95.13,95.91,100.32,100.06,94.41,97.08,98.9,2.97,3849.7,-3.1326
2022-10-25,2022,10,25,1,4,0,298,98.46,4256.8,1320.8,18.77,14.0,17.5,0,SUP-001,Perera Tea Estates,1,970.3,0,0,443915.94,99.8,92.15,95.13,95.91,98.28,98.36,97.1,99.02,2.98,3880.2,6.8475
2022-10-26,2022,10,26,2,4,0,299,99.8,4520.9,1281.4,20.75,15.9,3.7,0,SUP-001,Perera Tea Estates,1,914.6,0,0,477774.87,98.93,98.46,92.15,95.13,97.31,102.93,97.46,98.99,3.15,3915.7,1.361
2022-10-27,2022,10,27,3,4,0,300,98.93,4488.9,1078.6,19.18,14.0,7.3,0,SUP-003,Nuwara Estates Ltd,1,737.3,0,0,464774.42,94.75,99.8,98.46,92.15,100.44,102.43,97.24,98.89,2.96,3981.7,-0.8717
2022-10-28,2022,10,28,4,4,0,301,94.75,4694.1,1305.0,17.12,17.7,19.2,0,SUP-003,Nuwara Estates Ltd,1,828.0,0,0,467107.58,88.15,98.93,99.8,98.46,100.32,98.07,96.45,98.49,2.73,4072.5,-4.2252
2022-10-29,2022,10,29,5,4,1,302,88.15,3267.8,593.0,16.13,17.3,9.3,0,SUP-002,Silva Green Leaves,1,667.7,0,0,297621.66,94.52,94.75,98.93,99.8,95.91,96.8,95.34,97.94,4.18,4113.3,-6.9657
2022-10-30,2022,10,30,6,4,1,303,94.52,3046.8,621.8,18.55,15.9,18.2,0,SUP-001,Perera Tea Estates,0,0.0,0,0,299517.93,93.09,88.15,94.75,98.93,95.13,95.97,95.25,97.79,4.19,4116.6,7.2263
2022-10-31,2022,10,31,0,4,0,304,93.09,4478.3,1217.0,20.06,16.6,2.7,0,SUP-003,Nuwara Estates Ltd,1,721.7,0,0,441297.97,94.13,94.52,88.15,94.75,92.15,100.06,95.39,97.77,4.09,4107.7,-1.5129
2022-11-01,2022,11,1,1,4,0,305,94.13,4138.9,1183.4,21.31,16.1,8.4,0,SUP-001,Perera Tea Estates,1,832.2,0,1,414812.91,94.84,93.09,94.52,88.15,98.46,98.28,94.77,97.6,3.87,4090.8,1.1172
2022-11-02,2022,11,2,2,4,0,306,94.84,4163.9,1220.1,19.53,15.9,18.8,0,SUP-001,Perera Tea Estates,1,825.0,0,1,418732.83,94.11,94.13,93.09,94.52,99.8,97.31,94.06,97.24,3.19,4039.8,0.7543
2022-11-03,2022,11,3,3,4,0,307,94.11,3958.3,1420.2,19.33,15.4,1.7,0,SUP-002,Silva Green Leaves,1,616.5,0,1,399968.08,91.96,94.84,94.13,93.09,98.93,100.44,93.37,97.14,2.37,3964.0,-0.7697
2022-11-04,2022,11,4,4,4,0,308,91.96,3883.7,1227.5,18.05,15.3,3.2,0,SUP-001,Perera Tea Estates,1,864.2,0,1,379301.43,90.96,94.11,94.84,94.13,94.75,100.32,92.97,96.93,2.34,3848.2,-2.2846
2022-11-05,2022,11,5,5,4,1,309,90.96,3045.2,566.5,17.28,16.6,11.0,0,SUP-002,Silva Green Leaves,1,589.0,0,1,286780.51,87.01,91.96,94.11,94.84,88.15,95.91,93.37,96.52,1.44,3816.4,-1.0874
2022-11-06,2022,11,6,6,4,1,310,87.01,3327.3,633.6,18.85,17.3,1.0,0,SUP-004,Highlands Tea Farm,0,0.0,0,0,301451.73,91.75,90.96,91.96,94.11,94.52,95.13,92.3,96.06,2.7,3856.5,-4.3426
2022-11-07,2022,11,7,0,4,0,311,91.75,4237.6,1249.1,20.51,16.7,1.0,0,SUP-003,Nuwara Estates Ltd,1,787.7,0,0,414418.84,89.97,87.01,90.96,91.96,93.09,92.15,92.11,95.81,2.68,3822.1,5.4476
2022-11-08,2022,11,8,1,4,0,312,89.97,4485.0,1282.4,19.87,16.6,7.5,0,SUP-005,Kandyan Leaf Growers,0,0.0,0,0,428996.74,95.04,91.75,87.01,90.96,94.13,98.46,91.51,95.7,2.62,3871.6,-1.9401
2022-11-09,2022,11,9,2,4,0,313,95.04,4509.1,1155.7,20.67,16.3,1.8,0,SUP-005,Kandyan Leaf Growers,1,767.5,0,0,452433.18,92.46,89.97,91.75,87.01,94.84,99.8,91.54,95.72,2.66,3920.9,5.6352
2022-11-10,2022,11,10,3,4,0,314,92.46,4010.7,1222.1,19.78,17.8,35.0,1,SUP-001,Perera Tea Estates,1,854.2,0,0,395002.46,91.28,95.04,89.97,91.75,94.11,98.93,91.31,95.52,2.46,3928.4,-2.7146
2022-11-11,2022,11,11,4,4,0,315,91.28,4242.7,1273.3,21.03,16.5,30.5,1,SUP-003,Nuwara Estates Ltd,1,647.7,0,0,414051.16,87.65,92.46,95.04,89.97,91.96,94.75,91.21,95.14,2.44,3979.7,-1.2762
2022-11-12,2022,11,12,5,4,1,316,87.65,3014.9,519.6,19.68,19.3,15.9,0,SUP-001,Perera Tea Estates,1,872.0,0,0,274481.71,84.32,91.28,92.46,95.04,90.96,88.15,90.74,94.64,2.79,3975.3,-3.9768
2022-11-13,2022,11,13,6,4,1,317,84.32,3434.2,670.2,21.47,16.9,15.5,0,SUP-002,Silva Green Leaves,0,0.0,0,0,303960.94,93.56,87.65,91.28,92.46,87.01,94.52,90.35,94.18,3.49,3990.6,-3.7992
2022-11-14,2022,11,14,0,4,0,318,93.56,4278.0,1248.6,20.67,16.2,5.7,0,SUP-004,Highlands Tea Farm,1,414.0,0,0,426058.24,93.16,84.32,87.65,91.28,91.75,93.09,90.61,94.08,3.67,3996.4,10.9583
2022-11-15,2022,11,15,1,4,0,319,93.16,4383.1,1231.4,18.16,19.9,3.3,0,SUP-002,Silva Green Leaves,1,565.4,1,0,430691.82,86.95,93.56,84.32,87.65,89.97,94.13,91.07,93.98,3.78,3981.8,-0.4275
2022-11-16,2022,11,16,2,4,0,320,86.95,4331.9,1289.1,20.35,16.6,9.0,0,SUP-003,Nuwara Estates Ltd,1,780.7,0,0,402891.89,91.79,93.16,93.56,84.32,95.04,94.84,89.91,93.55,3.59,3956.5,-6.666
2022-11-17,2022,11,17,3,4,0,321,91.79,4511.0,1119.2,19.51,16.2,8.9,0,SUP-004,Highlands Tea Farm,1,516.7,0,0,435900.28,96.02,86.95,93.16,93.56,92.46,94.11,89.82,93.33,3.52,4028.0,5.5664
2022-11-18,2022,11,18,4,4,0,322,96.02,4014.0,1292.8,22.48,19.1,1.1,0,SUP-003,Nuwara Estates Ltd,1,715.8,0,0,414486.42,89.71,91.79,86.95,93.16,91.28,91.96,90.49,93.29,4.23,3995.3,4.6083
2022-11-19,2022,11,19,5,4,1,323,89.71,3005.3,688.1,18.87,17.3,4.9,0,SUP-004,Highlands Tea Farm,1,563.5,0,0,282589.91,89.33,96.02,91.79,86.95,87.65,90.96,90.79,92.93,4.07,3993.9,-6.5715
2022-11-20,2022,11,20,6,4,1,324,89.33,3243.6,662.1,20.38,19.6,6.3,0,SUP-005,Kandyan Leaf Growers,0,0.0,1,0,303244.39,90.48,89.71,96.02,91.79,84.32,87.01,91.5,92.56,3.06,3966.7,-0.4236
2022-11-21,2022,11,21,0,4,0,325,90.48,4350.2,1332.8,18.75,15.7,18.7,0,SUP-003,Nuwara Estates Ltd,1,758.1,0,0,418596.1,91.11,89.33,89.71,96.02,93.56,91.75,91.06,92.38,2.93,3977.0,1.2874
2022-11-22,2022,11,22,1,4,0,326,91.11,4522.1,1241.6,18.69,18.7,2.5,0,SUP-001,Perera Tea Estates,1,926.7,0,0,435214.04,95.6,90.48,89.33,89.71,93.16,89.97,90.77,92.25,2.79,3996.9,0.6963
2022-11-23,2022,11,23,2,4,0,327,95.6,4305.7,1214.1,21.35,18.3,20.0,0,SUP-001,Perera Tea Estates,1,805.5,0,0,437545.95,95.77,91.11,90.48,89.33,86.95,95.04,92.01,92.36,2.73,3993.1,4.9281
2022-11-24,2022,11,24,3,4,0,328,95.77,4476.0,1433.3,20.93,17.6,11.3,0,SUP-003,Nuwara Estates Ltd,1,815.0,0,0,458665.49,88.33,95.6,91.11,90.48,91.79,92.46,92.57,92.27,3.07,3988.1,0.1778
2022-11-25,2022,11,25,4,4,0,329,88.33,4316.3,1239.5,20.87,17.8,1.4,0,SUP-003,Nuwara Estates Ltd,1,582.5,0,0,407127.14,84.22,95.77,95.6,91.11,96.02,91.28,91.48,91.89,3.01,4031.3,-7.7686
2022-11-26,2022,11,26,5,4,1,330,84.22,2967.3,541.4,18.92,15.0,26.3,0,SUP-001,Perera Tea Estates,1,753.7,0,0,260149.29,88.3,88.33,95.77,95.6,89.71,87.65,90.69,91.4,4.07,4025.9,-4.653
2022-11-27,2022,11,27,6,4,1,331,88.3,3287.8,588.6,21.77,15.9,11.1,0,SUP-005,Kandyan Leaf Growers,0,0.0,0,0,303126.56,88.72,84.22,88.33,95.77,89.33,84.32,90.54,91.19,4.15,4032.2,4.8445
2022-11-28,2022,11,28,0,4,0,332,88.72,4172.6,1153.1,21.53,17.2,15.3,0,SUP-002,Silva Green Leaves,1,665.0,0,0,395019.32,85.52,88.3,84.22,88.33,90.48,93.56,90.29,91.2,4.2,4006.8,0.4757
2022-11-29,2022,11,29,1,4,0,333,85.52,4580.6,1342.2,20.3,16.6,0.2,0,SUP-004,Highlands Tea Farm,1,522.4,0,0,418979.57,98.03,88.72,88.3,84.22,91.11,93.16,89.49,90.9,4.54,4015.2,-3.6069
2022-11-30,2022,11,30,2,4,0,334,98.03,4497.6,1170.1,18.96,19.4,3.6,0,SUP-003,Nuwara Estates Ltd,1,790.0,0,0,463084.82,90.7,85.52,88.72,88.3,95.6,86.95,89.84,91.07,5.14,4042.6,14.6282
2022-12-01,2022,12,1,3,4,0,335,90.7,4732.8,1235.2,19.82,14.9,0.2,0,SUP-005,Kandyan Leaf Growers,1,748.8,0,1,453746.62,86.62,98.03,85.52,88.72,95.77,91.79,89.12,90.96,4.48,4079.3,-7.4773
2022-12-02,2022,12,2,4,4,0,336,86.62,4465.1,1284.6,18.72,16.5,12.1,0,SUP-004,Highlands Tea Farm,1,504.1,0,1,410814.67,90.68,90.7,98.03,85.52,88.33,96.02,88.87,90.68,4.57,4100.5,-4.4983
2022-12-03,2022,12,3,5,4,1,337,90.68,3304.4,690.4,19.54,16.7,14.3,0,SUP-001,Perera Tea Estates,1,897.7,0,1,313133.41,89.8,86.62,90.7,98.03,84.22,89.71,89.8,90.57,4.11,4148.7,4.6871
2022-12-04,2022,12,4,6,4,1,338,89.8,3059.6,750.5,18.69,17.2,5.3,0,SUP-001,Perera Tea Estates,0,0.0,0,1,288778.92,88.95,90.68,86.62,90.7,88.3,89.33,90.01,90.49,4.05,4116.1,-0.9704
2022-12-05,2022,12,5,0,4,0,339,88.95,4452.1,1314.0,17.36,16.9,15.0,0,SUP-001,Perera Tea Estates,1,745.1,0,1,418825.34,94.37,89.8,90.68,86.62,88.72,90.48,90.04,90.43,4.04,4156.0,-0.9465
2022-12-06,2022,12,6,1,4,0,340,94.37,4004.3,1321.7,18.8,17.6,5.6,0,SUP-004,Highlands Tea Farm,1,568.3,0,0,402733.75,89.83,88.95,89.8,90.68,85.52,91.11,91.31,90.67,3.77,4073.7,6.0933
2022-12-07,2022,12,7,2,4,0,341,89.83,4162.2,1270.9,18.62,18.4,0.9,0,SUP-002,Silva Green Leaves,1,722.5,1,0,397554.58,91.14,94.37,88.95,89.8,98.03,95.6,90.14,90.61,2.33,4025.8,-4.8109
2022-12-08,2022,12,8,3,4,0,342,91.14,4322.2,1149.6,20.17,16.9,1.7,0,SUP-001,Perera Tea Estates,1,937.7,1,0,417112.74,87.75,89.83,94.37,88.95,90.7,95.77,90.2,90.65,2.35,3967.1,1.4583
2022-12-09,2022,12,9,4,4,0,343,87.75,4305.7,1321.0,18.19,19.2,12.5,0,SUP-005,Kandyan Leaf Growers,1,729.6,0,0,401854.16,83.04,91.14,89.83,94.37,86.62,88.33,90.36,90.4,2.09,3944.4,-3.7196
2022-12-10,2022,12,10,5,4,1,344,83.04,3013.2,573.2,18.96,18.4,31.6,1,SUP-002,Silva Green Leaves,1,548.5,0,0,261084.0,84.93,87.75,91.14,89.83,90.68,84.22,89.27,90.09,3.45,3902.8,-5.3675
2022-12-11,2022,12,11,6,4,1,345,84.93,3086.8,763.9,18.31,19.0,4.7,0,SUP-002,Silva Green Leaves,0,0.0,0,0,276148.93,95.84,83.04,87.75,91.14,89.8,88.3,88.57,89.88,3.8,3906.6,2.276
2022-12-12,2022,12,12,0,4,0,346,95.84,4393.9,1280.8,18.65,21.5,43.1,1,SUP-004,Highlands Tea Farm,1,502.9,0,0,444998.3,99.41,84.93,83.04,87.75,88.95,88.72,89.56,90.15,4.7,3898.3,12.8459
2022-12-13,2022,12,13,1,4,0,347,99.41,4517.3,1414.2,19.51,18.2,12.1,0,SUP-001,Perera Tea Estates,1,786.3,0,0,476655.84,93.57,95.84,84.93,83.04,94.37,85.52,90.28,90.66,5.81,3971.6,3.725
2022-12-14,2022,12,14,2,4,0,348,93.57,4456.0,1200.1,17.79,21.1,4.1,0,SUP-004,Highlands Tea Farm,1,472.6,0,0,438297.7,89.4,99.41,95.84,84.93,89.83,98.03,90.81,90.66,5.93,4013.6,-5.8747
2022-12-15,2022,12,15,3,4,0,349,89.4,4530.0,1235.1,18.0,20.4,9.5,0,SUP-002,Silva Green Leaves,1,628.8,0,0,427213.8,94.39,93.57,99.41,95.84,91.14,90.7,90.56,90.53,5.95,4043.3,-4.4566
2022-12-16,2022,12,16,4,4,0,350,94.39,4368.8,1249.8,19.67,19.0,9.0,0,SUP-001,Perera Tea Estates,1,845.0,0,0,436954.6,89.88,89.4,93.57,99.41,87.75,86.62,91.51,90.78,5.96,4052.3,5.5817
2022-12-17,2022,12,17,5,4,1,351,89.88,3656.1,667.6,17.31,17.2,3.0,0,SUP-004,Highlands Tea Farm,1,425.8,1,0,340166.42,85.27,94.39,89.4,93.57,83.04,90.68,92.49,90.71,4.79,4144.1,-4.778
2022-12-18,2022,12,18,6,4,1,352,85.27,3287.7,632.9,16.11,19.7,21.1,0,SUP-003,Nuwara Estates Ltd,0,0.0,0,0,290538.2,93.25,89.88,94.39,89.4,84.93,89.8,92.54,90.36,4.7,4172.8,-5.1291
2022-12-19,2022,12,19,0,4,0,353,93.25,4685.3,1297.7,18.59,20.8,30.1,1,SUP-003,Nuwara Estates Ltd,1,711.3,1,0,461028.47,99.29,85.27,89.88,94.39,95.84,88.95,92.17,90.47,4.49,4214.5,9.3585
2022-12-20,2022,12,20,1,4,0,354,99.29,4528.1,1472.6,19.33,19.3,20.8,0,SUP-005,Kandyan Leaf Growers,1,642.9,0,0,478060.41,91.6,93.25,85.27,89.88,99.41,94.37,92.15,90.81,4.46,4216.0,6.4772
2022-12-21,2022,12,21,2,4,0,355,91.6,4512.4,1228.4,20.1,18.1,4.5,0,SUP-002,Silva Green Leaves,1,536.1,0,0,438026.68,92.99,99.29,93.25,85.27,93.57,89.83,91.87,90.84,4.42,4224.1,-7.745
2022-12-22,2022,12,22,3,4,0,356,92.99,4398.9,1317.8,19.9,18.5,15.7,0,SUP-002,Silva Green Leaves,1,694.5,0,0,435277.93,96.15,91.6,99.29,93.25,89.4,91.14,92.38,90.91,4.29,4205.3,1.5175
2022-12-23,2022,12,23,4,4,0,357,96.15,4572.7,1198.6,19.88,19.6,19.8,0,SUP-004,Highlands Tea Farm,1,570.4,1,0,463493.27,89.95,92.99,91.6,99.29,94.39,87.75,92.63,90.92,4.47,4234.5,3.3982
2022-12-24,2022,12,24,5,4,1,358,89.95,2989.0,775.9,18.1,19.5,29.5,0,SUP-002,Silva Green Leaves,1,600.1,0,0,282904.34,91.6,96.15,92.99,91.6,89.88,83.04,92.64,90.73,4.47,4139.2,-6.4483
2022-12-25,2022,12,25,6,4,1,359,91.6,3140.3,747.9,21.09,22.2,17.8,0,SUP-005,Kandyan Leaf Growers,0,0.0,0,0,303424.69,92.19,89.95,96.15,92.99,85.27,84.93,93.55,90.84,3.18,4118.1,1.8344
2022-12-26,2022,12,26,0,4,0,360,92.19,4603.1,1410.8,20.03,19.9,11.4,0,SUP-002,Silva Green Leaves,1,570.8,0,0,452618.11,88.5,91.6,89.95,96.15,93.25,95.84,93.4,91.11,3.22,4106.4,0.6441
2022-12-27,2022,12,27,1,4,0,361,88.5,4077.6,1304.2,17.92,19.3,9.7,0,SUP-001,Perera Tea Estates,1,793.6,1,0,384238.86,90.72,92.19,91.6,89.95,99.29,99.41,91.85,91.11,2.41,4042.0,-4.0026
2022-12-28,2022,12,28,2,4,0,362,90.72,4398.6,1259.8,21.7,19.2,16.7,0,SUP-001,Perera Tea Estates,1,815.2,0,0,426378.65,92.96,88.5,92.19,91.6,91.6,93.57,91.73,91.18,2.45,4025.7,2.5085
2022-12-29,2022,12,29,3,4,0,363,92.96,4664.4,1173.7,19.31,20.8,16.5,0,SUP-001,Perera Tea Estates,1,828.3,0,0,456266.77,91.77,90.72,88.5,92.19,92.99,89.4,91.72,91.43,2.45,4063.7,2.4691
2022-12-30,2022,12,30,4,4,0,364,91.77,4589.2,1140.6,20.9,16.5,11.7,0,SUP-004,Highlands Tea Farm,1,621.4,0,0,444989.42,94.51,92.96,90.72,88.5,96.15,94.39,91.1,91.22,1.5,4066.0,-1.2801
2022-12-31,2022,12,31,5,4,1,365,94.51,3247.1,652.9,20.47,20.0,6.3,0,SUP-005,Kandyan Leaf Growers,1,570.6,0,0,320248.28,94.49,91.77,92.96,90.72,89.95,89.88,91.75,91.34,1.87,4102.9,2.9857
2023-01-01,2023,1,1,6,1,1,1,94.49,2979.0,577.7,18.94,20.6,8.3,0,SUP-005,Kandyan Leaf Growers,0,0.0,0,1,292427.35,103.01,94.51,91.77,92.96,91.6,85.27,92.16,91.61,2.13,4079.9,-0.0212
2023-01-02,2023,1,2,0,1,0,2,103.01,3880.5,1245.3,19.34,19.8,1.6,0,SUP-003,Nuwara Estates Ltd,1,756.3,0,1,423814.41,100.93,94.49,94.51,91.77,92.19,93.25,93.71,92.02,4.62,3976.6,9.0168
2023-01-03,2023,1,3,1,1,0,3,100.93,4091.9,1330.8,17.43,18.7,1.2,0,SUP-003,Nuwara Estates Ltd,1,632.4,1,1,436191.31,96.08,103.01,94.49,94.51,88.5,99.29,95.48,92.39,4.67,3978.7,-2.0192
2023-01-04,2023,1,4,2,1,0,4,96.08,4116.1,1410.3,18.23,19.6,7.7,0,SUP-004,Highlands Tea Farm,0,0.0,0,1,421184.66,110.62,100.93,103.01,94.49,90.72,91.6,96.25,92.63,4.18,3938.3,-4.8053
2023-01-05,2023,1,5,3,1,0,5,110.62,3756.4,1210.9,19.63,20.3,2.4,0,SUP-004,Highlands Tea Farm,1,520.5,0,1,439302.94,103.05,96.08,100.93,103.01,92.96,92.99,98.77,93.17,6.53,3808.6,15.1332
2023-01-06,2023,1,6,4,1,0,6,103.05,4079.2,1351.2,17.82,20.1,2.4,0,SUP-005,Kandyan Leaf Growers,1,643.7,1,0,444439.94,102.11,110.62,96.08,100.93,91.77,96.15,100.38,93.61,5.87,3735.7,-6.8432
2023-01-07,2023,1,7,5,1,1,7,102.11,3046.6,584.6,18.25,21.6,3.2,0,SUP-002,Silva Green Leaves,0,0.0,0,0,321757.28,104.01,103.05,110.62,96.08,94.51,89.95,101.47,93.98,5.28,3707.1,-0.9122
2023-01-08,2023,1,8,6,1,1,8,104.01,2712.1,650.8,17.33,20.1,2.1,0,SUP-002,Silva Green Leaves,0,0.0,0,0,293363.88,105.77,102.11,103.05,110.62,94.49,91.6,102.83,94.52,4.32,3669.0,1.8607
2023-01-09,2023,1,9,0,1,0,9,105.77,3945.6,1334.1,18.11,17.6,12.2,0,SUP-005,Kandyan Leaf Growers,1,663.0,0,0,441486.66,105.86,104.01,102.11,103.05,103.01,92.19,103.22,95.27,4.46,3678.3,1.6921
2023-01-10,2023,1,10,1,1,0,10,105.86,4063.9,1461.4,18.65,22.1,6.3,0,SUP-003,Nuwara Estates Ltd,1,677.7,0,0,457459.56,106.85,105.77,104.01,102.11,100.93,88.5,103.93,95.97,4.43,3674.3,0.0851
2023-01-11,2023,1,11,2,1,0,11,106.85,3969.3,1266.3,21.44,20.6,2.0,0,SUP-003,Nuwara Estates Ltd,1,746.5,0,0,451269.18,100.71,105.86,105.77,104.01,96.08,90.72,105.47,96.34,2.83,3653.3,0.9352
2023-01-12,2023,1,12,3,1,0,12,100.71,4289.2,1238.3,22.53,20.6,6.5,0,SUP-001,Perera Tea Estates,1,849.9,0,0,459864.23,107.96,106.85,105.86,105.77,110.62,92.96,104.05,96.38,2.24,3729.4,-5.7464
2023-01-13,2023,1,13,4,1,0,13,107.96,4211.2,1258.6,17.82,21.1,5.3,0,SUP-001,Perera Tea Estates,1,878.6,1,0,477069.4,104.45,100.71,106.85,105.86,103.05,91.77,104.75,96.86,2.61,3748.3,7.1989
2023-01-14,2023,1,14,5,1,1,14,104.45,2577.1,703.0,19.95,17.6,2.3,0,SUP-001,Perera Tea Estates,1,937.3,0,0,283202.94,102.11,107.96,100.71,106.85,102.11,94.51,105.09,97.36,2.35,3681.2,-3.2512
2023-01-15,2023,1,15,6,1,1,15,102.11,2763.3,640.0,20.93,18.1,14.7,0,SUP-003,Nuwara Estates Ltd,0,0.0,0,0,295555.76,114.83,104.45,107.96,100.71,104.01,94.49,104.82,97.62,2.59,3688.5,-2.2403
2023-01-16,2023,1,16,0,1,0,16,114.83,4448.0,1313.1,20.42,20.9,2.8,0,SUP-001,Perera Tea Estates,1,756.2,0,0,537577.34,103.99,102.11,104.45,107.96,105.77,103.01,106.11,98.45,4.62,3760.3,12.4572
2023-01-17,2023,1,17,1,1,0,17,103.99,3983.1,1308.3,18.07,19.3,0.3,0,SUP-001,Perera Tea Estates,1,834.7,0,0,437843.55,103.28,114.83,102.11,104.45,105.86,100.93,105.84,99.08,4.69,3748.7,-9.44
2023-01-18,2023,1,18,2,1,0,18,103.28,4142.3,1246.7,19.58,17.2,6.5,0,SUP-003,Nuwara Estates Ltd,1,705.5,0,0,452227.13,107.91,103.99,114.83,102.11,106.85,96.08,105.33,99.41,4.75,3773.5,-0.6828
2023-01-19,2023,1,19,3,1,0,19,107.91,4142.0,1228.3,20.54,21.0,0.8,0,SUP-003,Nuwara Estates Ltd,0,0.0,0,0,472192.5,100.51,103.28,103.99,114.83,100.71,110.62,106.36,99.7,4.35,3752.4,4.483
2023-01-20,2023,1,20,4,1,0,20,100.51,4438.4,1310.0,18.69,19.0,0.1,0,SUP-002,Silva Green Leaves,0,0.0,0,0,470587.48,100.22,107.91,103.28,103.99,107.96,103.05,105.3,100.0,4.78,3784.9,-6.8576
2023-01-21,2023,1,21,5,1,1,21,100.22,2697.7,697.3,22.41,18.6,3.2,0,SUP-005,Kandyan Leaf Growers,1,691.6,0,0,285989.99,110.73,100.51,107.91,103.28,104.45,102.11,104.69,100.24,5.16,3802.1,-0.2885
2023-01-22,2023,1,22,6,1,1,22,110.73,3227.0,649.6,20.76,19.5,7.8,0,SUP-001,Perera Tea Estates,0,0.0,0,0,370811.41,102.86,100.22,100.51,107.91,102.11,104.01,105.92,100.72,5.46,3868.4,10.4869
2023-01-23,2023,1,23,0,1,0,23,102.86,4321.9,1272.5,17.71,20.0,3.7,0,SUP-001,Perera Tea Estates,1,811.5,0,0,467086.61,107.91,110.73,100.22,100.51,114.83,105.77,104.21,101.15,3.84,3850.3,-7.1074
2023-01-24,2023,1,24,1,1,0,24,107.91,4570.9,1403.5,18.25,20.6,1.7,0,SUP-001,Perera Tea Estates,1,729.9,0,0,518859.69,103.38,102.86,110.73,100.22,103.99,105.86,104.77,101.7,4.08,3934.3,4.9096
2023-01-25,2023,1,25,2,1,0,25,103.38,4140.9,1242.7,20.64,19.4,0.4,0,SUP-002,Silva Green Leaves,1,649.2,0,0,453735.57,101.19,107.91,102.86,110.73,103.28,106.85,104.79,102.07,4.08,3934.1,-4.1979
2023-01-26,2023,1,26,3,1,0,26,101.19,4330.7,1291.6,19.15,19.4,1.6,0,SUP-003,Nuwara Estates Ltd,1,655.2,0,0,462957.67,102.99,103.38,107.91,102.86,107.91,100.71,103.83,102.49,4.01,3961.1,-2.1184
2023-01-27,2023,1,27,4,1,0,27,102.99,4234.3,1216.4,19.07,16.8,1.7,0,SUP-003,Nuwara Estates Ltd,1,671.5,0,0,459287.3,100.66,101.19,103.38,107.91,100.51,107.96,104.18,102.9,3.77,3931.9,1.7788
2023-01-28,2023,1,28,5,1,1,28,100.66,3041.7,612.1,18.3,20.0,5.2,0,SUP-002,Silva Green Leaves,1,612.9,0,0,317378.95,102.53,102.99,101.19,103.38,100.22,104.45,104.25,103.16,3.69,3981.1,-2.2624
2023-01-29,2023,1,29,6,1,1,29,102.53,3159.0,544.9,20.66,18.6,6.4,0,SUP-003,Nuwara Estates Ltd,0,0.0,0,0,335149.9,106.23,100.66,102.99,101.19,110.73,102.11,103.07,103.52,2.35,3971.3,1.8577
2023-01-30,2023,1,30,0,1,0,30,106.23,4028.8,1232.5,20.69,20.9,11.1,0,SUP-002,Silva Green Leaves,1,590.0,0,0,453479.85,113.52,102.53,100.66,102.99,102.86,114.83,103.56,103.91,2.63,3929.5,3.6087
2023-01-31,2023,1,31,1,1,0,31,113.52,4175.4,1372.4,18.72,22.7,3.6,0,SUP-001,Perera Tea Estates,1,805.7,0,0,499682.74,112.74,106.23,102.53,100.66,107.91,103.99,104.36,104.54,4.42,3873.0,6.8625
2023-02-01,2023,2,1,2,1,0,32,112.74,4075.0,1308.1,19.7,19.6,0.7,0,SUP-004,Highlands Tea Farm,0,0.0,0,1,485185.07,104.08,113.52,106.23,102.53,103.38,103.28,105.69,104.87,5.39,3863.6,-0.6871
2023-02-02,2023,2,2,3,1,0,33,104.08,4402.2,1464.4,18.21,21.6,2.6,0,SUP-001,Perera Tea Estates,1,897.0,0,1,484847.7,107.43,112.74,113.52,106.23,101.19,107.91,106.11,104.97,5.09,3873.8,-7.6814
2023-02-03,2023,2,3,4,1,0,34,107.43,4403.7,1254.6,20.06,23.2,1.1,0,SUP-004,Highlands Tea Farm,1,465.6,0,1,498256.77,110.01,104.08,112.74,113.52,102.99,100.51,106.74,105.35,4.91,3898.0,3.2187
2023-02-04,2023,2,4,5,1,1,35,110.01,3108.7,675.8,19.77,23.8,3.2,0,SUP-001,Perera Tea Estates,1,789.6,0,1,355348.65,101.74,107.43,104.08,112.74,100.66,100.22,108.08,105.33,4.2,3907.5,2.4016
2023-02-05,2023,2,5,6,1,1,36,101.74,3131.2,718.4,18.6,17.0,16.0,0,SUP-003,Nuwara Estates Ltd,0,0.0,0,1,331930.53,102.85,110.01,107.43,104.08,102.53,110.73,107.96,105.29,4.38,3903.6,-7.5175
2023-02-06,2023,2,6,0,1,0,37,102.85,4220.5,1226.1,19.23,20.2,24.8,0,SUP-001,Perera Tea Estates,1,799.3,0,0,457656.33,108.51,101.74,110.01,107.43,106.23,102.86,107.48,105.31,4.77,3931.0,1.091
2023-02-07,2023,2,7,1,1,0,38,108.51,4097.6,1305.5,19.23,20.7,0.6,0,SUP-005,Kandyan Leaf Growers,1,705.1,0,0,469735.34,107.92,102.85,101.74,110.01,113.52,107.91,106.77,105.46,4.03,3919.8,5.5032
2023-02-08,2023,2,8,2,1,0,39,107.92,4251.9,1354.6,19.9,17.9,3.2,0,SUP-003,Nuwara Estates Ltd,1,654.2,0,0,485821.59,116.93,108.51,102.85,101.74,112.74,103.38,106.08,105.53,3.16,3945.1,-0.5437
2023-02-09,2023,2,9,3,1,0,40,116.93,4235.0,1225.9,17.65,20.2,16.8,0,SUP-001,Perera Tea Estates,1,906.9,0,0,516835.69,112.35,107.92,108.51,102.85,104.08,101.19,107.91,105.9,5.0,3921.2,8.3488
2023-02-10,2023,2,10,4,1,0,41,112.35,4293.7,1296.0,19.72,21.6,12.7,0,SUP-003,Nuwara Estates Ltd,1,706.6,0,0,507954.31,100.55,116.93,107.92,108.51,107.43,102.99,108.62,106.08,5.26,3905.5,-3.9169
2023-02-11,2023,2,11,5,1,1,42,100.55,3161.1,666.4,19.09,18.7,2.6,0,SUP-001,Perera Tea Estates,1,743.2,0,0,330570.18,106.31,112.35,116.93,107.92,110.01,100.66,107.26,106.08,6.0,3913.0,-10.5029
2023-02-12,2023,2,12,6,1,1,43,106.31,2973.2,660.7,18.36,21.3,7.2,0,SUP-002,Silva Green Leaves,0,0.0,0,0,328211.34,115.99,100.55,112.35,116.93,101.74,102.53,107.92,106.02,5.53,3890.4,5.7285
2023-02-13,2023,2,13,0,1,0,44,115.99,4430.6,1200.8,18.06,19.4,3.1,0,SUP-003,Nuwara Estates Ltd,1,716.6,0,0,535591.74,110.03,106.31,100.55,112.35,102.85,106.23,109.79,106.41,5.75,3920.4,9.1054
2023-02-14,2023,2,14,1,1,0,45,110.03,4168.4,1312.4,18.21,20.4,0.5,0,SUP-003,Nuwara Estates Ltd,1,705.2,0,0,482547.86,107.65,115.99,106.31,100.55,108.51,113.52,110.01,106.67,5.73,3930.6,-5.1384
2023-02-15,2023,2,15,2,1,0,46,107.65,4409.3,1364.1,20.18,19.7,2.3,0,SUP-001,Perera Tea Estates,1,849.5,0,0,502188.68,106.12,110.03,115.99,106.31,107.92,112.74,109.97,106.43,5.74,3953.0,-2.163
2023-02-16,2023,2,16,3,1,0,47,106.12,4373.1,1327.2,19.21,19.6,3.9,0,SUP-001,Perera Tea Estates,1,728.6,0,0,489568.88,109.96,107.65,110.03,115.99,116.93,104.08,108.43,106.5,4.96,3972.8,-1.4213
2023-02-17,2023,2,17,4,1,0,48,109.96,4663.6,1284.5,19.53,22.8,3.3,0,SUP-002,Silva Green Leaves,1,611.3,1,0,537895.74,107.23,106.12,107.65,110.03,112.35,107.43,108.09,106.73,4.72,4025.6,3.6185
2023-02-18,2023,2,18,5,1,1,49,107.23,3242.5,685.8,20.14,20.5,4.0,0,SUP-001,Perera Tea Estates,1,735.7,0,0,361505.29,112.1,109.96,106.12,107.65,100.55,110.01,109.04,106.7,3.45,4037.2,-2.4827
2023-02-19,2023,2,19,6,1,1,50,112.1,2914.3,698.5,20.31,22.9,20.0,0,SUP-004,Highlands Tea Farm,0,0.0,0,0,340879.56,112.77,107.23,109.96,106.12,106.31,101.74,109.87,107.09,3.38,4028.8,4.5416
2023-02-20,2023,2,20,0,1,0,51,112.77,4137.1,1152.4,19.48,18.9,8.6,0,SUP-003,Nuwara Estates Ltd,1,780.7,1,0,488989.52,106.57,112.1,107.23,109.96,115.99,102.85,109.41,107.51,2.51,3986.9,0.5977
2023-02-21,2023,2,21,1,1,0,52,106.57,4701.4,1411.1,18.96,21.1,6.1,0,SUP-002,Silva Green Leaves,1,590.3,0,0,527782.65,110.22,112.77,112.1,107.23,110.03,108.51,108.91,107.37,2.7,4063.0,-5.4979
2023-02-22,2023,2,22,2,1,0,53,110.22,4111.3,1290.3,20.87,21.2,16.3,0,SUP-001,Perera Tea Estates,1,825.7,0,0,480076.05,112.41,106.57,112.77,112.1,107.65,107.92,109.28,107.62,2.68,4020.5,3.425
2023-02-23,2023,2,23,3,1,0,54,112.41,4409.4,1229.8,20.0,19.3,8.0,0,SUP-003,Nuwara Estates Ltd,1,800.4,0,0,520256.65,115.51,110.22,106.57,112.77,106.12,116.93,110.18,107.77,2.49,4025.7,1.9869
2023-02-24,2023,2,24,4,1,0,55,115.51,4359.5,1285.3,17.94,16.7,0.6,0,SUP-001,Perera Tea Estates,1,782.0,0,0,526624.13,112.09,112.41,110.22,106.57,109.96,112.35,110.97,108.17,3.19,3982.2,2.7578
2023-02-25,2023,2,25,5,1,1,56,112.09,3067.9,748.2,18.72,21.5,3.8,0,SUP-004,Highlands Tea Farm,1,494.9,0,0,357887.22,114.98,115.51,112.41,110.22,107.23,100.55,111.67,108.53,2.74,3957.3,-2.9608
2023-02-26,2023,2,26,6,1,1,57,114.98,3145.5,594.9,20.38,19.6,4.9,0,SUP-005,Kandyan Leaf Growers,0,0.0,0,0,373793.65,115.28,112.09,115.51,112.41,112.1,106.31,112.08,108.93,3.02,3990.3,2.5783
2023-02-27,2023,2,27,0,1,0,58,115.28,4166.4,1119.2,18.62,19.9,1.2,0,SUP-004,Highlands Tea Farm,1,510.0,0,0,501142.1,110.21,114.98,112.09,115.51,112.77,115.99,112.44,109.42,3.25,3994.5,0.2609
2023-02-28,2023,2,28,1,1,0,59,110.21,4207.9,1145.4,17.84,16.9,5.2,0,SUP-003,Nuwara Estates Ltd,1,818.4,0,0,484186.59,103.22,115.28,114.98,112.09,106.57,110.03,112.96,109.68,2.31,3924.0,-4.398
2023-03-01,2023,3,1,2,1,0,60,103.22,4579.7,1173.3,19.12,19.1,2.4,0,SUP-003,Nuwara Estates Ltd,1,742.9,0,1,495150.13,97.81,110.21,115.28,114.98,110.22,107.65,111.96,109.58,4.33,3990.9,-6.3424
2023-03-02,2023,3,2,3,1,0,61,97.81,4759.7,1283.3,20.43,20.4,1.2,0,SUP-004,Highlands Tea Farm,1,462.1,0,1,491764.08,103.09,103.22,110.21,115.28,112.41,106.12,109.87,109.05,6.85,4040.9,-5.2412
2023-03-03,2023,3,3,4,1,0,62,103.09,4364.7,1195.8,19.44,21.6,3.3,0,SUP-004,Highlands Tea Farm,1,585.5,0,1,473203.28,97.9,97.81,103.22,110.21,115.51,109.96,108.1,108.73,6.76,4041.7,5.3982
2023-03-04,2023,3,4,5,1,1,63,97.9,3367.0,549.3,20.77,17.6,8.8,0,SUP-001,Perera Tea Estates,1,856.0,0,1,341038.26,91.4,103.09,97.81,103.22,112.09,107.23,106.07,108.52,7.45,4084.4,-5.0344
2023-03-05,2023,3,5,6,1,1,64,91.4,3472.7,639.5,19.86,18.4,2.5,0,SUP-001,Perera Tea Estates,0,0.0,0,1,330105.25,97.81,97.9,103.09,97.81,114.98,112.1,102.7,107.99,8.06,4131.2,-6.6394
2023-03-06,2023,3,6,0,1,0,65,97.81,4600.2,1134.9,20.39,14.3,3.0,0,SUP-004,Highlands Tea Farm,1,439.9,0,0,473086.17,101.87,91.4,97.9,103.09,115.28,112.77,100.21,107.58,5.94,4193.1,7.0131
2023-03-07,2023,3,7,1,1,0,66,101.87,4877.5,1190.8,18.6,20.4,0.2,0,SUP-005,Kandyan Leaf Growers,1,564.2,0,0,519019.81,102.55,97.81,91.4,97.9,110.21,106.57,99.01,107.59,4.17,4288.8,4.1509
2023-03-08,2023,3,8,2,1,0,67,102.55,4593.7,1260.6,20.91,20.0,8.1,0,SUP-004,Highlands Tea Farm,0,0.0,0,0,497443.08,101.98,101.87,97.81,91.4,103.22,110.22,98.92,107.58,4.07,4290.8,0.6675
2023-03-09,2023,3,9,3,1,0,68,101.98,4260.6,1233.2,19.96,17.1,11.0,0,SUP-003,Nuwara Estates Ltd,1,812.4,0,0,459110.66,98.67,102.55,101.87,97.81,97.81,112.41,99.51,107.36,4.18,4219.5,-0.5558
2023-03-10,2023,3,10,4,1,0,69,98.67,4894.1,1332.3,19.0,18.7,19.2,0,SUP-001,Perera Tea Estates,1,736.7,0,0,508214.55,97.2,101.98,102.55,101.87,103.09,115.51,98.88,107.05,3.88,4295.1,-3.2457
2023-03-11,2023,3,11,5,1,1,70,97.2,3558.0,646.7,21.09,16.2,11.1,0,SUP-005,Kandyan Leaf Growers,0,0.0,0,0,359476.5,101.01,98.67,101.98,102.55,97.9,112.09,98.78,106.39,3.91,4322.4,-1.4898
2023-03-12,2023,3,12,6,1,1,71,101.01,3547.6,563.0,20.75,17.1,3.0,0,SUP-002,Silva Green Leaves,0,0.0,0,0,370025.33,106.53,97.2,98.67,101.98,91.4,114.98,100.16,106.02,2.21,4333.1,3.9198
2023-03-13,2023,3,13,0,1,0,72,106.53,4351.0,1304.2,20.51,22.0,12.9,0,SUP-001,Perera Tea Estates,1,811.7,0,0,490261.17,108.87,101.01,97.2,98.67,97.81,115.28,101.4,106.22,2.98,4297.5,5.4648
2023-03-14,2023,3,14,1,1,0,73,108.87,5080.6,1228.3,19.71,21.2,0.2,0,SUP-002,Silva Green Leaves,1,650.3,0,0,577334.72,102.24,106.53,101.01,97.2,101.87,110.21,102.4,106.3,4.12,4326.5,2.1966
2023-03-15,2023,3,15,2,1,0,74,102.24,4843.5,1219.0,17.95,18.2,5.4,0,SUP-003,Nuwara Estates Ltd,1,665.0,0,0,517080.49,97.57,108.87,106.53,101.01,102.55,103.22,102.36,105.84,4.12,4362.2,-6.0898
2023-03-16,2023,3,16,3,1,0,75,97.57,4862.4,1320.8,17.11,17.2,2.3,0,SUP-002,Silva Green Leaves,1,566.4,0,0,497023.26,98.37,102.24,108.87,106.53,101.98,97.81,101.73,105.43,4.51,4448.2,-4.5677
2023-03-17,2023,3,17,4,1,0,76,98.37,4598.9,1323.2,21.3,21.5,0.7,0,SUP-004,Highlands Tea Farm,1,626.9,0,0,480577.95,101.19,97.57,102.24,108.87,98.67,103.09,101.68,105.12,4.54,4406.0,0.8199
2023-03-18,2023,3,18,5,1,1,77,101.19,3054.4,662.3,20.39,19.5,9.2,0,SUP-004,Highlands Tea Farm,1,495.5,0,0,322579.03,101.51,98.37,97.57,102.24,97.2,97.9,102.25,104.95,4.12,4334.1,2.8667
2023-03-19,2023,3,19,6,1,1,78,101.51,3445.0,516.0,20.49,20.8,2.7,0,SUP-003,Nuwara Estates Ltd,0,0.0,0,0,360274.79,98.94,101.19,98.37,97.57,101.01,91.4,102.33,104.67,4.1,4319.4,0.3162
2023-03-20,2023,3,20,0,1,0,79,98.94,4797.9,1051.3,20.92,19.0,5.2,0,SUP-005,Kandyan Leaf Growers,1,564.7,0,0,496697.42,96.05,101.51,101.19,98.37,106.53,97.81,101.24,104.4,3.79,4383.2,-2.5318
2023-03-21,2023,3,21,1,1,0,80,96.05,4611.3,1208.7,19.26,18.2,3.1,0,SUP-001,Perera Tea Estates,1,913.3,1,0,466194.93,100.6,98.94,101.51,101.19,108.87,101.87,99.41,103.86,2.29,4316.2,-2.921
2023-03-22,2023,3,22,2,1,0,81,100.6,5081.5,1287.4,22.27,19.7,7.4,0,SUP-003,Nuwara Estates Ltd,1,775.7,0,0,539869.3,110.0,96.05,98.94,101.51,102.24,102.55,99.18,103.46,2.02,4350.2,4.7371
2023-03-23,2023,3,23,3,1,0,82,110.0,4460.6,1157.8,22.99,19.7,0.9,0,SUP-001,Perera Tea Estates,1,692.0,0,0,517283.82,100.54,100.6,96.05,98.94,97.57,101.98,100.95,103.57,4.42,4292.8,9.3439
2023-03-24,2023,3,24,4,1,0,83,100.54,5156.3,1335.5,22.02,17.7,11.4,0,SUP-003,Nuwara Estates Ltd,1,712.5,0,0,547822.11,102.78,110.0,100.6,96.05,98.37,98.67,101.26,103.25,4.28,4372.4,-8.6
2023-03-25,2023,3,25,5,1,1,84,102.78,3765.6,551.5,19.12,18.9,6.1,0,SUP-004,Highlands Tea Farm,0,0.0,0,0,397573.05,98.46,100.54,110.0,100.6,101.19,97.2,101.49,102.93,4.32,4474.0,2.228
2023-03-26,2023,3,26,6,1,1,85,98.46,3865.8,686.9,20.41,20.5,8.5,0,SUP-001,Perera Tea Estates,0,0.0,1,0,394646.3,108.97,102.78,100.54,110.0,101.51,101.01,101.05,102.36,4.47,4534.1,-4.2032
2023-03-27,2023,3,27,0,1,0,86,108.97,4970.2,1201.8,20.71,18.0,1.3,0,SUP-003,Nuwara Estates Ltd,0,0.0,0,0,566491.97,104.4,98.46,102.78,100.54,98.94,106.53,102.49,102.25,5.22,4558.8,10.6744
2023-03-28,2023,3,28,1,1,0,87,104.4,4764.3,1154.0,18.21,19.6,8.4,0,SUP-001,Perera Tea Estates,1,786.5,0,0,518407.26,102.2,108.97,98.46,102.78,96.05,108.87,103.68,101.9,4.39,4580.6,-4.1938
2023-03-29,2023,3,29,2,1,0,88,102.2,4681.2,1353.0,18.19,20.5,0.1,0,SUP-005,Kandyan Leaf Growers,1,674.5,0,0,503029.71,100.9,104.4,108.97,98.46,100.6,102.24,103.91,101.46,4.25,4523.4,-2.1073
2023-03-30,2023,3,30,3,1,0,89,100.9,4757.9,1105.6,17.9,18.5,0.8,0,SUP-004,Highlands Tea Farm,1,558.9,0,0,499862.35,99.55,102.2,104.4,108.97,110.0,97.57,102.61,101.15,3.37,4565.9,-1.272
2023-03-31,2023,3,31,4,1,0,90,99.55,4814.9,1172.8,18.35,20.2,2.8,0,SUP-004,Highlands Tea Farm,1,636.7,0,0,500844.17,99.62,100.9,102.2,104.4,100.54,98.37,102.47,101.03,3.49,4517.1,-1.338
2023-04-01,2023,4,1,5,2,1,91,99.62,3669.1,766.2,19.17,16.2,3.8,0,SUP-004,Highlands Tea Farm,1,533.9,0,1,380203.8,99.92,99.55,100.9,102.2,102.78,101.19,102.01,101.09,3.65,4503.3,0.0703
2023-04-02,2023,4,2,6,2,1,92,99.92,3390.1,515.0,20.36,16.2,0.2,0,SUP-001,Perera Tea Estates,0,0.0,0,1,349224.19,104.02,99.62,99.55,100.9,98.46,101.51,102.22,100.99,3.45,4435.4,0.3011
2023-04-03,2023,4,3,0,2,0,93,104.02,4755.5,1217.5,18.1,17.8,0.8,0,SUP-002,Silva Green Leaves,1,702.4,0,1,516703.86,97.01,99.92,99.62,99.55,108.97,98.94,101.52,101.19,2.06,4404.7,4.1033
2023-04-04,2023,4,4,1,2,0,94,97.01,4667.7,1203.7,20.48,18.7,5.4,0,SUP-003,Nuwara Estates Ltd,1,766.9,0,1,477465.35,101.21,104.02,99.92,99.62,104.4,96.05,100.46,101.38,2.22,4390.9,-6.7391
2023-04-05,2023,4,5,2,2,0,95,101.21,4641.5,1319.2,19.18,17.8,3.9,0,SUP-005,Kandyan Leaf Growers,1,704.3,0,1,495068.47,105.55,97.01,104.02,99.92,102.2,100.6,100.32,101.49,2.12,4385.2,4.3295
2023-04-06,2023,4,6,3,2,0,96,105.55,4644.5,1158.4,18.53,19.7,13.9,0,SUP-002,Silva Green Leaves,0,0.0,0,0,511692.13,102.25,101.21,97.01,104.02,100.9,110.0,100.98,101.61,2.91,4369.0,4.2881
2023-04-07,2023,4,7,4,2,0,97,102.25,4452.7,1195.2,21.46,17.7,8.8,0,SUP-005,Kandyan Leaf Growers,1,681.8,0,0,480937.57,105.07,105.55,101.21,97.01,99.55,100.54,101.37,101.6,2.87,4317.3,-3.1265
2023-04-08,2023,4,8,5,2,1,98,105.07,3418.6,704.1,19.4,16.9,4.9,0,SUP-001,Perera Tea Estates,1,798.1,0,0,372851.84,103.25,102.25,105.55,101.21,99.62,102.78,102.15,101.71,3.05,4281.5,2.7579
2023-04-09,2023,4,9,6,2,1,99,103.25,3646.8,625.6,19.48,18.5,14.0,0,SUP-001,Perera Tea Estates,0,0.0,0,0,388718.79,103.73,105.07,102.25,105.55,99.92,98.46,102.62,101.86,2.9,4318.2,-1.7322
2023-04-10,2023,4,10,0,2,0,100,103.73,4724.0,1263.8,20.26,16.9,5.1,0,SUP-005,Kandyan Leaf Growers,1,603.2,0,0,515625.11,111.03,103.25,105.07,102.25,104.02,108.97,102.58,102.08,2.88,4313.7,0.4649
2023-04-11,2023,4,11,1,2,0,101,111.03,4655.7,1189.7,20.61,18.9,2.6,0,SUP-002,Silva Green Leaves,1,639.6,1,0,541442.09,97.69,103.73,103.25,105.07,97.01,104.4,104.58,102.41,3.22,4312.0,7.0375
2023-04-12,2023,4,12,2,2,0,102,97.69,4690.8,1234.1,19.59,17.9,4.5,0,SUP-002,Silva Green Leaves,1,655.3,0,0,482420.27,101.43,111.03,103.73,103.25,101.21,102.2,104.08,102.12,4.01,4319.0,-12.0148
2023-04-13,2023,4,13,3,2,0,103,101.43,4888.2,1096.0,21.32,21.0,8.1,0,SUP-001,Perera Tea Estates,1,756.9,0,0,519176.85,103.37,97.69,111.03,103.73,105.55,100.9,103.49,101.87,4.06,4353.8,3.8284
2023-04-14,2023,4,14,4,2,0,104,103.37,4565.6,1188.7,20.8,17.3,5.5,0,SUP-003,Nuwara Estates Ltd,1,667.7,0,0,496671.03,98.2,101.43,97.69,111.03,102.25,99.55,103.65,101.91,4.02,4370.0,1.9126
2023-04-15,2023,4,15,5,2,1,105,98.2,3067.6,536.8,20.95,16.3,6.1,0,SUP-003,Nuwara Estates Ltd,1,672.6,0,0,312484.28,97.25,103.37,101.43,97.69,105.07,99.62,102.67,101.93,4.44,4319.8,-5.0015
2023-04-16,2023,4,16,6,2,1,106,97.25,3431.6,443.4,20.1,17.1,15.9,0,SUP-005,Kandyan Leaf Growers,0,0.0,0,0,342635.44,100.95,98.2,103.37,101.43,103.25,99.92,101.81,101.89,4.87,4289.1,-0.9674
2023-04-17,2023,4,17,0,2,0,107,100.95,4675.2,1162.4,18.68,17.8,1.8,0,SUP-001,Perera Tea Estates,1,743.9,0,0,493675.07,101.13,97.25,98.2,103.37,103.73,104.02,101.42,101.88,4.8,4282.1,3.8046
2023-04-18,2023,4,18,1,2,0,108,101.13,4604.0,1200.5,22.19,15.1,15.7,0,SUP-003,Nuwara Estates Ltd,1,582.5,0,0,492241.62,105.8,100.95,97.25,98.2,111.03,97.01,100.0,101.87,2.3,4274.7,0.1783
2023-04-19,2023,4,19,2,2,0,109,105.8,4689.7,1069.7,20.22,16.1,4.5,0,SUP-001,Perera Tea Estates,1,757.5,1,0,517799.59,107.29,101.13,100.95,97.25,97.69,101.21,101.16,102.1,2.9,4274.6,4.6178
2023-04-20,2023,4,20,3,2,0,110,107.29,4438.2,1283.3,18.56,18.1,6.0,0,SUP-005,Kandyan Leaf Growers,1,642.0,0,0,499992.53,106.2,105.8,101.13,100.95,101.43,105.55,102.0,102.47,3.72,4210.3,1.4083
2023-04-21,2023,4,21,4,2,0,111,106.2,4682.1,1284.8,19.41,16.9,4.2,0,SUP-001,Perera Tea Estates,1,900.3,0,0,522176.99,97.34,107.29,105.8,101.13,103.37,102.25,102.4,102.66,4.04,4226.9,-1.0159
2023-04-22,2023,4,22,5,2,1,112,97.34,3227.2,626.2,20.46,16.2,0.1,0,SUP-001,Perera Tea Estates,1,820.4,0,0,326947.7,104.32,106.2,107.29,105.8,98.2,105.07,102.28,102.24,4.2,4249.7,-8.3427
2023-04-23,2023,4,23,6,2,1,113,104.32,3356.1,577.8,21.09,17.5,24.4,0,SUP-001,Perera Tea Estates,0,0.0,0,0,362294.15,102.46,97.34,106.2,107.29,97.25,103.25,103.29,102.36,3.59,4238.9,7.1707
2023-04-24,2023,4,24,0,2,0,114,102.46,4518.7,1111.3,18.09,13.3,4.0,0,SUP-001,Perera Tea Estates,1,843.0,0,0,483089.42,105.18,104.32,97.34,106.2,100.95,103.73,103.51,102.35,3.47,4216.6,-1.783
2023-04-25,2023,4,25,1,2,0,115,105.18,4404.6,1231.7,22.02,18.8,0.1,0,SUP-002,Silva Green Leaves,1,540.2,1,0,490397.86,112.14,102.46,104.32,97.34,101.13,111.03,104.08,102.58,3.34,4188.1,2.6547
2023-04-26,2023,4,26,2,2,0,116,112.14,4698.7,1133.6,20.05,14.6,4.3,0,SUP-005,Kandyan Leaf Growers,1,637.0,0,0,549640.9,99.74,105.18,102.46,104.32,105.8,97.69,104.99,102.68,4.53,4189.4,6.6172
2023-04-27,2023,4,27,3,2,0,117,99.74,4394.6,1240.8,18.44,14.8,2.3,0,SUP-005,Kandyan Leaf Growers,1,649.1,0,0,461197.76,106.79,112.14,105.18,102.46,107.29,101.43,103.91,102.53,4.79,4183.1,-11.0576
2023-04-28,2023,4,28,4,2,0,118,106.79,4977.4,1265.8,20.96,15.3,4.9,0,SUP-003,Nuwara Estates Ltd,0,0.0,0,0,558067.71,104.0,99.74,112.14,105.18,106.2,103.37,104.0,102.68,4.84,4225.3,7.0684
2023-04-29,2023,4,29,5,2,1,119,104.0,3507.0,526.3,18.64,17.8,4.2,0,SUP-001,Perera Tea Estates,0,0.0,0,0,374538.23,97.66,106.79,99.74,112.14,97.34,98.2,104.95,102.78,3.87,4265.3,-2.6126
2023-04-30,2023,4,30,6,2,1,120,97.66,3447.0,594.9,20.02,17.4,0.2,0,SUP-002,Silva Green Leaves,0,0.0,0,0,348543.92,98.98,104.0,106.79,99.74,104.32,97.25,104.0,102.72,4.76,4278.3,-6.0962
2023-05-01,2023,5,1,0,2,0,121,98.98,4512.8,1187.0,20.18,17.5,22.3,0,SUP-005,Kandyan Leaf Growers,0,0.0,0,1,470630.6,97.97,97.66,104.0,106.79,102.46,100.95,103.5,102.7,5.12,4277.4,1.3516
2023-05-02,2023,5,2,1,2,0,122,97.97,4661.5,1183.4,21.85,14.5,29.5,0,SUP-001,Perera Tea Estates,1,781.2,0,1,482544.44,104.37,98.98,97.66,104.0,105.18,101.13,102.47,102.63,5.44,4314.1,-1.0204
2023-05-03,2023,5,3,2,2,0,123,104.37,4539.1,1102.5,19.73,17.0,69.5,1,SUP-003,Nuwara Estates Ltd,1,730.8,0,1,495498.19,104.19,97.97,98.98,97.66,112.14,105.8,101.36,102.65,3.63,4291.3,6.5326
2023-05-04,2023,5,4,3,2,0,124,104.19,4666.3,1113.4,19.46,16.6,15.3,0,SUP-002,Silva Green Leaves,1,716.5,1,1,507848.56,107.78,104.37,97.97,98.98,99.74,107.29,101.99,102.88,3.69,4330.2,-0.1725
2023-05-05,2023,5,5,4,2,0,125,107.78,4436.5,1142.6,20.04,19.0,37.3,1,SUP-001,Perera Tea Estates,1,980.4,0,1,501063.67,102.78,104.19,104.37,97.97,106.79,106.2,102.14,103.1,3.91,4252.9,3.4456
2023-05-06,2023,5,6,5,2,1,126,102.78,3564.2,570.0,18.57,14.4,10.4,0,SUP-002,Silva Green Leaves,1,527.5,0,0,376913.38,103.08,107.78,104.19,104.37,104.0,97.34,101.96,103.01,3.84,4261.1,-4.6391
2023-05-07,2023,5,7,6,2,1,127,103.08,3421.9,550.7,19.39,13.4,5.4,0,SUP-003,Nuwara Estates Ltd,0,0.0,0,0,363407.52,106.48,102.78,107.78,104.19,97.66,104.32,102.74,103.04,3.35,4257.5,0.2919
2023-05-08,2023,5,8,0,2,0,128,106.48,4721.2,1207.6,21.41,14.2,2.2,0,SUP-002,Silva Green Leaves,1,613.3,0,0,528568.09,104.69,103.08,102.78,107.78,98.98,102.46,103.81,103.09,3.14,4287.2,3.2984
2023-05-09,2023,5,9,1,2,0,129,104.69,4917.0,1234.5,19.63,12.5,30.7,1,SUP-004,Highlands Tea Farm,1,559.8,0,0,538993.96,102.03,106.48,103.08,102.78,97.97,105.18,104.77,103.13,1.79,4323.7,-1.6811
2023-05-10,2023,5,10,2,2,0,130,102.03,4699.4,1041.0,19.28,15.8,1.1,0,SUP-004,Highlands Tea Farm,0,0.0,0,0,499550.26,109.0,104.69,106.48,103.08,104.37,112.14,104.43,103.08,2.08,4346.6,-2.5408
2023-05-11,2023,5,11,3,2,0,131,109.0,4609.8,1191.4,21.65,14.0,9.8,0,SUP-002,Silva Green Leaves,1,583.5,0,0,528262.01,105.56,102.03,104.69,106.48,104.19,99.74,105.12,103.01,2.69,4338.6,6.8313
2023-05-12,2023,5,12,4,2,0,132,105.56,4566.1,1143.7,18.32,15.3,8.1,0,SUP-002,Silva Green Leaves,1,720.8,0,0,502950.1,106.86,109.0,102.03,104.69,107.78,106.79,104.8,103.27,2.44,4357.1,-3.156
2023-05-13,2023,5,13,5,2,1,133,106.86,3546.3,554.4,20.41,15.5,6.1,0,SUP-005,Kandyan Leaf Growers,1,778.6,0,0,390272.92,104.89,105.56,109.0,102.03,102.78,104.0,105.39,103.45,2.36,4354.5,1.2315
2023-05-14,2023,5,14,6,2,1,134,104.89,3519.9,482.2,20.55,15.9,14.6,0,SUP-005,Kandyan Leaf Growers,0,0.0,0,0,379111.52,104.7,106.86,105.56,109.0,103.08,97.66,105.64,103.5,2.16,4368.5,-1.8435
2023-05-15,2023,5,15,0,2,0,135,104.7,4404.8,1068.4,18.63,18.2,28.9,0,SUP-004,Highlands Tea Farm,1,506.9,0,0,481086.85,113.03,104.89,106.86,105.56,106.48,98.98,105.39,103.72,2.15,4323.3,-0.1811
2023-05-16,2023,5,16,1,2,0,136,113.03,4802.3,1129.5,18.09,13.8,7.8,0,SUP-001,Perera Tea Estates,1,868.4,0,0,563236.62,104.79,104.7,104.89,106.86,104.69,97.97,106.58,104.25,3.55,4306.9,7.9561
2023-05-17,2023,5,17,2,2,0,137,104.79,4463.8,1162.5,19.69,15.7,31.1,1,SUP-004,Highlands Tea Farm,1,440.6,0,0,490651.23,108.67,113.03,104.7,104.89,102.03,104.37,106.98,104.37,3.08,4273.3,-7.2901
2023-05-18,2023,5,18,3,2,0,138,108.67,4584.0,1077.7,18.68,14.6,1.9,0,SUP-002,Silva Green Leaves,0,0.0,0,0,518274.72,102.78,104.79,113.03,104.7,109.0,104.19,106.93,104.63,3.05,4269.6,3.7026
2023-05-19,2023,5,19,4,2,0,139,102.78,5047.1,1166.4,19.88,14.0,12.2,0,SUP-005,Kandyan Leaf Growers,1,688.3,0,0,541928.97,101.96,108.67,104.79,113.03,105.56,107.78,106.53,104.52,3.42,4338.3,-5.4201
2023-05-20,2023,5,20,5,2,1,140,101.96,3561.0,473.2,17.88,14.2,34.1,1,SUP-005,Kandyan Leaf Growers,1,742.6,0,0,371540.38,103.88,102.78,108.67,104.79,106.86,102.78,105.83,104.35,3.82,4340.4,-0.7978
2023-05-21,2023,5,21,6,2,1,141,103.88,3325.4,506.6,18.96,14.0,1.4,0,SUP-005,Kandyan Leaf Growers,0,0.0,0,0,355047.69,101.44,101.96,102.78,108.67,104.89,103.08,105.69,104.27,3.88,4312.6,1.8831
2023-05-22,2023,5,22,0,2,0,142,101.44,4912.3,1232.4,19.91,17.3,12.9,0,SUP-003,Nuwara Estates Ltd,1,651.3,0,0,522840.8,102.97,103.88,101.96,102.78,104.7,106.48,105.22,104.41,4.2,4385.1,-2.3489
2023-05-23,2023,5,23,1,2,0,143,102.97,4249.6,1192.3,16.97,16.2,32.6,1,SUP-001,Perera Tea Estates,1,736.1,0,0,457814.64,111.06,101.44,103.88,101.96,113.03,104.69,103.78,104.36,2.43,4306.2,1.5083
2023-05-24,2023,5,24,2,2,0,144,111.06,4504.9,1202.9,21.19,15.7,17.1,0,SUP-003,Nuwara Estates Ltd,0,0.0,0,0,525803.64,104.69,102.97,101.44,103.88,104.79,102.03,104.68,104.65,3.69,4312.0,7.8567
2023-05-25,2023,5,25,3,2,0,145,104.69,4478.8,1046.9,20.27,14.3,34.1,1,SUP-001,Perera Tea Estates,1,899.5,1,0,490106.24,105.25,111.06,102.97,101.44,108.67,109.0,104.11,104.63,3.25,4297.0,-5.7356
2023-05-26,2023,5,26,4,2,0,146,105.25,4309.9,1124.8,20.42,13.1,0.9,0,SUP-003,Nuwara Estates Ltd,1,844.6,0,0,476585.39,101.81,104.69,111.06,102.97,102.78,105.56,104.46,104.4,3.22,4191.7,0.5349
2023-05-27,2023,5,27,5,2,1,147,101.81,3660.4,472.6,20.11,15.8,31.0,1,SUP-002,Silva Green Leaves,1,653.3,0,0,382169.31,107.52,105.25,104.69,111.06,101.96,106.86,104.44,104.47,3.24,4205.9,-3.2684
2023-05-28,2023,5,28,6,2,1,148,107.52,3299.5,520.5,20.13,13.6,7.6,0,SUP-001,Perera Tea Estates,0,0.0,0,0,365239.9,109.01,101.81,105.25,104.69,103.88,104.89,104.96,104.5,3.42,4202.2,5.6085
2023-05-29,2023,5,29,0,2,0,149,109.01,4416.6,1138.8,20.24,12.0,15.8,0,SUP-003,Nuwara Estates Ltd,1,749.7,0,0,504502.88,108.71,107.52,101.81,105.25,101.44,104.7,106.04,104.66,3.32,4131.4,1.3858
2023-05-30,2023,5,30,1,2,0,150,108.71,4685.5,1150.1,21.42,16.0,23.0,0,SUP-001,Perera Tea Estates,1,820.7,0,0,533995.85,110.5,109.01,107.52,101.81,102.97,113.03,106.86,105.03,3.13,4193.7,-0.2752
2023-05-31,2023,5,31,2,2,0,151,110.5,4384.0,1273.0,18.15,16.8,32.8,1,SUP-003,Nuwara Estates Ltd,1,857.6,0,0,507536.95,107.72,108.71,109.01,107.52,111.06,104.79,106.78,105.42,3.01,4176.4,1.6466
2023-06-01,2023,6,1,3,2,0,152,107.72,4679.0,1080.6,19.92,14.0,16.3,0,SUP-005,Kandyan Leaf Growers,0,0.0,1,1,525547.43,107.41,110.5,108.71,109.01,104.69,108.67,107.22,105.74,2.88,4205.0,-2.5158
2023-06-02,2023,6,2,4,2,0,153,107.41,4410.6,1034.2,19.85,14.4,0.9,0,SUP-005,Kandyan Leaf Growers,1,616.9,0,1,494271.42,105.59,107.72,110.5,108.71,105.25,102.78,107.53,105.84,2.74,4219.4,-0.2878
2023-06-03,2023,6,3,5,2,1,154,105.59,3395.4,434.4,18.22,14.6,18.7,0,SUP-001,Perera Tea Estates,1,800.3,0,1,366435.05,111.36,107.41,107.72,110.5,101.81,101.96,108.07,105.89,1.54,4181.5,-1.6944
2023-06-04,2023,6,4,6,2,1,155,111.36,3374.9,571.1,20.92,15.5,41.6,1,SUP-002,Silva Green Leaves,0,0.0,0,1,387776.28,108.52,105.59,107.41,107.72,107.52,103.88,108.61,106.01,1.94,4192.3,5.4645
2023-06-05,2023,6,5,0,2,0,156,108.52,4839.6,1162.5,18.87,12.6,1.0,0,SUP-005,Kandyan Leaf Growers,1,751.7,0,1,547129.77,112.88,111.36,105.59,107.41,109.01,101.44,108.54,106.2,1.94,4252.7,-2.5503
2023-06-06,2023,6,6,1,2,0,157,112.88,4711.6,1271.0,20.97,15.1,3.7,0,SUP-001,Perera Tea Estates,1,847.8,0,0,558498.28,100.4,108.52,111.36,105.59,108.71,102.97,109.14,106.53,2.54,4256.4,4.0177
2023-06-07,2023,6,7,2,2,0,158,100.4,4561.8,1148.7,20.0,16.2,4.5,0,SUP-003,Nuwara Estates Ltd,0,0.0,0,0,480978.72,105.96,112.88,108.52,111.36,110.5,111.06,107.7,106.32,4.06,4281.8,-11.056
2023-06-08,2023,6,8,3,2,0,159,105.96,4578.9,1203.4,17.95,14.5,11.2,0,SUP-005,Kandyan Leaf Growers,1,723.9,0,0,506781.27,110.73,100.4,112.88,108.52,107.72,104.69,107.45,106.36,4.11,4267.5,5.5378
2023-06-09,2023,6,9,4,2,0,160,110.73,4562.0,1129.1,19.82,14.7,24.1,0,SUP-004,Highlands Tea Farm,1,443.7,1,0,527529.02,103.06,105.96,100.4,112.88,107.41,105.25,107.92,106.65,4.29,4289.2,4.5017
2023-06-10,2023,6,10,5,2,1,161,103.06,3162.2,540.2,20.02,13.1,4.4,0,SUP-005,Kandyan Leaf Growers,1,605.0,0,0,336711.14,101.8,110.73,105.96,100.4,105.59,101.81,107.56,106.46,4.61,4255.9,-6.9268
2023-06-11,2023,6,11,6,2,1,162,101.8,3469.2,412.5,18.06,14.3,20.4,0,SUP-001,Perera Tea Estates,0,0.0,1,0,360614.31,107.19,103.06,110.73,105.96,111.36,107.52,106.19,106.33,4.72,4269.3,-1.2226
2023-06-12,2023,6,12,0,2,0,163,107.19,4630.8,964.9,20.94,11.9,9.6,0,SUP-002,Silva Green Leaves,0,0.0,0,0,516580.46,104.3,101.8,103.06,110.73,108.52,109.01,106.0,106.34,4.63,4239.5,5.2947
2023-06-13,2023,6,13,1,2,0,164,104.3,4306.8,1067.0,18.95,14.6,26.2,0,SUP-003,Nuwara Estates Ltd,1,705.2,0,0,469418.89,108.61,107.19,101.8,103.06,112.88,108.71,104.78,106.32,3.51,4181.7,-2.6961
2023-06-14,2023,6,14,2,2,0,165,108.61,4527.3,1119.5,17.29,12.3,9.0,0,SUP-001,Perera Tea Estates,1,768.3,0,0,511066.21,108.63,104.3,107.19,101.8,100.4,110.5,105.95,106.45,3.16,4176.7,4.1323
2023-06-15,2023,6,15,3,2,0,166,108.63,4465.3,1138.2,19.29,11.0,2.4,0,SUP-001,Perera Tea Estates,1,788.1,0,0,507021.42,103.53,108.61,104.3,107.19,105.96,107.72,106.33,106.31,3.31,4160.5,0.0184
2023-06-16,2023,6,16,4,2,0,167,103.53,4673.2,1146.2,19.07,13.1,18.0,0,SUP-003,Nuwara Estates Ltd,0,0.0,0,0,505674.43,103.38,108.63,108.61,104.3,110.73,107.41,105.3,106.26,2.8,4176.4,-4.6948
2023-06-17,2023,6,17,5,2,1,168,103.38,3232.1,614.3,18.76,12.5,11.6,0,SUP-004,Highlands Tea Farm,1,515.9,0,0,345658.77,109.41,103.53,108.63,108.61,103.06,105.59,105.35,106.09,2.76,4186.4,-0.1449
2023-06-18,2023,6,18,6,2,1,169,109.41,3304.8,533.9,18.92,14.4,5.9,0,SUP-003,Nuwara Estates Ltd,0,0.0,0,0,371679.56,113.64,103.38,103.53,108.63,101.8,111.36,106.44,106.31,2.62,4162.9,5.8328
2023-06-19,2023,6,19,0,2,0,170,113.64,4656.1,1176.9,19.15,11.3,7.8,0,SUP-001,Perera Tea Estates,1,831.3,0,0,551656.84,112.96,109.41,103.38,103.53,107.19,108.52,107.36,106.7,3.8,4166.5,3.8662
2023-06-20,2023,6,20,1,2,0,171,112.96,4354.2,1259.2,20.99,14.9,2.5,0,SUP-003,Nuwara Estates Ltd,1,688.7,0,0,518281.04,114.46,113.64,109.41,103.38,104.3,112.88,108.59,107.0,4.04,4173.3,-0.5984
2023-06-21,2023,6,21,2,2,0,172,114.46,4416.8,1144.0,20.39,12.2,45.3,1,SUP-002,Silva Green Leaves,0,0.0,0,0,528873.09,107.6,112.96,113.64,109.41,108.61,100.4,109.43,107.44,4.61,4157.5,1.3279
2023-06-22,2023,6,22,3,2,0,173,107.6,4673.5,1106.6,19.67,13.2,9.2,0,SUP-004,Highlands Tea Farm,1,527.9,0,0,524635.42,110.66,114.46,112.96,113.64,108.63,105.96,109.28,107.59,4.66,4187.2,-5.9934
2023-06-23,2023,6,23,4,2,0,174,110.66,4394.1,1117.7,18.46,11.0,29.9,0,SUP-004,Highlands Tea Farm,1,544.0,1,0,506883.85,103.82,107.6,114.46,112.96,103.53,110.73,110.3,107.58,3.91,4147.4,2.8439
2023-06-24,2023,6,24,5,2,1,175,103.82,3681.0,596.4,19.72,12.7,34.3,1,SUP-001,Perera Tea Estates,1,919.8,0,0,393922.43,106.45,110.66,107.6,114.46,103.38,103.06,110.36,107.55,3.78,4211.5,-6.1811
2023-06-25,2023,6,25,6,2,1,176,106.45,3152.8,499.5,18.47,14.1,17.8,0,SUP-001,Perera Tea Estates,0,0.0,0,0,344841.33,108.09,103.82,110.66,107.6,109.41,101.8,109.94,107.59,4.06,4189.8,2.5332
2023-06-26,2023,6,26,0,2,0,177,108.09,4602.4,1240.5,21.42,12.7,5.4,0,SUP-002,Silva Green Leaves,1,567.0,0,0,524044.93,110.85,106.45,103.82,110.66,113.64,107.19,109.15,107.8,3.75,4182.1,1.5406
2023-06-27,2023,6,27,1,2,0,178,110.85,4404.9,1116.1,19.49,13.9,11.1,0,SUP-005,Kandyan Leaf Growers,1,600.4,0,0,510035.95,114.87,108.09,106.45,103.82,112.96,104.3,108.85,107.91,3.46,4189.4,2.5534
2023-06-28,2023,6,28,2,2,0,179,114.87,4606.7,1245.6,18.82,11.9,40.7,1,SUP-005,Kandyan Leaf Growers,1,572.9,0,0,552613.82,112.46,110.85,108.09,106.45,114.46,108.61,108.91,108.1,3.58,4216.5,3.6265
2023-06-29,2023,6,29,3,2,0,180,112.46,4375.1,1130.1,19.74,9.9,20.4,0,SUP-004,Highlands Tea Farm,1,406.3,0,0,514331.92,108.06,114.87,110.85,108.09,107.6,108.63,109.6,108.23,3.75,4173.9,-2.098
2023-06-30,2023,6,30,4,2,0,181,108.06,4699.1,1153.6,18.49,12.9,2.8,0,SUP-001,Perera Tea Estates,1,847.5,0,0,529114.81,109.29,112.46,114.87,110.85,110.66,103.53,109.23,108.15,3.75,4217.4,-3.9125
2023-07-01,2023,7,1,5,3,1,182,109.29,3146.3,430.9,18.33,11.1,26.2,0,SUP-003,Nuwara Estates Ltd,1,755.3,0,1,351757.52,108.5,108.06,112.46,114.87,103.82,103.38,110.01,108.2,2.92,4141.0,1.1383
2023-07-02,2023,7,2,6,3,1,183,108.5,3350.1,580.6,20.52,12.8,29.1,0,SUP-003,Nuwara Estates Ltd,0,0.0,0,1,375399.76,109.33,109.29,108.06,112.46,106.45,109.41,110.3,108.24,2.58,4169.2,-0.7228
2023-07-03,2023,7,3,0,3,0,184,109.33,4640.4,1016.1,19.39,11.1,32.6,1,SUP-002,Silva Green Leaves,1,522.4,0,1,527037.11,114.56,108.5,109.29,108.06,108.09,113.64,110.48,108.36,2.44,4174.7,0.765
2023-07-04,2023,7,4,1,3,0,185,114.56,4678.8,1076.4,19.92,12.7,10.4,0,SUP-003,Nuwara Estates Ltd,1,764.8,0,1,557445.22,117.93,109.33,108.5,109.29,110.85,112.96,111.01,108.47,2.9,4213.8,4.7837
2023-07-05,2023,7,5,2,3,0,186,117.93,4598.0,1065.5,18.48,13.8,19.8,0,SUP-005,Kandyan Leaf Growers,0,0.0,0,1,561932.58,107.83,114.56,109.33,108.5,114.87,114.46,111.45,108.78,3.7,4212.5,2.9417
2023-07-06,2023,7,6,3,3,0,187,107.83,4676.1,1108.7,19.68,11.8,3.3,0,SUP-001,Perera Tea Estates,1,701.8,0,0,526043.08,111.86,117.93,114.56,109.33,112.46,107.6,110.79,108.61,3.9,4255.5,-8.5644
2023-07-07,2023,7,7,4,3,0,188,111.86,4330.8,1094.6,19.36,11.2,3.4,0,SUP-002,Silva Green Leaves,1,606.4,0,0,505634.74,112.07,107.83,117.93,114.56,108.06,110.66,111.33,108.99,3.71,4202.9,3.7374
2023-07-08,2023,7,8,5,3,1,189,112.07,3395.3,589.8,19.18,12.1,0.8,0,SUP-005,Kandyan Leaf Growers,1,669.9,0,0,391823.64,110.82,111.86,107.83,117.93,109.29,103.82,111.73,109.2,3.61,4238.5,0.1877
2023-07-09,2023,7,9,6,3,1,190,110.82,3225.7,604.5,19.82,12.2,9.8,0,SUP-004,Highlands Tea Farm,0,0.0,0,0,369453.26,113.51,112.07,111.86,107.83,108.5,106.45,112.06,109.2,3.36,4220.7,-1.1154
2023-07-10,2023,7,10,0,3,0,191,113.51,4475.8,1061.2,19.39,11.3,5.4,0,SUP-004,Highlands Tea Farm,1,543.1,0,0,528624.73,115.96,110.82,112.07,111.86,109.33,108.09,112.65,109.55,3.16,4197.2,2.4274
2023-07-11,2023,7,11,1,3,0,192,115.96,4329.9,1066.6,19.55,12.3,13.6,0,SUP-005,Kandyan Leaf Growers,1,710.7,0,0,522947.23,113.82,113.51,110.82,112.07,114.56,110.85,112.85,110.02,3.34,4147.4,2.1584
2023-07-12,2023,7,12,2,3,0,193,113.82,4515.4,1145.9,20.65,11.8,51.0,1,SUP-003,Nuwara Estates Ltd,1,624.2,0,0,537605.66,109.95,115.96,113.51,110.82,117.93,114.87,112.27,110.24,2.57,4135.6,-1.8455
2023-07-13,2023,7,13,3,3,0,194,109.95,4651.3,1273.8,18.75,12.1,28.7,0,SUP-001,Perera Tea Estates,1,768.4,1,0,535294.19,118.01,113.82,115.96,113.51,107.83,112.46,112.57,110.43,2.03,4132.0,-3.4001
2023-07-14,2023,7,14,4,3,0,195,118.01,4675.1,1072.8,17.99,14.2,3.8,0,SUP-003,Nuwara Estates Ltd,1,796.1,0,0,571008.22,112.63,109.95,113.82,115.96,111.86,108.06,113.45,110.74,2.84,4181.2,7.3306
2023-07-15,2023,7,15,5,3,1,196,112.63,3351.1,545.1,20.09,12.4,10.2,0,SUP-005,Kandyan Leaf Growers,1,736.7,0,0,388385.45,111.42,118.01,109.95,113.82,112.07,109.29,113.53,110.88,2.8,4174.9,-4.5589
2023-07-16,2023,7,16,6,3,1,197,111.42,3430.4,560.3,18.99,9.8,15.2,0,SUP-003,Nuwara Estates Ltd,0,0.0,0,0,392855.26,112.03,112.63,118.01,109.95,110.82,108.5,113.61,111.14,2.71,4204.1,-1.0743
2023-07-17,2023,7,17,0,3,0,198,112.03,4361.1,1184.4,18.82,14.4,1.3,0,SUP-003,Nuwara Estates Ltd,1,754.7,0,0,510864.44,117.06,111.42,112.63,118.01,113.51,109.33,113.4,111.43,2.78,4187.8,0.5475
2023-07-18,2023,7,18,1,3,0,199,117.06,4512.3,1220.1,20.05,16.8,1.0,0,SUP-003,Nuwara Estates Ltd,1,763.3,1,0,552672.84,117.22,112.03,111.42,112.63,115.96,114.56,113.56,111.68,2.97,4213.8,4.4899
2023-07-19,2023,7,19,2,3,0,200,117.22,4371.2,1065.5,19.3,11.9,1.9,0,SUP-003,Nuwara Estates Ltd,1,865.0,0,0,532956.21,118.25,117.06,112.03,111.42,113.82,117.93,114.05,111.8,3.28,4193.2,0.1367
2023-07-20,2023,7,20,3,3,0,201,118.25,4777.8,1012.1,17.01,15.1,10.2,0,SUP-002,Silva Green Leaves,1,578.8,0,0,582190.67,115.78,117.22,117.06,112.03,109.95,107.83,115.23,111.98,3.05,4211.3,0.8787
2023-07-21,2023,7,21,4,3,0,202,115.78,4366.1,1003.1,19.9,10.8,42.2,1,SUP-002,Silva Green Leaves,0,0.0,0,0,525468.75,110.47,118.25,117.22,117.06,118.01,111.86,114.91,112.02,2.81,4167.1,-2.0888
2023-07-22,2023,7,22,5,3,1,203,110.47,3137.5,577.3,17.95,13.4,10.6,0,SUP-004,Highlands Tea Farm,1,561.0,0,0,356962.16,108.75,115.78,118.25,117.22,112.63,112.07,114.6,112.12,3.2,4136.6,-4.5863
2023-07-23,2023,7,23,6,3,1,204,108.75,3148.8,608.8,18.48,11.6,44.7,1,SUP-005,Kandyan Leaf Growers,0,0.0,0,0,353682.62,112.28,110.47,115.78,118.25,111.42,110.82,114.22,112.06,3.75,4096.4,-1.557
2023-07-24,2023,7,24,0,3,0,205,112.28,4646.1,1220.6,19.66,11.3,6.8,0,SUP-004,Highlands Tea Farm,1,474.0,0,0,545661.1,117.32,108.75,110.47,115.78,112.03,113.51,114.26,112.34,3.73,4137.1,3.246
2023-07-25,2023,7,25,1,3,0,206,117.32,4172.0,1096.5,19.99,9.5,6.6,0,SUP-002,Silva Green Leaves,0,0.0,0,0,511378.07,115.16,112.28,108.75,110.47,117.06,115.96,114.3,112.7,3.76,4088.5,4.4888
2023-07-26,2023,7,26,2,3,0,207,115.16,4448.2,1164.8,20.18,13.1,72.0,1,SUP-001,Perera Tea Estates,1,765.2,0,0,535760.38,110.13,117.32,112.28,108.75,117.22,113.82,114.0,112.94,3.57,4099.5,-1.8411
2023-07-27,2023,7,27,3,3,0,208,110.13,4776.6,1067.3,19.25,11.7,22.2,0,SUP-002,Silva Green Leaves,1,678.5,0,0,546592.48,112.69,115.16,117.32,112.28,118.25,109.95,112.84,112.91,3.27,4099.3,-4.3678
2023-07-28,2023,7,28,4,3,0,209,112.69,4412.8,1189.3,18.74,10.0,13.3,0,SUP-003,Nuwara Estates Ltd,1,770.3,0,0,519565.91,107.52,110.13,115.16,117.32,115.78,118.01,112.4,112.84,3.0,4106.0,2.3245
2023-07-29,2023,7,29,5,3,1,210,107.52,3169.3,680.6,20.7,10.6,3.5,0,SUP-001,Perera Tea Estates,1,799.7,0,0,354851.56,109.7,112.69,110.13,115.16,110.47,112.63,111.98,112.67,3.49,4110.5,-4.5878
2023-07-30,2023,7,30,6,3,1,211,109.7,3339.4,585.0,20.35,12.6,9.8,0,SUP-005,Kandyan Leaf Growers,0,0.0,0,0,378236.93,110.44,107.52,112.69,110.13,108.75,111.42,112.11,112.73,3.36,4137.8,2.0275
2023-07-31,2023,7,31,0,3,0,212,110.44,4525.5,1104.5,21.56,10.6,31.3,1,SUP-001,Perera Tea Estates,1,807.4,0,0,523609.24,115.57,109.7,107.52,112.69,112.28,112.03,111.85,112.77,3.41,4120.5,0.6746
2023-08-01,2023,8,1,1,3,0,213,115.57,4564.3,1201.9,21.7,12.5,4.5,0,SUP-003,Nuwara Estates Ltd,0,0.0,0,1,553577.38,115.81,110.44,109.7,107.52,117.32,117.06,111.6,113.0,2.98,4176.6,4.6451
2023-08-02,2023,8,2,2,3,0,214,115.81,4486.9,1026.9,17.87,12.9,1.2,0,SUP-004,Highlands Tea Farm,0,0.0,1,1,537978.59,115.35,115.57,110.44,109.7,115.16,117.22,111.69,113.22,3.12,4182.1,0.2077
2023-08-03,2023,8,3,3,3,0,215,115.35,4226.3,1175.1,20.61,12.9,1.2,0,SUP-001,Perera Tea Estates,1,870.1,0,1,511722.52,114.81,115.81,115.57,110.44,110.13,118.25,112.44,113.24,3.3,4103.5,-0.3972
2023-08-04,2023,8,4,4,3,0,216,114.81,4403.4,1181.8,21.04,11.1,0.1,0,SUP-005,Kandyan Leaf Growers,0,0.0,0,1,530419.43,113.65,115.35,115.81,115.57,112.69,115.78,112.74,113.14,3.42,4102.2,-0.4681
2023-08-05,2023,8,5,5,3,1,217,113.65,3335.5,424.8,18.59,11.0,33.5,1,SUP-003,Nuwara Estates Ltd,1,740.1,0,1,386976.61,108.02,114.81,115.35,115.81,107.52,110.47,113.62,113.33,2.53,4125.9,-1.0104
2023-08-06,2023,8,6,6,3,1,218,108.02,3078.7,599.6,19.84,12.5,1.8,0,SUP-002,Silva Green Leaves,0,0.0,0,0,344457.24,115.34,113.65,114.81,115.35,109.7,108.75,113.38,113.21,3.0,4088.7,-4.9538
2023-08-07,2023,8,7,0,3,0,219,115.34,4666.1,1117.4,19.62,14.7,7.0,0,SUP-001,Perera Tea Estates,1,851.0,0,0,560111.36,115.28,108.02,113.65,114.81,110.44,112.28,114.08,113.32,2.76,4108.7,6.7765
2023-08-08,2023,8,8,1,3,0,220,115.28,4525.3,1049.2,18.48,11.9,7.8,0,SUP-005,Kandyan Leaf Growers,1,614.0,0,0,541065.8,118.29,115.34,108.02,113.65,115.57,117.32,114.04,113.46,2.74,4103.2,-0.052
2023-08-09,2023,8,9,2,3,0,221,118.29,4515.1,1128.9,21.44,14.6,5.6,0,SUP-001,Perera Tea Estates,1,879.5,0,0,558294.8,112.59,115.28,115.34,108.02,115.81,115.16,114.39,113.62,3.14,4107.2,2.611
2023-08-10,2023,8,10,3,3,0,222,112.59,4652.7,1251.7,20.21,13.9,2.9,0,SUP-002,Silva Green Leaves,1,573.1,0,0,549144.35,116.17,118.29,115.28,115.34,115.35,110.13,114.0,113.51,3.17,4168.1,-4.8187
2023-08-11,2023,8,11,4,3,0,223,116.17,4100.8,1028.7,20.82,9.9,0.3,0,SUP-003,Nuwara Estates Ltd,1,713.8,0,0,497807.47,117.65,112.59,118.29,115.28,114.81,112.69,114.19,113.59,3.27,4124.9,3.1797
2023-08-12,2023,8,12,5,3,1,224,117.65,3106.0,526.8,23.14,10.0,2.4,0,SUP-003,Nuwara Estates Ltd,1,667.3,0,0,377611.05,104.51,116.17,112.59,118.29,113.65,107.52,114.76,113.85,3.5,4092.1,1.274
2023-08-13,2023,8,13,6,3,1,225,104.51,3259.7,582.2,19.91,15.2,1.2,0,SUP-005,Kandyan Leaf Growers,0,0.0,0,0,352262.85,110.39,117.65,116.17,112.59,108.02,109.7,114.26,113.4,4.68,4118.0,-11.1687
2023-08-14,2023,8,14,0,3,0,226,110.39,4536.3,1103.6,18.25,11.0,12.1,0,SUP-001,Perera Tea Estates,1,862.7,0,0,520902.86,114.44,104.51,117.65,116.17,115.34,110.44,113.55,113.32,4.86,4099.4,5.6263
2023-08-15,2023,8,15,1,3,0,227,114.44,4668.9,1140.5,19.27,12.7,2.7,0,SUP-002,Silva Green Leaves,1,700.9,0,0,556286.35,113.04,110.39,104.51,117.65,115.28,115.57,113.43,113.42,4.82,4119.9,3.6688
2023-08-16,2023,8,16,2,3,0,228,113.04,4450.8,1137.5,20.01,11.5,6.8,0,SUP-004,Highlands Tea Farm,1,500.1,0,0,525879.81,113.61,114.44,110.39,104.51,118.29,115.81,112.68,113.46,4.32,4110.7,-1.2233
2023-08-17,2023,8,17,3,3,0,229,113.61,4323.4,1153.0,19.11,14.5,14.1,0,SUP-004,Highlands Tea Farm,0,0.0,0,0,513215.3,117.93,113.04,114.44,110.39,112.59,115.35,112.83,113.34,4.34,4063.7,0.5042
2023-08-18,2023,8,18,4,3,0,230,117.93,4328.9,1222.6,20.59,11.4,1.3,0,SUP-001,Perera Tea Estates,1,874.7,0,0,535680.51,120.03,113.61,113.04,114.44,116.17,114.81,113.08,113.36,4.6,4096.3,3.8025
2023-08-19,2023,8,19,5,3,1,231,120.03,3119.8,506.6,21.03,12.1,12.3,0,SUP-004,Highlands Tea Farm,1,471.1,1,0,385123.39,113.17,117.93,113.61,113.04,117.65,113.65,113.42,113.42,5.06,4098.3,1.7807
2023-08-20,2023,8,20,6,3,1,232,113.17,3224.3,484.8,22.12,10.8,8.5,0,SUP-005,Kandyan Leaf Growers,0,0.0,0,0,375617.81,109.78,120.03,117.93,113.61,104.51,108.02,114.66,113.34,3.26,4093.2,-5.7152
2023-08-21,2023,8,21,0,3,0,233,109.78,4408.5,1051.6,20.04,10.1,3.6,0,SUP-003,Nuwara Estates Ltd,1,720.6,0,0,505039.19,117.4,113.17,120.03,117.93,110.39,115.34,114.57,113.31,3.4,4074.9,-2.9955
2023-08-22,2023,8,22,1,3,0,234,117.4,4186.9,1172.3,20.98,15.4,11.4,0,SUP-005,Kandyan Leaf Growers,1,666.0,0,0,516136.91,111.43,109.78,113.17,120.03,114.44,115.28,114.99,113.6,3.56,4006.1,6.9412
2023-08-23,2023,8,23,2,3,0,235,111.43,4630.8,1240.1,19.11,11.2,2.8,0,SUP-001,Perera Tea Estates,1,858.9,0,0,539708.36,109.54,117.4,109.78,113.17,113.04,118.29,114.76,113.57,3.75,4031.8,-5.0852
2023-08-24,2023,8,24,3,3,0,236,109.54,4154.0,1065.5,19.44,10.2,1.1,0,SUP-003,Nuwara Estates Ltd,1,765.6,0,0,475742.48,112.22,111.43,117.4,109.78,113.61,112.59,114.18,113.31,4.25,4007.6,-1.6961
2023-08-25,2023,8,25,4,3,0,237,112.22,4237.1,1098.9,18.97,10.6,4.3,0,SUP-001,Perera Tea Estates,1,885.9,0,0,496333.5,104.66,109.54,111.43,117.4,117.93,116.17,113.37,113.22,3.94,3994.5,2.4466
2023-08-26,2023,8,26,5,3,1,238,104.66,2655.1,601.3,21.42,11.4,0.4,0,SUP-005,Kandyan Leaf Growers,1,690.9,1,0,290762.61,110.45,112.22,109.54,111.43,120.03,117.65,111.17,113.03,3.89,3928.1,-6.7368
2023-08-27,2023,8,27,6,3,1,239,110.45,2989.4,644.9,18.62,11.8,3.7,0,SUP-004,Highlands Tea Farm,0,0.0,0,0,342187.27,114.75,104.66,112.22,109.54,113.17,104.51,110.78,112.96,3.8,3894.5,5.5322
2023-08-28,2023,8,28,0,3,0,240,114.75,4402.4,1295.1,22.29,12.8,0.3,0,SUP-003,Nuwara Estates Ltd,1,727.8,0,0,534043.18,110.17,110.45,104.66,112.22,109.78,110.39,111.49,113.2,4.03,3893.7,3.8932
2023-08-29,2023,8,29,1,3,0,241,110.17,4470.1,1197.6,19.79,13.0,1.3,0,SUP-002,Silva Green Leaves,1,710.4,0,0,516171.42,114.64,114.75,110.45,104.66,117.4,114.44,110.46,113.22,3.08,3934.1,-3.9913
2023-08-30,2023,8,30,2,3,0,242,114.64,4110.5,1045.9,20.26,12.7,3.4,0,SUP-004,Highlands Tea Farm,1,488.6,0,0,492417.65,107.49,110.17,114.75,110.45,111.43,113.04,110.92,113.36,3.47,3859.8,4.0574
2023-08-31,2023,8,31,3,3,0,243,107.49,4165.8,1063.4,20.46,12.6,1.3,0,SUP-003,Nuwara Estates Ltd,0,0.0,0,0,469539.01,114.84,114.64,110.17,114.75,109.54,113.61,110.63,113.09,3.68,3861.5,-6.2369
2023-09-01,2023,9,1,4,3,0,244,114.84,4239.4,1002.5,20.3,16.7,12.2,0,SUP-004,Highlands Tea Farm,0,0.0,0,1,507203.45,107.88,107.49,114.64,110.17,112.22,117.93,111.0,113.05,3.99,3861.8,6.8378
2023-09-02,2023,9,2,5,3,1,245,107.88,3233.2,504.1,19.07,10.6,5.6,0,SUP-002,Silva Green Leaves,1,618.0,0,1,358410.8,103.26,114.84,107.49,114.64,104.66,120.03,111.46,112.81,3.26,3944.4,-6.0606
2023-09-03,2023,9,3,6,3,1,246,103.26,3145.4,612.1,20.37,11.3,7.1,0,SUP-001,Perera Tea Estates,0,0.0,0,1,337262.48,108.03,107.88,114.84,107.49,110.45,113.17,110.43,112.42,4.52,3966.7,-4.2825
2023-09-04,2023,9,4,0,3,0,247,108.03,4200.1,1125.2,19.96,14.6,0.4,0,SUP-004,Highlands Tea Farm,0,0.0,0,1,476195.8,109.88,103.26,107.88,114.84,114.75,109.78,109.47,112.23,4.15,3937.8,4.6194
2023-09-05,2023,9,5,1,3,0,248,109.88,4623.3,1227.5,21.13,13.7,2.1,0,SUP-003,Nuwara Estates Ltd,1,727.0,0,1,533945.28,116.05,108.03,103.26,107.88,110.17,117.4,109.43,112.3,4.14,3959.7,1.7125
2023-09-06,2023,9,6,2,3,0,249,116.05,4448.1,1203.4,19.05,14.0,1.3,0,SUP-001,Perera Tea Estates,1,918.7,0,0,539126.78,109.56,109.88,108.03,103.26,114.64,111.43,109.63,112.32,4.46,4007.9,5.6152
2023-09-07,2023,9,7,3,3,0,250,109.56,4696.2,1053.1,18.91,12.7,4.1,0,SUP-005,Kandyan Leaf Growers,1,719.9,0,0,534429.79,112.36,116.05,109.88,108.03,107.49,109.54,109.93,112.13,4.36,4083.7,-5.5924
2023-09-08,2023,9,8,4,3,0,251,112.36,4212.3,1136.2,20.79,15.1,0.5,0,SUP-004,Highlands Tea Farm,1,471.9,0,0,496915.63,108.9,109.56,116.05,109.88,114.84,112.22,109.57,111.93,3.98,4079.8,2.5557
2023-09-09,2023,9,9,5,3,1,252,108.9,2816.2,544.8,19.27,12.2,0.0,0,SUP-005,Kandyan Leaf Growers,1,527.7,0,0,317182.48,112.82,112.36,109.56,116.05,107.88,104.66,109.72,111.81,3.92,4020.2,-3.0794
2023-09-10,2023,9,10,6,3,1,253,112.82,2660.9,607.7,18.41,10.9,1.4,0,SUP-001,Perera Tea Estates,0,0.0,1,0,311390.5,108.99,108.9,112.36,109.56,103.26,110.45,111.09,111.7,2.8,3951.0,3.5996
2023-09-11,2023,9,11,0,3,0,254,108.99,4433.7,1092.7,18.64,10.9,0.7,0,SUP-003,Nuwara Estates Ltd,1,799.5,0,0,503596.89,112.73,112.82,108.9,112.36,108.03,114.75,111.22,111.41,2.65,3984.4,-3.3948
2023-09-12,2023,9,12,1,3,0,255,112.73,4319.9,1040.3,20.45,12.5,7.3,0,SUP-003,Nuwara Estates Ltd,0,0.0,0,0,508256.46,106.72,108.99,112.82,108.9,109.88,110.17,111.63,111.68,2.63,3941.0,3.4315
2023-09-13,2023,9,13,2,3,0,256,106.72,4256.9,1260.2,20.13,13.4,2.5,0,SUP-003,Nuwara Estates Ltd,1,790.1,0,0,479664.19,115.27,112.73,108.99,112.82,116.05,114.64,110.3,111.56,2.36,3913.7,-5.3313
2023-09-14,2023,9,14,3,3,0,257,115.27,4257.9,1197.6,20.39,13.3,2.5,0,SUP-003,Nuwara Estates Ltd,1,744.9,0,0,515227.2,104.76,106.72,112.73,108.99,109.56,107.49,111.11,111.59,2.97,3851.1,8.0116
2023-09-15,2023,9,15,4,3,0,258,104.76,4420.7,1141.4,20.32,14.6,7.5,0,SUP-003,Nuwara Estates Ltd,1,826.0,0,0,486305.78,99.9,115.27,106.72,112.73,112.36,114.84,110.03,111.31,3.73,3880.9,-9.1177
2023-09-16,2023,9,16,5,3,1,259,99.9,2925.0,580.3,20.01,13.4,7.3,0,SUP-004,Highlands Tea Farm,1,620.2,0,0,303819.3,110.45,104.76,115.27,106.72,108.9,107.88,108.74,110.85,5.37,3896.4,-4.6392
2023-09-17,2023,9,17,6,3,1,260,110.45,3039.0,543.1,21.44,13.8,0.2,0,SUP-002,Silva Green Leaves,0,0.0,1,0,347301.61,106.65,99.9,104.76,115.27,112.82,103.26,108.4,110.6,5.14,3950.4,10.5606
2023-09-18,2023,9,18,0,3,0,261,106.65,4249.4,1224.2,20.88,12.3,1.6,0,SUP-003,Nuwara Estates Ltd,1,768.0,0,0,478759.81,110.35,110.45,99.9,104.76,108.99,108.03,108.07,110.16,5.18,3924.1,-3.4405
2023-09-19,2023,9,19,1,3,0,262,110.35,4259.6,1145.9,19.98,12.4,2.5,0,SUP-003,Nuwara Estates Ltd,1,604.4,0,0,492941.94,106.66,106.65,110.45,99.9,112.73,109.88,107.73,110.06,4.89,3915.5,3.4693
2023-09-20,2023,9,20,2,3,0,263,106.66,4542.7,1271.8,20.07,13.4,6.1,0,SUP-003,Nuwara Estates Ltd,1,730.6,0,0,510049.41,106.49,110.35,106.65,110.45,106.72,116.05,107.72,109.96,4.89,3956.3,-3.3439
2023-09-21,2023,9,21,3,3,0,264,106.49,4128.8,1157.4,20.7,12.3,1.5,0,SUP-002,Silva Green Leaves,1,690.0,0,0,463634.09,108.46,106.66,110.35,106.65,115.27,109.56,106.47,109.6,3.58,3937.9,-0.1594
2023-09-22,2023,9,22,4,3,0,265,108.46,4176.4,1244.4,21.31,14.7,17.3,0,SUP-001,Perera Tea Estates,1,815.4,0,0,479490.51,102.25,106.49,106.66,110.35,104.76,112.36,106.99,109.5,3.56,3903.0,1.8499
2023-09-23,2023,9,23,5,3,1,266,102.25,2936.2,457.2,20.92,14.4,2.9,0,SUP-003,Nuwara Estates Ltd,0,0.0,0,0,309791.07,106.76,108.46,106.49,106.66,99.9,108.9,107.33,109.25,2.82,3904.6,-5.7256
2023-09-24,2023,9,24,6,3,1,267,106.76,3153.3,605.3,19.18,14.0,0.6,0,SUP-004,Highlands Tea Farm,0,0.0,1,0,348255.96,104.16,102.25,108.46,106.49,110.45,112.82,106.8,109.07,2.46,3920.9,4.4108
2023-09-25,2023,9,25,0,3,0,268,104.16,4168.2,1105.3,18.86,14.0,2.9,0,SUP-001,Perera Tea Estates,1,842.2,0,0,455005.67,104.78,106.76,102.25,108.46,106.65,108.99,106.45,109.06,2.65,3909.3,-2.4354
2023-09-26,2023,9,26,1,3,0,269,104.78,4380.0,1234.5,19.65,14.5,12.1,0,SUP-002,Silva Green Leaves,1,516.4,0,0,483194.32,99.13,104.16,106.76,102.25,110.35,112.73,105.65,108.87,2.06,3926.5,0.5952
2023-09-27,2023,9,27,2,3,0,270,99.13,4510.8,1151.6,21.72,15.1,1.3,0,SUP-005,Kandyan Leaf Growers,1,717.5,0,0,472168.36,102.04,104.78,104.16,106.76,106.66,106.72,104.58,108.35,3.13,3922.0,-5.3923
2023-09-28,2023,9,28,3,3,0,271,102.04,4307.4,1141.5,18.4,14.0,2.1,0,SUP-005,Kandyan Leaf Growers,1,743.9,0,0,460530.7,99.33,99.13,104.78,104.16,106.49,115.27,103.94,108.08,3.13,3947.5,2.9355
2023-09-29,2023,9,29,4,3,0,272,99.33,3910.7,1269.0,19.91,14.5,4.4,0,SUP-005,Kandyan Leaf Growers,0,0.0,0,0,413715.62,100.29,102.04,99.13,104.78,108.46,104.76,102.64,107.56,2.82,3909.5,-2.6558
2023-09-30,2023,9,30,5,3,1,273,100.29,3298.3,470.3,21.57,12.1,4.3,0,SUP-003,Nuwara Estates Ltd,1,710.5,0,0,340930.88,103.38,99.33,102.04,99.13,102.25,99.9,102.36,107.32,2.96,3961.2,0.9665
2023-10-01,2023,10,1,6,4,1,274,103.38,3091.7,520.7,20.27,11.9,17.5,0,SUP-005,Kandyan Leaf Growers,0,0.0,0,1,330174.53,103.81,100.29,99.33,102.04,106.76,110.45,101.87,106.94,2.33,3952.4,3.0811
2023-10-02,2023,10,2,0,4,0,275,103.81,3999.5,1156.2,20.61,15.8,0.8,0,SUP-004,Highlands Tea Farm,1,506.9,0,1,439017.38,105.05,103.38,100.29,99.33,104.16,106.65,101.82,106.81,2.27,3928.3,0.4159
2023-10-03,2023,10,3,1,4,0,276,105.05,4258.1,1157.3,19.88,16.1,28.2,0,SUP-003,Nuwara Estates Ltd,0,0.0,0,1,470320.53,111.33,103.81,103.38,100.29,104.78,110.35,101.86,106.87,2.33,3910.9,1.1945
2023-10-04,2023,10,4,2,4,0,277,111.33,4016.1,1168.9,20.7,14.4,15.5,0,SUP-001,Perera Tea Estates,1,912.9,0,1,471308.64,102.97,105.05,103.81,103.38,99.13,106.66,103.6,106.98,3.95,3840.3,5.9781
2023-10-05,2023,10,5,3,4,0,278,102.97,4552.0,1311.7,18.48,16.4,0.5,0,SUP-002,Silva Green Leaves,0,0.0,0,1,492959.66,104.82,111.33,105.05,103.81,102.04,106.49,103.74,106.75,3.9,3875.2,-7.5092
2023-10-06,2023,10,6,4,4,0,279,104.82,4207.8,1309.3,20.14,15.5,13.7,0,SUP-001,Perera Tea Estates,1,844.2,0,0,467430.9,100.2,102.97,111.33,105.05,99.33,108.46,104.52,106.37,3.39,3917.6,1.7966
2023-10-07,2023,10,7,5,4,1,280,100.2,3155.2,552.0,20.0,13.5,3.8,0,SUP-002,Silva Green Leaves,1,682.1,0,0,327191.04,105.72,104.82,102.97,111.33,100.29,102.25,104.51,106.06,3.41,3897.2,-4.4076
2023-10-08,2023,10,8,6,4,1,281,105.72,3248.5,633.6,20.96,13.5,13.0,0,SUP-001,Perera Tea Estates,0,0.0,0,0,356711.68,98.05,100.2,104.82,102.97,103.38,106.76,104.84,105.84,3.39,3919.6,5.509
2023-10-09,2023,10,9,0,4,0,282,98.05,4482.0,1152.6,19.73,14.3,8.2,0,SUP-004,Highlands Tea Farm,1,429.6,0,0,462200.9,101.48,105.72,100.2,104.82,103.81,104.16,104.02,105.48,4.27,3988.5,-7.255
2023-10-10,2023,10,10,1,4,0,283,101.48,4312.1,1318.3,19.37,16.1,44.8,1,SUP-003,Nuwara Estates Ltd,1,709.5,0,0,463127.38,103.35,98.05,105.72,100.2,105.05,104.78,103.51,105.1,4.34,3996.2,3.4982
2023-10-11,2023,10,11,2,4,0,284,103.35,4503.7,1261.1,20.74,13.8,24.6,0,SUP-003,Nuwara Estates Ltd,1,771.3,0,0,491612.61,101.36,101.48,98.05,105.72,111.33,99.13,102.37,104.91,2.67,4065.9,1.8427
2023-10-12,2023,10,12,3,4,0,285,101.36,4410.2,1179.2,20.86,12.6,8.8,0,SUP-003,Nuwara Estates Ltd,1,709.9,0,0,471615.98,94.97,103.35,101.48,98.05,102.97,102.04,102.14,104.53,2.68,4045.6,-1.9255
2023-10-13,2023,10,13,4,4,0,286,94.97,3990.2,1131.3,19.01,13.1,6.2,0,SUP-005,Kandyan Leaf Growers,1,652.0,0,0,400455.31,96.67,101.36,103.35,101.48,104.82,99.33,100.73,104.14,3.5,4014.6,-6.3043
2023-10-14,2023,10,14,5,4,1,287,96.67,2936.1,651.3,19.81,17.3,11.1,0,SUP-001,Perera Tea Estates,1,809.8,0,0,296735.04,96.55,94.97,101.36,103.35,100.2,100.29,100.23,103.52,3.83,3983.3,1.79
2023-10-15,2023,10,15,6,4,1,288,96.55,3080.4,569.3,19.71,12.4,11.9,0,SUP-001,Perera Tea Estates,0,0.0,0,0,308633.52,103.71,96.67,94.97,101.36,105.72,103.38,98.92,103.25,3.14,3959.2,-0.1241
2023-10-16,2023,10,16,0,4,0,289,103.71,4534.0,1291.1,19.49,13.8,2.2,0,SUP-003,Nuwara Estates Ltd,1,693.0,0,0,495384.68,100.96,96.55,96.67,94.97,98.05,103.81,99.73,103.37,3.58,3966.7,7.4158
2023-10-17,2023,10,17,1,4,0,290,100.96,4225.5,1142.2,21.53,16.5,13.6,0,SUP-003,Nuwara Estates Ltd,0,0.0,0,0,451198.05,94.45,103.71,96.55,96.67,101.48,105.05,99.65,103.06,3.54,3954.3,-2.6516
2023-10-18,2023,10,18,2,4,0,291,94.45,4251.2,1231.7,18.94,15.3,2.8,0,SUP-004,Highlands Tea Farm,0,0.0,0,0,424854.24,92.42,100.96,103.71,96.55,103.35,111.33,98.38,102.65,3.59,3918.2,-6.4481
2023-10-19,2023,10,19,3,4,0,292,92.42,4168.5,1280.5,21.8,16.3,16.2,0,SUP-001,Perera Tea Estates,1,765.9,0,0,413167.67,96.72,94.45,100.96,103.71,101.36,102.97,97.1,102.05,3.93,3883.7,-2.1493
2023-10-20,2023,10,20,4,4,0,293,96.72,4267.0,1164.1,19.11,14.6,25.7,0,SUP-003,Nuwara Estates Ltd,1,656.0,0,0,434950.19,90.18,92.42,94.45,100.96,94.97,104.82,97.35,101.72,3.82,3923.2,4.6527
2023-10-21,2023,10,21,5,4,1,294,90.18,3481.5,541.6,21.55,15.1,27.6,0,SUP-002,Silva Green Leaves,1,698.7,1,0,325633.15,97.76,96.72,92.42,94.45,96.67,100.2,96.43,101.18,4.7,4001.2,-6.7618
2023-10-22,2023,10,22,6,4,1,295,97.76,3067.8,545.2,20.25,14.9,10.4,0,SUP-002,Silva Green Leaves,0,0.0,0,0,310948.43,99.08,90.18,96.72,92.42,96.55,105.72,96.6,100.82,4.73,3999.4,8.4054
2023-10-23,2023,10,23,0,4,0,296,99.08,4219.5,1245.0,21.71,15.9,4.4,0,SUP-001,Perera Tea Estates,1,820.8,0,0,445097.01,101.17,97.76,90.18,96.72,103.71,98.05,95.94,100.72,3.8,3954.4,1.3502
2023-10-24,2023,10,24,1,4,0,297,101.17,4264.5,1161.2,20.77,14.1,4.8,0,SUP-002,Silva Green Leaves,1,595.5,0,0,455557.59,102.32,99.08,97.76,90.18,100.96,101.48,95.97,100.53,3.85,3960.0,2.1094
2023-10-25,2023,10,25,2,4,0,298,102.32,4513.1,1205.9,20.85,17.0,3.1,0,SUP-005,Kandyan Leaf Growers,1,627.6,0,0,486923.41,95.29,101.17,99.08,97.76,94.45,103.35,97.09,100.47,4.44,3997.4,1.1367
2023-10-26,2023,10,26,3,4,0,299,95.29,4507.8,1176.5,20.45,15.6,22.9,0,SUP-001,Perera Tea Estates,1,746.6,1,0,453607.69,100.18,102.32,101.17,99.08,92.42,101.36,97.5,100.15,4.05,4045.9,-6.8706
2023-10-27,2023,10,27,4,4,0,300,100.18,4322.6,1302.9,20.7,16.4,1.7,0,SUP-002,Silva Green Leaves,0,0.0,0,0,460008.1,97.06,95.29,102.32,101.17,96.72,94.97,98.0,100.19,4.15,4053.8,5.1317
2023-10-28,2023,10,28,5,4,1,301,97.06,3403.8,693.8,19.98,16.5,1.8,0,SUP-003,Nuwara Estates Ltd,0,0.0,0,0,344234.95,92.53,100.18,95.29,102.32,90.18,96.67,98.98,100.02,2.46,4042.7,-3.1144
2023-10-29,2023,10,29,6,4,1,302,92.53,3362.3,637.0,20.51,17.6,9.5,0,SUP-001,Perera Tea Estates,0,0.0,0,0,324178.49,96.5,97.06,100.18,95.29,97.76,96.55,98.23,99.79,3.47,4084.8,-4.6672
2023-10-30,2023,10,30,0,4,0,303,96.5,4224.1,1134.2,21.03,15.3,8.4,0,SUP-002,Silva Green Leaves,1,683.6,0,0,431477.88,98.1,92.53,97.06,100.18,99.08,103.71,97.86,99.67,3.51,4085.5,4.2905
2023-10-31,2023,10,31,1,4,0,304,98.1,4442.4,1195.6,20.48,15.6,3.5,0,SUP-001,Perera Tea Estates,1,760.0,1,0,460285.33,97.1,96.5,92.53,97.06,101.17,100.96,97.43,99.49,3.2,4110.9,1.658
2023-11-01,2023,11,1,2,4,0,305,97.1,4290.4,1100.3,18.86,15.4,10.4,0,SUP-004,Highlands Tea Farm,1,449.0,0,1,437349.5,95.47,98.1,96.5,92.53,102.32,94.45,96.68,99.27,2.37,4079.1,-1.0194
2023-11-02,2023,11,2,3,4,0,306,95.47,4315.8,1316.0,18.71,14.4,27.1,0,SUP-001,Perera Tea Estates,1,804.8,1,1,436651.79,100.78,97.1,98.1,96.5,95.29,92.42,96.71,98.95,2.36,4051.6,-1.6787
2023-11-03,2023,11,3,4,4,0,307,100.78,4382.4,1228.8,21.69,16.2,9.7,0,SUP-005,Kandyan Leaf Growers,0,0.0,0,1,468310.94,96.89,95.47,97.1,98.1,100.18,96.72,96.79,98.6,2.51,4060.2,5.562
2023-11-04,2023,11,4,5,4,1,308,96.89,2839.4,643.0,22.53,15.4,4.9,0,SUP-003,Nuwara Estates Ltd,1,757.2,0,1,289596.26,92.91,100.78,95.47,97.1,97.06,90.18,96.77,98.39,2.51,3979.5,-3.8599
2023-11-05,2023,11,5,6,4,1,309,92.91,3205.3,693.9,21.96,16.2,3.5,0,SUP-005,Kandyan Leaf Growers,0,0.0,0,1,313042.47,91.36,96.89,100.78,95.47,92.53,97.76,96.82,98.0,2.4,3957.1,-4.1078
2023-11-06,2023,11,6,0,4,0,310,91.36,4375.7,1423.0,19.99,18.3,1.9,0,SUP-002,Silva Green Leaves,1,593.5,0,0,428209.72,96.29,92.91,96.89,100.78,96.5,99.08,96.09,97.7,3.18,3978.8,-1.6683
2023-11-07,2023,11,7,1,4,0,311,96.29,4221.0,1307.2,21.34,15.9,5.3,0,SUP-003,Nuwara Estates Ltd,1,831.5,0,0,434335.74,91.94,91.36,92.91,96.89,98.1,101.17,95.83,97.39,3.06,3947.1,5.3962
2023-11-08,2023,11,8,2,4,0,312,91.94,4325.6,1173.9,22.11,17.3,6.3,0,SUP-004,Highlands Tea Farm,1,572.1,0,0,423650.59,97.2,96.29,91.36,92.91,97.1,102.32,95.09,97.18,3.31,3952.2,-4.5176
2023-11-09,2023,11,9,3,4,0,313,97.2,4029.3,1305.7,19.54,14.9,9.3,0,SUP-001,Perera Tea Estates,0,0.0,0,0,417161.34,94.6,91.94,96.29,91.36,95.47,95.29,95.34,97.04,3.41,3911.2,5.7211
2023-11-10,2023,11,10,4,4,0,314,94.6,4259.2,1200.5,21.01,12.8,2.6,0,SUP-003,Nuwara Estates Ltd,0,0.0,0,0,428142.82,94.97,97.2,91.94,96.29,100.78,100.18,94.46,96.75,2.42,3893.6,-2.6749
2023-11-11,2023,11,11,5,4,1,315,94.97,2800.2,696.3,18.68,18.9,9.1,0,SUP-003,Nuwara Estates Ltd,1,709.3,0,0,278941.88,85.26,94.6,97.2,91.94,96.89,97.06,94.18,96.54,2.2,3888.0,0.3911
2023-11-12,2023,11,12,6,4,1,316,85.26,3069.6,605.5,20.56,16.8,4.3,0,SUP-005,Kandyan Leaf Growers,0,0.0,0,0,274163.18,96.65,94.97,94.6,97.2,92.91,92.53,93.09,96.21,4.05,3868.7,-10.2243
2023-11-13,2023,11,13,0,4,0,317,96.65,4338.7,1387.6,17.16,17.6,11.6,0,SUP-002,Silva Green Leaves,1,671.4,0,0,443146.57,96.04,85.26,94.97,94.6,91.36,96.5,93.84,96.21,4.17,3863.4,13.3591
2023-11-14,2023,11,14,1,4,0,318,96.04,4332.7,1283.1,21.16,17.0,16.7,0,SUP-004,Highlands Tea Farm,0,0.0,0,0,443262.9,95.73,96.65,85.26,94.97,96.29,98.1,93.81,96.2,4.15,3879.3,-0.6311
2023-11-15,2023,11,15,2,4,0,319,95.73,4418.1,1140.1,18.87,18.5,1.2,0,SUP-002,Silva Green Leaves,1,531.1,0,0,444458.4,89.86,96.04,96.65,85.26,91.94,97.1,94.35,95.93,4.11,3892.5,-0.3228
2023-11-16,2023,11,16,3,4,0,320,89.86,4631.4,1173.0,18.33,16.4,0.4,0,SUP-002,Silva Green Leaves,1,515.8,0,0,437678.69,92.43,95.73,96.04,96.65,97.2,95.47,93.3,95.56,4.2,3978.6,-6.1318
2023-11-17,2023,11,17,4,4,0,321,92.43,4367.0,1275.7,20.88,17.3,5.6,0,SUP-001,Perera Tea Estates,1,952.2,1,0,430278.43,88.15,89.86,95.73,96.04,94.6,100.78,92.99,95.49,4.16,3994.0,2.86
2023-11-18,2023,11,18,5,4,1,322,88.15,3244.6,602.3,20.28,16.9,4.6,0,SUP-002,Silva Green Leaves,0,0.0,1,0,298226.13,89.92,92.43,89.86,95.73,94.97,96.89,92.02,95.35,4.41,4057.4,-4.6305
2023-11-19,2023,11,19,6,4,1,323,89.92,2932.0,734.1,21.72,18.3,1.5,0,SUP-003,Nuwara Estates Ltd,0,0.0,0,0,279590.09,95.26,88.15,92.43,89.86,85.26,92.91,92.68,95.12,3.48,4037.8,2.0079
2023-11-20,2023,11,20,0,4,0,324,95.26,4309.1,1258.2,19.14,16.7,6.7,0,SUP-001,Perera Tea Estates,1,832.8,0,0,434566.81,98.87,89.92,88.15,92.43,96.65,91.36,92.48,95.29,3.24,4033.6,5.9386
2023-11-21,2023,11,21,1,4,0,325,98.87,4380.9,1307.8,20.1,18.9,0.3,0,SUP-005,Kandyan Leaf Growers,0,0.0,0,0,459426.36,91.43,95.26,89.92,88.15,96.04,96.29,92.89,95.33,3.88,4040.4,3.7896
2023-11-22,2023,11,22,2,4,0,326,91.43,4481.7,1321.6,19.25,15.1,13.8,0,SUP-001,Perera Tea Estates,1,823.0,0,0,435202.63,88.93,98.87,95.26,89.92,95.73,91.94,92.27,95.08,3.69,4049.5,-7.525
2023-11-23,2023,11,23,3,4,0,327,88.93,4230.2,1206.2,20.44,14.2,25.9,0,SUP-001,Perera Tea Estates,1,833.5,0,0,400846.41,93.56,91.43,98.87,95.26,89.86,97.2,92.14,94.67,3.8,3992.2,-2.7343
2023-11-24,2023,11,24,4,4,0,328,93.56,4209.5,1094.9,19.19,15.5,27.0,0,SUP-001,Perera Tea Estates,1,777.5,0,0,414851.95,87.41,88.93,91.43,98.87,92.43,94.6,92.3,94.38,3.84,3969.7,5.2063
2023-11-25,2023,11,25,5,4,1,329,87.41,2851.1,621.7,19.78,17.0,20.7,0,SUP-001,Perera Tea Estates,1,810.4,0,0,261511.88,90.2,93.56,88.93,91.43,88.15,94.97,92.2,94.11,3.98,3913.5,-6.5733
2023-11-26,2023,11,26,6,4,1,330,90.2,3363.7,685.7,18.61,14.6,36.3,1,SUP-004,Highlands Tea Farm,0,0.0,0,0,316166.62,97.56,87.41,93.56,88.93,89.92,85.26,92.24,93.78,3.96,3975.2,3.1919
2023-11-27,2023,11,27,0,4,0,331,97.56,4224.9,1259.4,19.4,19.6,2.5,0,SUP-003,Nuwara Estates Ltd,0,0.0,0,0,436613.6,94.41,90.2,87.41,93.56,95.26,96.65,92.57,93.8,4.33,3963.1,8.1596
2023-11-28,2023,11,28,1,4,0,332,94.41,4594.9,1202.2,18.25,18.8,6.2,0,SUP-002,Silva Green Leaves,1,561.3,0,0,455744.66,95.61,97.56,90.2,87.41,98.87,96.04,91.93,93.86,3.49,3993.7,-3.2288
2023-11-29,2023,11,29,2,4,0,333,95.61,4464.9,1294.0,18.83,19.0,2.3,0,SUP-003,Nuwara Estates Ltd,1,771.0,0,0,451255.11,92.06,94.41,97.56,90.2,91.43,95.73,92.53,93.83,3.74,3991.3,1.2711
2023-11-30,2023,11,30,3,4,0,334,92.06,4449.4,1309.8,18.87,20.4,4.0,0,SUP-003,Nuwara Estates Ltd,1,719.8,0,0,434327.69,93.78,95.61,94.41,97.56,88.93,89.86,92.97,93.63,3.41,4022.6,-3.713
2023-12-01,2023,12,1,4,4,0,335,93.78,4479.3,1306.2,19.21,15.1,2.3,0,SUP-001,Perera Tea Estates,1,867.5,0,1,445160.86,88.55,92.06,95.61,94.41,93.56,92.43,93.0,93.52,3.42,4061.2,1.8683
2023-12-02,2023,12,2,5,4,1,336,88.55,3190.2,667.6,21.36,14.9,5.4,0,SUP-003,Nuwara Estates Ltd,1,648.8,0,1,296752.15,89.83,93.78,92.06,95.61,87.41,88.15,93.17,93.29,3.12,4109.6,-5.5769
2023-12-03,2023,12,3,6,4,1,337,89.83,3328.6,542.5,20.94,17.4,2.5,0,SUP-004,Highlands Tea Farm,0,0.0,0,1,310368.09,94.85,88.55,93.78,92.06,90.2,89.92,93.11,92.92,3.18,4104.6,1.4455
2023-12-04,2023,12,4,0,4,0,338,94.85,4414.7,1308.3,19.45,16.6,20.8,0,SUP-002,Silva Green Leaves,1,620.4,0,1,444180.73,100.86,89.83,88.55,93.78,97.56,95.26,92.73,92.85,2.68,4131.7,5.5883
2023-12-05,2023,12,5,1,4,0,339,100.86,4444.2,1122.6,19.04,18.9,3.8,0,SUP-003,Nuwara Estates Ltd,1,817.0,0,1,469616.32,94.92,94.85,89.83,88.55,94.41,98.87,93.65,93.12,4.09,4110.2,6.3363
2023-12-06,2023,12,6,2,4,0,340,94.92,4479.1,1314.8,19.05,15.7,13.2,0,SUP-005,Kandyan Leaf Growers,1,617.6,0,0,450203.11,94.72,100.86,94.85,89.83,95.61,91.43,93.55,93.24,4.04,4112.2,-5.8894
2023-12-07,2023,12,7,3,4,0,341,94.72,4326.4,1290.4,20.99,18.6,41.8,1,SUP-001,Perera Tea Estates,1,896.3,0,0,436882.1,93.09,94.92,100.86,94.85,92.06,88.93,93.93,93.19,4.01,4094.6,-0.2107
2023-12-08,2023,12,8,4,4,0,342,93.09,4431.6,1329.9,20.0,16.9,4.7,0,SUP-002,Silva Green Leaves,1,465.7,0,0,439135.64,84.02,94.72,94.92,100.86,93.78,93.56,93.83,93.22,4.02,4087.8,-1.7209
2023-12-09,2023,12,9,5,4,1,343,84.02,3212.2,780.3,20.66,19.0,4.6,0,SUP-001,Perera Tea Estates,1,825.7,0,0,286010.04,92.21,93.09,94.72,94.92,88.55,87.41,93.18,92.78,5.2,4091.0,-9.7433
2023-12-10,2023,12,10,6,4,1,344,92.21,3064.6,679.2,19.5,18.7,4.7,0,SUP-002,Silva Green Leaves,0,0.0,0,0,295831.17,88.69,84.02,93.09,94.72,89.83,90.2,93.52,92.7,5.02,4053.3,9.7477
2023-12-11,2023,12,11,0,4,0,345,88.69,4784.4,1421.7,21.21,17.9,27.7,0,SUP-003,Nuwara Estates Ltd,1,701.0,0,0,454482.69,95.26,92.21,84.02,93.09,94.85,97.56,92.64,92.5,5.28,4106.1,-3.8174
2023-12-12,2023,12,12,1,4,0,346,95.26,4531.7,1098.6,18.82,19.3,22.4,0,SUP-002,Silva Green Leaves,1,601.3,0,0,452365.39,94.43,88.69,92.21,84.02,100.86,94.41,91.84,92.83,4.13,4118.6,7.4078
2023-12-13,2023,12,13,2,4,0,347,94.43,4389.5,1213.6,19.88,16.8,14.0,0,SUP-001,Perera Tea Estates,1,830.0,0,0,438626.85,95.46,95.26,88.69,92.21,94.92,95.61,91.77,92.75,4.07,4105.8,-0.8713
2023-12-14,2023,12,14,3,4,0,348,95.46,4484.3,1211.9,21.0,19.2,20.6,0,SUP-004,Highlands Tea Farm,0,0.0,0,0,453521.18,94.04,94.43,95.26,88.69,94.72,92.06,91.88,92.74,4.17,4128.3,1.0908
2023-12-15,2023,12,15,4,4,0,349,94.04,4309.3,1375.3,18.23,19.6,1.4,0,SUP-003,Nuwara Estates Ltd,1,817.2,0,0,430318.29,100.01,95.46,94.43,95.26,93.09,93.78,92.02,92.68,4.23,4110.9,-1.4875
2023-12-16,2023,12,16,5,4,1,350,100.01,3218.8,600.3,19.46,20.2,7.0,0,SUP-003,Nuwara Estates Ltd,1,686.2,0,0,333594.03,92.89,94.04,95.46,94.43,84.02,88.55,94.3,93.02,3.44,4111.8,6.3484
2023-12-17,2023,12,17,6,4,1,351,92.89,3345.2,728.2,22.09,18.4,7.8,0,SUP-004,Highlands Tea Farm,0,0.0,0,0,326821.57,98.95,100.01,94.04,95.46,92.21,89.83,94.4,93.03,3.38,4151.9,-7.1193
2023-12-18,2023,12,18,0,4,0,352,98.95,4429.4,1430.9,20.94,18.7,1.2,0,SUP-003,Nuwara Estates Ltd,1,658.0,0,0,468252.18,100.26,92.89,100.01,94.04,88.69,94.85,95.86,93.39,2.63,4101.2,6.5238
2023-12-19,2023,12,19,1,4,0,353,100.26,4554.9,1284.3,21.75,21.0,10.7,0,SUP-003,Nuwara Estates Ltd,1,666.8,0,0,484607.8,100.46,98.95,92.89,100.01,95.26,100.86,96.58,93.74,3.08,4104.5,1.3239
2023-12-20,2023,12,20,2,4,0,354,100.46,4498.6,1244.4,20.54,20.7,14.7,0,SUP-005,Kandyan Leaf Growers,0,0.0,1,0,477489.33,88.75,100.26,98.95,92.89,94.43,94.92,97.44,93.91,3.22,4120.1,0.1995
2023-12-21,2023,12,21,3,4,0,355,88.75,4736.1,1341.0,21.15,18.3,7.2,0,SUP-005,Kandyan Leaf Growers,1,660.2,1,0,448691.03,92.72,100.46,100.26,98.95,95.46,94.72,96.48,93.57,4.61,4156.0,-11.6564
2023-12-22,2023,12,22,4,4,0,356,92.72,4590.0,1242.7,20.04,19.9,42.1,1,SUP-003,Nuwara Estates Ltd,1,692.4,0,0,450488.51,96.86,88.75,100.46,100.26,94.04,93.09,96.29,93.62,4.75,4196.1,4.4732
2023-12-23,2023,12,23,5,4,1,357,96.86,3069.8,799.8,20.96,20.6,6.4,0,SUP-005,Kandyan Leaf Growers,1,710.8,0,0,314104.64,93.68,92.72,88.75,100.46,100.01,84.02,95.84,93.88,4.48,4174.9,4.4651
2023-12-24,2023,12,24,6,4,1,358,93.68,3638.4,688.7,22.32,17.5,3.6,0,SUP-002,Silva Green Leaves,0,0.0,1,0,356217.1,99.54,96.86,92.72,88.75,92.89,92.21,95.95,93.88,4.4,4216.7,-3.2831
2023-12-25,2023,12,25,0,4,0,359,99.54,4524.2,1430.8,19.6,21.1,0.4,0,SUP-002,Silva Green Leaves,1,624.8,0,0,478382.55,98.27,93.68,96.86,92.72,98.95,88.69,96.04,94.29,4.47,4230.3,6.2553
2023-12-26,2023,12,26,1,4,0,360,98.27,4199.2,1091.4,19.8,20.9,53.2,1,SUP-003,Nuwara Estates Ltd,1,743.3,0,0,434265.1,101.21,99.54,93.68,96.86,100.26,95.26,95.75,94.56,4.21,4179.5,-1.2759
2023-12-27,2023,12,27,2,4,0,361,101.21,4187.7,1336.8,20.86,21.7,29.8,0,SUP-005,Kandyan Leaf Growers,1,642.3,0,0,451722.76,92.14,98.27,99.54,93.68,100.46,94.43,95.86,94.68,4.36,4135.1,2.9918
2023-12-28,2023,12,28,3,4,0,362,92.14,4514.1,1276.9,18.91,19.6,12.5,0,SUP-003,Nuwara Estates Ltd,1,659.9,1,0,440075.35,95.25,101.21,98.27,99.54,88.75,95.46,96.35,94.6,3.55,4103.3,-8.9616
2023-12-29,2023,12,29,4,4,0,363,95.25,4476.0,1386.2,21.7,18.4,8.0,0,SUP-002,Silva Green Leaves,1,661.3,0,0,456419.54,93.92,92.14,101.21,98.27,92.72,94.04,96.71,94.59,3.24,4087.1,3.3753
2023-12-30,2023,12,30,5,4,1,364,93.92,3130.4,598.6,17.19,18.8,1.3,0,SUP-003,Nuwara Estates Ltd,1,757.9,1,0,304297.1,88.77,95.25,92.14,101.21,96.86,100.01,96.29,94.65,3.4,4095.7,-1.3963
